============================================================
  Generated by:           Genus(TM) Synthesis Solution 22.16-s078_1
  Generated on:           Sep 24 2026  02:05:27 am
  Module:                 lstm_network
  Operating conditions:   PVT_1P32V_0C (balanced_tree)
  Wireload mode:          enclosed
  Area mode:              timing library
============================================================


Path 1: MET (0 ps) Setup Check with Pin lstm_inst/h_curr_reg[1][31]/CK->D
          Group: clock
     Startpoint: (R) lstm_inst/timestep_reg[0]/CK
          Clock: (R) clock
       Endpoint: (F) lstm_inst/h_curr_reg[1][31]/D
          Clock: (R) clock

                     Capture       Launch     
        Clock Edge:+   10000            0     
       Src Latency:+       0            0     
       Net Latency:+       0 (I)        0 (I) 
           Arrival:=   10000            0     
                                              
             Setup:-      11                  
     Required Time:=    9989                  
      Launch Clock:-       0                  
         Data Path:-    9989                  
             Slack:=       0                  

#----------------------------------------------------------------------------------------------------------------------------------------------------------------------------------
#                                              Timing Point                                               Flags    Arc   Edge   Cell      Fanout Load Trans Delay Arrival Instance 
#                                                                                                                                                (fF)  (ps)  (ps)   (ps)  Location 
#----------------------------------------------------------------------------------------------------------------------------------------------------------------------------------
  lstm_inst/timestep_reg[0]/CK                                                                            -       -      R     (arrival)  133661    -     0     0       0    (-,-) 
  lstm_inst/timestep_reg[0]/Q                                                                             -       CK->Q  R     DFFRHQX8       12 16.0    19    60      60    (-,-) 
  lstm_inst/fopt11303/Y                                                                                   -       A->Y   F     CLKINVX4        2  1.8     7     8      68    (-,-) 
  lstm_inst/g367/Y                                                                                        -       B->Y   R     NAND2X2         5  3.3    15    10      78    (-,-) 
  lstm_inst/g522/Y                                                                                        -       A->Y   F     INVX2           6  2.2    10    10      88    (-,-) 
  lstm_inst/g10067/Y                                                                                      -       A1->Y  R     AOI22X1         1  1.0    22    20     108    (-,-) 
  lstm_inst/g9694/Y                                                                                       -       C->Y   F     NAND3X2         2  1.8    26    20     128    (-,-) 
  lstm_inst/cell_inst/g2/Y                                                                                -       A->Y   F     BUFX6          18  6.8    11    21     149    (-,-) 
  lstm_inst/cell_inst/GEN_LSTM_NEURONS[1].neuron/g30/Y                                                    -       A->Y   F     BUFX3           2  1.2     5    17     166    (-,-) 
  lstm_inst/cell_inst/GEN_LSTM_NEURONS[1].neuron/g28/Y                                                    -       A->Y   F     BUFX2           2  0.8     5    17     183    (-,-) 
  lstm_inst/cell_inst/GEN_LSTM_NEURONS[1].neuron/g27/Y                                                    -       A->Y   F     BUFX3          17  5.8    14    21     204    (-,-) 
  lstm_inst/cell_inst/GEN_LSTM_NEURONS[1].neuron/mac_i/mul_110_25_I1_g28468/Y                             -       A->Y   R     INVX2          16  4.8    16    13     217    (-,-) 
  lstm_inst/cell_inst/GEN_LSTM_NEURONS[1].neuron/mac_i/g33917/Y                                           -       A1->Y  R     OA22X1          2  0.8     8    28     245    (-,-) 
  lstm_inst/cell_inst/GEN_LSTM_NEURONS[1].neuron/mac_i/mul_110_25_I1_g26695/Y                             -       B->Y   F     NOR2BX1         1  0.3     7     6     252    (-,-) 
  lstm_inst/cell_inst/GEN_LSTM_NEURONS[1].neuron/mac_i/g33830/Y                                           -       B0->Y  R     AOI2BB1XL       2  0.6    16    14     266    (-,-) 
  lstm_inst/cell_inst/GEN_LSTM_NEURONS[1].neuron/mac_i/g32441/Y                                           -       A->Y   F     XOR2XL          1  0.6     8    32     298    (-,-) 
  lstm_inst/cell_inst/GEN_LSTM_NEURONS[1].neuron/mac_i/mul_110_25_I1_g29896/Y                             -       B->Y   R     XOR2XL          3  1.5    17    25     323    (-,-) 
  lstm_inst/cell_inst/GEN_LSTM_NEURONS[1].neuron/mac_i/mul_110_25_I1_g23589/Y                             -       B->Y   F     NOR2XL          1  0.5    11    10     333    (-,-) 
  lstm_inst/cell_inst/GEN_LSTM_NEURONS[1].neuron/mac_i/mul_110_25_I1_g23409/Y                             -       A1->Y  R     OAI21X1         2  0.9    19    16     348    (-,-) 
  lstm_inst/cell_inst/GEN_LSTM_NEURONS[1].neuron/mac_i/g3/Y                                               -       B->Y   F     XOR2XL          1  0.5     7    26     374    (-,-) 
  lstm_inst/cell_inst/GEN_LSTM_NEURONS[1].neuron/mac_i/g32313/Y                                           -       S0->Y  F     MXI2XL          3  1.2    28    23     397    (-,-) 
  lstm_inst/cell_inst/GEN_LSTM_NEURONS[1].neuron/mac_i/mul_110_25_I1_g29681/Y                             -       A->Y   R     XOR3X1          3  0.9     9    53     450    (-,-) 
  lstm_inst/cell_inst/GEN_LSTM_NEURONS[1].neuron/mac_i/mul_110_25_I1_g22179/Y                             -       A1N->Y R     OAI2BB1X1       2  0.8    10    21     471    (-,-) 
  lstm_inst/cell_inst/GEN_LSTM_NEURONS[1].neuron/mac_i/mul_110_25_I1_g22172/Y                             -       A->Y   F     INVXL           1  0.4     5     7     478    (-,-) 
  lstm_inst/cell_inst/GEN_LSTM_NEURONS[1].neuron/mac_i/mul_110_25_I1_g22073/Y                             -       B1->Y  R     AOI22X1         1  1.1    25    16     494    (-,-) 
  lstm_inst/cell_inst/GEN_LSTM_NEURONS[1].neuron/mac_i/mul_110_25_I1_g22042/Y                             -       A->Y   F     NAND2X2         1  1.8    16    16     510    (-,-) 
  lstm_inst/cell_inst/GEN_LSTM_NEURONS[1].neuron/mac_i/mul_110_25_I1_g22021/Y                             -       B->Y   R     NOR2X4          4  3.2    14    12     522    (-,-) 
  lstm_inst/cell_inst/GEN_LSTM_NEURONS[1].neuron/mac_i/mul_110_25_I1_g22020/Y                             -       A->Y   F     INVX2           2  1.0     6     8     530    (-,-) 
  lstm_inst/cell_inst/GEN_LSTM_NEURONS[1].neuron/mac_i/mul_110_25_I1_g22000/Y                             -       A1->Y  R     AOI21X1         1  0.8    16    14     544    (-,-) 
  lstm_inst/cell_inst/GEN_LSTM_NEURONS[1].neuron/mac_i/mul_110_25_I1_g21991/Y                             -       S0->Y  R     MXI2X1          1  1.2    23    21     565    (-,-) 
  lstm_inst/cell_inst/GEN_LSTM_NEURONS[1].neuron/mac_i/csa_tree_add_111_23_I6_pad_groupi_cdnfadd_025_11/S -       B->S   F     ADDFX1          1  1.1    11    52     617    (-,-) 
  lstm_inst/cell_inst/GEN_LSTM_NEURONS[1].neuron/mac_i/csa_tree_add_111_23_I6_pad_groupi_cdnfadd_025_14/S -       B->S   R     ADDFX1          1  0.8     9    51     668    (-,-) 
  lstm_inst/cell_inst/GEN_LSTM_NEURONS[1].neuron/mac_i/csa_tree_add_111_23_I6_pad_groupi_cdnfadd_025_15/S -       CI->S  F     ADDFX1          2  1.4    13    48     716    (-,-) 
  lstm_inst/cell_inst/GEN_LSTM_NEURONS[1].neuron/mac_i/csa_tree_add_111_23_I6_pad_groupi_g18154/Y         -       B->Y   R     NOR2X2          3  1.9    16    13     729    (-,-) 
  lstm_inst/cell_inst/GEN_LSTM_NEURONS[1].neuron/mac_i/csa_tree_add_111_23_I6_pad_groupi_g18139/Y         -       A0->Y  F     OAI21X2         2  2.7    23    21     750    (-,-) 
  lstm_inst/cell_inst/GEN_LSTM_NEURONS[1].neuron/mac_i/csa_tree_add_111_23_I6_pad_groupi_g18125/Y         -       A1->Y  R     AOI21X4         2  2.2    14    14     764    (-,-) 
  lstm_inst/cell_inst/GEN_LSTM_NEURONS[1].neuron/mac_i/csa_tree_add_111_23_I6_pad_groupi_g18101/Y         -       A0->Y  F     OAI21X2         2  1.3    16    17     781    (-,-) 
  lstm_inst/cell_inst/GEN_LSTM_NEURONS[1].neuron/mac_i/csa_tree_add_111_23_I6_pad_groupi_g17992/Y         -       A0->Y  R     AOI21X2         2  1.4    16    16     797    (-,-) 
  lstm_inst/cell_inst/GEN_LSTM_NEURONS[1].neuron/mac_i/csa_tree_add_111_23_I6_pad_groupi_g17961/Y         -       A0->Y  F     OAI21X2         2  1.3    16    17     814    (-,-) 
  lstm_inst/cell_inst/GEN_LSTM_NEURONS[1].neuron/mac_i/csa_tree_add_111_23_I6_pad_groupi_g17937/Y         -       A1->Y  R     AOI21X2         2  1.5    16    15     829    (-,-) 
  lstm_inst/cell_inst/GEN_LSTM_NEURONS[1].neuron/mac_i/csa_tree_add_111_23_I6_pad_groupi_g17880/Y         -       A->Y   R     CLKBUFX6        5  4.0     8    17     846    (-,-) 
  lstm_inst/cell_inst/GEN_LSTM_NEURONS[1].neuron/mac_i/csa_tree_add_111_23_I6_pad_groupi_g17879/Y         -       A->Y   F     INVX3           2  1.5     5     7     853    (-,-) 
  lstm_inst/cell_inst/GEN_LSTM_NEURONS[1].neuron/mac_i/csa_tree_add_111_23_I6_pad_groupi_g17856/Y         -       A1->Y  R     AOI21X2         2  1.1    16    12     865    (-,-) 
  lstm_inst/cell_inst/GEN_LSTM_NEURONS[1].neuron/mac_i/csa_tree_add_111_23_I6_pad_groupi_g17826/Y         -       A1->Y  F     OAI21XL         1  0.5    17    15     880    (-,-) 
  lstm_inst/cell_inst/GEN_LSTM_NEURONS[1].neuron/mac_i/csa_tree_add_111_23_I6_pad_groupi_g17808/Y         -       B->Y   R     XNOR2X2        13  5.9    22    41     921    (-,-) 
  lstm_inst/cell_inst/GEN_LSTM_NEURONS[1].neuron/sig_i/square_mul_26_22_g7541/Y                           -       A->Y   F     INVX3          10  4.2    13    11     932    (-,-) 
  lstm_inst/cell_inst/GEN_LSTM_NEURONS[1].neuron/sig_i/square_mul_26_22_g7540/Y                           -       A->Y   R     INVX1           7  2.3    16    13     945    (-,-) 
  lstm_inst/cell_inst/GEN_LSTM_NEURONS[1].neuron/sig_i/square_mul_26_22_g7082/Y                           -       B->Y   R     AND2X1          1  1.2     9    23     968    (-,-) 
  lstm_inst/cell_inst/GEN_LSTM_NEURONS[1].neuron/sig_i/square_mul_26_22_cdnfadd_026_0/CO                  -       A->CO  R     ADDFX1          1  1.2    11    32    1000    (-,-) 
  lstm_inst/cell_inst/GEN_LSTM_NEURONS[1].neuron/sig_i/square_mul_26_22_cdnfadd_027_4/S                   -       B->S   F     ADDFXL          1  1.1    13    46    1046    (-,-) 
  lstm_inst/cell_inst/GEN_LSTM_NEURONS[1].neuron/sig_i/square_mul_26_22_cdnfadd_027_7/S                   -       B->S   R     ADDFXL          1  1.2    14    48    1094    (-,-) 
  lstm_inst/cell_inst/GEN_LSTM_NEURONS[1].neuron/sig_i/square_mul_26_22_cdnfadd_027_9/S                   -       B->S   F     ADDFXL          1  0.8    10    45    1139    (-,-) 
  lstm_inst/cell_inst/GEN_LSTM_NEURONS[1].neuron/sig_i/square_mul_26_22_cdnfadd_027_10/S                  -       CI->S  R     ADDFX1          2  1.5    13    50    1189    (-,-) 
  lstm_inst/cell_inst/GEN_LSTM_NEURONS[1].neuron/sig_i/square_mul_26_22_g6303/Y                           -       B->Y   F     NOR2X2          3  1.7    10     9    1198    (-,-) 
  lstm_inst/cell_inst/GEN_LSTM_NEURONS[1].neuron/sig_i/square_mul_26_22_g6255/Y                           -       B->Y   R     NOR2X1          1  0.3     9     9    1207    (-,-) 
  lstm_inst/cell_inst/GEN_LSTM_NEURONS[1].neuron/sig_i/g65611/Y                                           -       B->Y   R     AND2X1          1  2.1    14    25    1232    (-,-) 
  lstm_inst/cell_inst/GEN_LSTM_NEURONS[1].neuron/sig_i/square_mul_26_22_g6211/Y                           -       A0->Y  F     AOI211X4        4  3.1    23    21    1253    (-,-) 
  lstm_inst/cell_inst/GEN_LSTM_NEURONS[1].neuron/sig_i/square_mul_26_22_g6189/Y                           -       A1->Y  R     OAI21X1         2  1.0    22    19    1273    (-,-) 
  lstm_inst/cell_inst/GEN_LSTM_NEURONS[1].neuron/sig_i/square_mul_26_22_g6188/Y                           -       A->Y   F     INVX1           2  0.6     8    10    1282    (-,-) 
  lstm_inst/cell_inst/GEN_LSTM_NEURONS[1].neuron/sig_i/square_mul_26_22_g7576/Y                           -       AN->Y  F     NAND2BX1        1  1.8    22    24    1307    (-,-) 
  lstm_inst/cell_inst/GEN_LSTM_NEURONS[1].neuron/sig_i/square_mul_26_22_g6173/Y                           -       B->Y   R     NAND2BX4       27 10.9    21    16    1322    (-,-) 
  lstm_inst/cell_inst/GEN_LSTM_NEURONS[1].neuron/sig_i/mul_28_23_g27175/Y                                 -       A->Y   F     INVX2          18  5.5    20    16    1338    (-,-) 
  lstm_inst/cell_inst/GEN_LSTM_NEURONS[1].neuron/sig_i/mul_28_23_g26495/Y                                 -       A1N->Y F     AOI2BB1X1       2  0.9    11    24    1362    (-,-) 
  lstm_inst/cell_inst/GEN_LSTM_NEURONS[1].neuron/sig_i/mul_28_23_g24717/Y                                 -       A1->Y  R     OAI21X1         2  1.1    23    17    1379    (-,-) 
  lstm_inst/cell_inst/GEN_LSTM_NEURONS[1].neuron/sig_i/mul_28_23_g27474/Y                                 -       B->Y   R     XOR2XL          1  0.3     5    19    1398    (-,-) 
  lstm_inst/cell_inst/GEN_LSTM_NEURONS[1].neuron/sig_i/mul_28_23_g27466/Y                                 -       A->Y   F     XNOR2X1         2  0.9     8    34    1432    (-,-) 
  lstm_inst/cell_inst/GEN_LSTM_NEURONS[1].neuron/sig_i/mul_28_23_g23286/Y                                 -       A->Y   R     XOR3XL          2  0.9    12    52    1484    (-,-) 
  lstm_inst/cell_inst/GEN_LSTM_NEURONS[1].neuron/sig_i/mul_28_23_g22727/Y                                 -       S0->Y  R     MXI2XL          1  0.3    16    15    1499    (-,-) 
  lstm_inst/cell_inst/GEN_LSTM_NEURONS[1].neuron/sig_i/mul_28_23_g27359/Y                                 -       A->Y   F     XNOR2X1         3  1.2    10    36    1535    (-,-) 
  lstm_inst/cell_inst/GEN_LSTM_NEURONS[1].neuron/sig_i/mul_28_23_g22007/Y                                 -       A->Y   R     XNOR3XL         2  1.4    17    55    1590    (-,-) 
  lstm_inst/cell_inst/GEN_LSTM_NEURONS[1].neuron/sig_i/mul_28_23_g21787/Y                                 -       B->Y   F     XOR3XL          2  0.8     9    36    1626    (-,-) 
  lstm_inst/cell_inst/GEN_LSTM_NEURONS[1].neuron/sig_i/mul_28_23_g21732/Y                                 -       B->Y   R     NAND2BX1        4  1.8    15    11    1637    (-,-) 
  lstm_inst/cell_inst/GEN_LSTM_NEURONS[1].neuron/sig_i/mul_28_23_g21706/Y                                 -       B->Y   F     NAND2X1         1  1.0    16    14    1651    (-,-) 
  lstm_inst/cell_inst/GEN_LSTM_NEURONS[1].neuron/sig_i/mul_28_23_g21661/Y                                 -       B->Y   R     NOR3X2          1  1.0    18    18    1669    (-,-) 
  lstm_inst/cell_inst/GEN_LSTM_NEURONS[1].neuron/sig_i/mul_28_23_g21616/Y                                 -       C->Y   F     NOR3X2          2  1.2    11    10    1679    (-,-) 
  lstm_inst/cell_inst/GEN_LSTM_NEURONS[1].neuron/sig_i/mul_28_23_g21599/Y                                 -       B->Y   R     NOR2X2          2  1.5    13    12    1690    (-,-) 
  lstm_inst/cell_inst/GEN_LSTM_NEURONS[1].neuron/sig_i/mul_28_23_g21583/Y                                 -       A1->Y  F     AOI21X2         3  1.7    19    17    1707    (-,-) 
  lstm_inst/cell_inst/GEN_LSTM_NEURONS[1].neuron/sig_i/mul_28_23_g21579/Y                                 -       A->Y   R     INVX2           1  1.1     7     8    1715    (-,-) 
  lstm_inst/cell_inst/GEN_LSTM_NEURONS[1].neuron/sig_i/mul_28_23_g21572/Y                                 -       A->Y   F     NAND3X2         1  1.8    24    21    1736    (-,-) 
  lstm_inst/cell_inst/GEN_LSTM_NEURONS[1].neuron/sig_i/mul_28_23_g21556/Y                                 -       B->Y   R     NAND3X4         4  3.3    13    12    1748    (-,-) 
  lstm_inst/cell_inst/GEN_LSTM_NEURONS[1].neuron/sig_i/mul_28_23_g21537/Y                                 -       A1->Y  F     AOI21X2         3  1.3    17    16    1763    (-,-) 
  lstm_inst/cell_inst/GEN_LSTM_NEURONS[1].neuron/sig_i/mul_28_23_g21536/Y                                 -       A->Y   R     INVX1           2  1.1    10    10    1773    (-,-) 
  lstm_inst/cell_inst/GEN_LSTM_NEURONS[1].neuron/sig_i/mul_28_23_g21524/Y                                 -       A1N->Y R     OAI2BB1X1       2  0.9    10    21    1794    (-,-) 
  lstm_inst/cell_inst/GEN_LSTM_NEURONS[1].neuron/sig_i/mul_28_23_g21505/Y                                 -       A1->Y  F     AOI21XL         1  0.6    19    16    1810    (-,-) 
  lstm_inst/cell_inst/GEN_LSTM_NEURONS[1].neuron/sig_i/mul_28_23_g21498/Y                                 -       B->Y   R     XNOR2X1         4  2.4    16    33    1843    (-,-) 
  lstm_inst/cell_inst/GEN_LSTM_NEURONS[1].neuron/sig_i/mul_30_23_g15544/Y                                 -       A->Y   F     INVX3          14  4.8    13    11    1855    (-,-) 
  lstm_inst/cell_inst/GEN_LSTM_NEURONS[1].neuron/sig_i/mul_30_23_g14306/Y                                 -       A->Y   R     MXI2XL          2  1.0    29    22    1877    (-,-) 
  lstm_inst/cell_inst/GEN_LSTM_NEURONS[1].neuron/sig_i/mul_30_23_g13534/Y                                 -       A1->Y  F     OAI21X1         1  1.1    22    19    1896    (-,-) 
  lstm_inst/cell_inst/GEN_LSTM_NEURONS[1].neuron/sig_i/mul_30_23_cdnfadd_037_3/S                          -       B->S   R     ADDFX1          1  1.2    11    53    1949    (-,-) 
  lstm_inst/cell_inst/GEN_LSTM_NEURONS[1].neuron/sig_i/mul_30_23_cdnfadd_037_7/S                          -       B->S   F     ADDFXL          1  0.8    10    44    1994    (-,-) 
  lstm_inst/cell_inst/GEN_LSTM_NEURONS[1].neuron/sig_i/mul_30_23_cdnfadd_037_9/CO                         -       CI->CO F     ADDFX1          1  0.8    10    33    2027    (-,-) 
  lstm_inst/cell_inst/GEN_LSTM_NEURONS[1].neuron/sig_i/mul_30_23_cdnfadd_038_10/S                         -       CI->S  R     ADDFXL          1  0.8    11    43    2069    (-,-) 
  lstm_inst/cell_inst/GEN_LSTM_NEURONS[1].neuron/sig_i/mul_30_23_cdnfadd_038_11/S                         -       CI->S  F     ADDFX1          2  0.9    10    47    2116    (-,-) 
  lstm_inst/cell_inst/GEN_LSTM_NEURONS[1].neuron/sig_i/mul_30_23_g12850/Y                                 -       B->Y   R     NAND2X1         3  1.3    12    10    2126    (-,-) 
  lstm_inst/cell_inst/GEN_LSTM_NEURONS[1].neuron/sig_i/mul_30_23_g12819/Y                                 -       A->Y   F     NAND2X1         1  1.0    15    14    2141    (-,-) 
  lstm_inst/cell_inst/GEN_LSTM_NEURONS[1].neuron/sig_i/mul_30_23_g12768/Y                                 -       A->Y   R     NOR2X2          1  1.1    11    12    2153    (-,-) 
  lstm_inst/cell_inst/GEN_LSTM_NEURONS[1].neuron/sig_i/mul_30_23_g12738/Y                                 -       A0->Y  F     AOI21X2         2  1.3    16    16    2170    (-,-) 
  lstm_inst/cell_inst/GEN_LSTM_NEURONS[1].neuron/sig_i/mul_30_23_g12696/Y                                 -       B0->Y  R     AOI21X1         1  1.0    20    17    2186    (-,-) 
  lstm_inst/cell_inst/GEN_LSTM_NEURONS[1].neuron/sig_i/mul_30_23_g12668/Y                                 -       B0->Y  F     AOI21X2         2  1.2    16     9    2196    (-,-) 
  lstm_inst/cell_inst/GEN_LSTM_NEURONS[1].neuron/sig_i/mul_30_23_g12660/Y                                 -       B0->Y  R     AOI21X2         3  1.8    18    15    2211    (-,-) 
  lstm_inst/cell_inst/GEN_LSTM_NEURONS[1].neuron/sig_i/mul_30_23_g12656/Y                                 -       A->Y   F     INVX2           4  2.0     9    10    2221    (-,-) 
  lstm_inst/cell_inst/GEN_LSTM_NEURONS[1].neuron/sig_i/mul_30_23_g12639/Y                                 -       A1->Y  R     AOI21X1         2  0.8    18    14    2235    (-,-) 
  lstm_inst/cell_inst/GEN_LSTM_NEURONS[1].neuron/sig_i/mul_30_23_g12638/Y                                 -       A->Y   F     INVX1           3  1.3    11    11    2246    (-,-) 
  lstm_inst/cell_inst/GEN_LSTM_NEURONS[1].neuron/sig_i/mul_30_23_g12623/Y                                 -       B->Y   F     XNOR2X2        19  6.8    25    40    2286    (-,-) 
  lstm_inst/cell_inst/GEN_LSTM_NEURONS[1].neuron/sig_i/mul_32_23_g26609/Y                                 -       A->Y   R     INVX3          16  4.8    14    12    2298    (-,-) 
  lstm_inst/cell_inst/GEN_LSTM_NEURONS[1].neuron/sig_i/mul_32_23_g25551/Y                                 -       B->Y   F     MXI2XL          2  1.0    30    21    2319    (-,-) 
  lstm_inst/cell_inst/GEN_LSTM_NEURONS[1].neuron/sig_i/mul_32_23_g24950/Y                                 -       B->Y   R     NAND2X1         1  0.5    15    12    2330    (-,-) 
  lstm_inst/cell_inst/GEN_LSTM_NEURONS[1].neuron/sig_i/mul_32_23_g24411/Y                                 -       B0->Y  F     OAI21X1         3  1.7    30    21    2352    (-,-) 
  lstm_inst/cell_inst/GEN_LSTM_NEURONS[1].neuron/sig_i/mul_32_23_g23905/Y                                 -       B->Y   R     NOR2X1          1  0.5    14    15    2367    (-,-) 
  lstm_inst/cell_inst/GEN_LSTM_NEURONS[1].neuron/sig_i/mul_32_23_g23551/Y                                 -       A0->Y  F     OAI21X1         3  1.1    20    19    2386    (-,-) 
  lstm_inst/cell_inst/GEN_LSTM_NEURONS[1].neuron/sig_i/mul_32_23_g23235/Y                                 -       B->Y   R     NOR2XL          1  0.5    15    15    2400    (-,-) 
  lstm_inst/cell_inst/GEN_LSTM_NEURONS[1].neuron/sig_i/mul_32_23_g22651/Y                                 -       A1->Y  F     OAI21X1         3  1.1    20    16    2417    (-,-) 
  lstm_inst/cell_inst/GEN_LSTM_NEURONS[1].neuron/sig_i/mul_32_23_g22272/Y                                 -       S0->Y  F     MXI2XL          1  0.6    21    19    2436    (-,-) 
  lstm_inst/cell_inst/GEN_LSTM_NEURONS[1].neuron/sig_i/mul_32_23_g22179/Y                                 -       B->Y   R     XNOR2X1         3  1.8    13    31    2467    (-,-) 
  lstm_inst/cell_inst/GEN_LSTM_NEURONS[1].neuron/sig_i/mul_32_23_g26682/Y                                 -       AN->Y  R     NOR2BX1         1  0.5    11    18    2485    (-,-) 
  lstm_inst/cell_inst/GEN_LSTM_NEURONS[1].neuron/sig_i/mul_32_23_g21828/Y                                 -       A->Y   F     NOR2X1          2  0.9    10    10    2495    (-,-) 
  lstm_inst/cell_inst/GEN_LSTM_NEURONS[1].neuron/sig_i/g65438/Y                                           -       B->Y   R     XNOR2XL         1  0.6     8    25    2521    (-,-) 
  lstm_inst/cell_inst/GEN_LSTM_NEURONS[1].neuron/sig_i/mul_32_23_g21675/Y                                 -       B->Y   F     XNOR2X1         2  0.9     8    24    2545    (-,-) 
  lstm_inst/cell_inst/GEN_LSTM_NEURONS[1].neuron/sig_i/mul_32_23_g21629/Y                                 -       B->Y   R     NOR2BX1         2  0.8    13    11    2556    (-,-) 
  lstm_inst/cell_inst/GEN_LSTM_NEURONS[1].neuron/sig_i/mul_32_23_g21593/Y                                 -       A0->Y  F     OAI21X1         2  0.7    16    17    2573    (-,-) 
  lstm_inst/cell_inst/GEN_LSTM_NEURONS[1].neuron/sig_i/mul_32_23_g21582/Y                                 -       B->Y   R     NOR2X1          1  0.5    12    12    2584    (-,-) 
  lstm_inst/cell_inst/GEN_LSTM_NEURONS[1].neuron/sig_i/mul_32_23_g21577/Y                                 -       B->Y   F     NOR2BX1         1  0.5     8     8    2592    (-,-) 
  lstm_inst/cell_inst/GEN_LSTM_NEURONS[1].neuron/sig_i/mul_32_23_g21570/Y                                 -       A1->Y  R     OAI21X1         2  0.6    16    13    2606    (-,-) 
  lstm_inst/cell_inst/GEN_LSTM_NEURONS[1].neuron/sig_i/mul_32_23_g21565/Y                                 -       B->Y   R     AND2X1          1  2.1    14    26    2631    (-,-) 
  lstm_inst/cell_inst/GEN_LSTM_NEURONS[1].neuron/sig_i/mul_32_23_g21563/Y                                 -       B->Y   F     NOR2X4          4  2.2     9     8    2640    (-,-) 
  lstm_inst/cell_inst/GEN_LSTM_NEURONS[1].neuron/sig_i/mul_32_23_g21556/Y                                 -       A1->Y  R     OAI21X2         3  1.6    17    14    2654    (-,-) 
  lstm_inst/cell_inst/GEN_LSTM_NEURONS[1].neuron/sig_i/mul_32_23_g21555/Y                                 -       A->Y   F     INVX1           2  1.4    11    11    2665    (-,-) 
  lstm_inst/cell_inst/GEN_LSTM_NEURONS[1].neuron/sig_i/mul_32_23_g21541/Y                                 -       A1->Y  R     OAI21X1         2  0.9    19    16    2681    (-,-) 
  lstm_inst/cell_inst/GEN_LSTM_NEURONS[1].neuron/sig_i/mul_32_23_g21534/Y                                 -       A1->Y  F     AOI21XL         1  0.5    18    18    2699    (-,-) 
  lstm_inst/cell_inst/GEN_LSTM_NEURONS[1].neuron/sig_i/mul_32_23_g21530/Y                                 -       B->Y   R     XNOR2X2        11  4.9    19    39    2738    (-,-) 
  lstm_inst/cell_inst/GEN_LSTM_NEURONS[1].neuron/sig_i/fopt64833/Y                                        -       A->Y   F     INVX2          14  4.4    16    14    2752    (-,-) 
  lstm_inst/cell_inst/GEN_LSTM_NEURONS[1].neuron/sig_i/mul_34_23_g63076/Y                                 -       B->Y   R     MXI2XL          2  0.6    25    19    2771    (-,-) 
  lstm_inst/cell_inst/GEN_LSTM_NEURONS[1].neuron/sig_i/mul_34_23_g61679/Y                                 -       A1N->Y R     OAI2BB1X1       3  1.6    15    25    2796    (-,-) 
  lstm_inst/cell_inst/GEN_LSTM_NEURONS[1].neuron/sig_i/mul_34_23_g64397/S                                 -       CI->S  F     ADDFX1          3  1.1    11    48    2844    (-,-) 
  lstm_inst/cell_inst/GEN_LSTM_NEURONS[1].neuron/sig_i/mul_34_23_g64067/Y                                 -       AN->Y  F     NAND2BXL        1  0.3    10    16    2860    (-,-) 
  lstm_inst/cell_inst/GEN_LSTM_NEURONS[1].neuron/sig_i/mul_34_23_g59562/Y                                 -       A0N->Y F     OAI2BB1X1       2  0.6    11    20    2880    (-,-) 
  lstm_inst/cell_inst/GEN_LSTM_NEURONS[1].neuron/sig_i/mul_34_23_g59443/Y                                 -       A->Y   R     INVXL           1  0.3     6     7    2887    (-,-) 
  lstm_inst/cell_inst/GEN_LSTM_NEURONS[1].neuron/sig_i/mul_34_23_g59295/Y                                 -       B0->Y  F     AOI21XL         1  0.4    16     7    2894    (-,-) 
  lstm_inst/cell_inst/GEN_LSTM_NEURONS[1].neuron/sig_i/mul_34_23_g59270/Y                                 -       B->Y   R     NOR2X1          3  1.7    24    18    2912    (-,-) 
  lstm_inst/cell_inst/GEN_LSTM_NEURONS[1].neuron/sig_i/mul_34_23_g59148/Y                                 -       B->Y   F     NAND2BXL        1  0.5    15    16    2928    (-,-) 
  lstm_inst/cell_inst/GEN_LSTM_NEURONS[1].neuron/sig_i/mul_34_23_g59083/Y                                 -       A1->Y  R     AOI21X1         2  1.1    20    17    2945    (-,-) 
  lstm_inst/cell_inst/GEN_LSTM_NEURONS[1].neuron/sig_i/mul_34_23_g58959/Y                                 -       S0->Y  R     MXI2XL          1  0.6    22    19    2964    (-,-) 
  lstm_inst/cell_inst/GEN_LSTM_NEURONS[1].neuron/sig_i/mul_34_23_g63987/Y                                 -       B->Y   F     XOR2XL          2  0.7     8    27    2991    (-,-) 
  lstm_inst/cell_inst/GEN_LSTM_NEURONS[1].neuron/sig_i/mul_34_23_g63971/Y                                 -       AN->Y  F     NOR2BX1         3  1.4    12    18    3009    (-,-) 
  lstm_inst/cell_inst/GEN_LSTM_NEURONS[1].neuron/sig_i/mul_34_23_g58792/Y                                 -       A->Y   R     NOR2X1          2  0.8    14    14    3023    (-,-) 
  lstm_inst/cell_inst/GEN_LSTM_NEURONS[1].neuron/sig_i/mul_34_23_g63967/Y                                 -       B->Y   R     AND2XL          1  0.5     7    18    3040    (-,-) 
  lstm_inst/cell_inst/GEN_LSTM_NEURONS[1].neuron/sig_i/mul_34_23_g58730/Y                                 -       A->Y   F     NAND2X1         1  0.9    15    13    3053    (-,-) 
  lstm_inst/cell_inst/GEN_LSTM_NEURONS[1].neuron/sig_i/mul_34_23_g58727/Y                                 -       B->Y   R     NAND2X2         5  2.3    13    10    3063    (-,-) 
  lstm_inst/cell_inst/GEN_LSTM_NEURONS[1].neuron/sig_i/mul_34_23_g58721/Y                                 -       B->Y   F     NAND2XL         1  0.5    13    13    3076    (-,-) 
  lstm_inst/cell_inst/GEN_LSTM_NEURONS[1].neuron/sig_i/mul_34_23_g58713/Y                                 -       A->Y   R     NAND2X1         3  1.3    13    12    3088    (-,-) 
  lstm_inst/cell_inst/GEN_LSTM_NEURONS[1].neuron/sig_i/mul_34_23_g58700/Y                                 -       A1->Y  F     AOI21X1         2  0.9    18    17    3104    (-,-) 
  lstm_inst/cell_inst/GEN_LSTM_NEURONS[1].neuron/sig_i/mul_34_23_g63969/Y                                 -       A1->Y  F     OA21XL          1  0.7     8    24    3129    (-,-) 
  lstm_inst/cell_inst/GEN_LSTM_NEURONS[1].neuron/sig_i/mul_34_23_g58678/Y                                 -       S0->Y  F     MXI2X1          5  1.5    24    23    3152    (-,-) 
  lstm_inst/cell_inst/GEN_LSTM_NEURONS[1].neuron/sig_i/const_mul_37_88_g2127/Y                            -       A1N->Y F     OAI2BB1X1       2  0.9    15    21    3172    (-,-) 
  lstm_inst/cell_inst/GEN_LSTM_NEURONS[1].neuron/sig_i/const_mul_37_88_g2004/Y                            -       B->Y   R     NOR3BX1         1  1.0    26    22    3195    (-,-) 
  lstm_inst/cell_inst/GEN_LSTM_NEURONS[1].neuron/sig_i/const_mul_37_88_g2000/Y                            -       C->Y   F     NOR3X2          2  1.3    13    11    3206    (-,-) 
  lstm_inst/cell_inst/GEN_LSTM_NEURONS[1].neuron/sig_i/const_mul_37_88_g2280/Y                            -       B->Y   R     NOR2BX1         2  0.8    14    13    3219    (-,-) 
  lstm_inst/cell_inst/GEN_LSTM_NEURONS[1].neuron/sig_i/const_mul_37_88_g1995/Y                            -       A->Y   F     INVXL           1  0.5     7     9    3228    (-,-) 
  lstm_inst/cell_inst/GEN_LSTM_NEURONS[1].neuron/sig_i/const_mul_37_88_g1986/Y                            -       A1->Y  R     OAI21X1         1  0.6    16    13    3241    (-,-) 
  lstm_inst/cell_inst/GEN_LSTM_NEURONS[1].neuron/sig_i/const_mul_37_88_g2285/Y                            -       B->Y   F     CLKXOR2X1       5  2.0    14    33    3274    (-,-) 
  lstm_inst/cell_inst/GEN_LSTM_NEURONS[1].neuron/sig_i/div_37_94_g38916/Y                                 -       B->Y   R     NOR2X1          1  1.0    16    14    3288    (-,-) 
  lstm_inst/cell_inst/GEN_LSTM_NEURONS[1].neuron/sig_i/div_37_94_g38861/Y                                 -       B->Y   F     NAND2X2         4  1.6    14    13    3301    (-,-) 
  lstm_inst/cell_inst/GEN_LSTM_NEURONS[1].neuron/sig_i/div_37_94_g38846/Y                                 -       A->Y   R     NOR2X1          2  1.0    16    15    3316    (-,-) 
  lstm_inst/cell_inst/GEN_LSTM_NEURONS[1].neuron/sig_i/div_37_94_g38830/Y                                 -       B->Y   F     NAND2X1         2  0.9    15    14    3330    (-,-) 
  lstm_inst/cell_inst/GEN_LSTM_NEURONS[1].neuron/sig_i/div_37_94_g38820/Y                                 -       B->Y   R     NOR2X1          4  1.4    20    16    3347    (-,-) 
  lstm_inst/cell_inst/GEN_LSTM_NEURONS[1].neuron/sig_i/div_37_94_g38808/Y                                 -       A->Y   F     NAND2X1         2  0.6    12    14    3361    (-,-) 
  lstm_inst/cell_inst/GEN_LSTM_NEURONS[1].neuron/sig_i/g65914/Y                                           -       A1N->Y F     AOI2BB1XL       1  0.6    12    19    3380    (-,-) 
  lstm_inst/cell_inst/GEN_LSTM_NEURONS[1].neuron/sig_i/div_37_94_g39050/Y                                 -       B->Y   R     XOR2XL          2  0.8    10    22    3402    (-,-) 
  lstm_inst/cell_inst/GEN_LSTM_NEURONS[1].neuron/sig_i/div_37_94_g38768/Y                                 -       A->Y   F     NOR2X1          3  1.1    11    11    3413    (-,-) 
  lstm_inst/cell_inst/GEN_LSTM_NEURONS[1].neuron/sig_i/div_37_94_g38756/Y                                 -       A1N->Y F     OAI2BB1X1       1  1.0    15    20    3433    (-,-) 
  lstm_inst/cell_inst/GEN_LSTM_NEURONS[1].neuron/sig_i/div_37_94_g38751/Y                                 -       A0->Y  R     OAI21X2         1  1.0    15    15    3448    (-,-) 
  lstm_inst/cell_inst/GEN_LSTM_NEURONS[1].neuron/sig_i/div_37_94_g38750/Y                                 -       B->Y   F     NAND2X2         7  2.9    20    17    3465    (-,-) 
  lstm_inst/cell_inst/GEN_LSTM_NEURONS[1].neuron/sig_i/fopt64563/Y                                        -       A->Y   F     CLKBUFX2        2  1.5     7    20    3485    (-,-) 
  lstm_inst/cell_inst/GEN_LSTM_NEURONS[1].neuron/sig_i/fopt64562/Y                                        -       A->Y   R     INVX1           2  1.0     7     8    3493    (-,-) 
  lstm_inst/cell_inst/GEN_LSTM_NEURONS[1].neuron/sig_i/div_37_94_g38739/Y                                 -       B->Y   F     NOR2X1          2  0.9     9     8    3501    (-,-) 
  lstm_inst/cell_inst/GEN_LSTM_NEURONS[1].neuron/sig_i/div_37_94_g39030/Y                                 -       AN->Y  F     NAND2BX2        5  2.4    19    26    3527    (-,-) 
  lstm_inst/cell_inst/GEN_LSTM_NEURONS[1].neuron/sig_i/div_37_94_g38658/Y                                 -       A->Y   R     NOR2X1          1  0.5    12    14    3541    (-,-) 
  lstm_inst/cell_inst/GEN_LSTM_NEURONS[1].neuron/sig_i/div_37_94_g38626/Y                                 -       A->Y   F     NAND2X1         3  1.3    20    16    3556    (-,-) 
  lstm_inst/cell_inst/GEN_LSTM_NEURONS[1].neuron/sig_i/div_37_94_g38608/Y                                 -       B->Y   R     NAND2BX1        2  1.1    11    11    3568    (-,-) 
  lstm_inst/cell_inst/GEN_LSTM_NEURONS[1].neuron/sig_i/div_37_94_g38591/Y                                 -       B->Y   F     NOR2BX1         2  0.7     9     8    3576    (-,-) 
  lstm_inst/cell_inst/GEN_LSTM_NEURONS[1].neuron/sig_i/div_37_94_g38571/Y                                 -       B->Y   R     NOR2X1          2  1.4    20    15    3591    (-,-) 
  lstm_inst/cell_inst/GEN_LSTM_NEURONS[1].neuron/sig_i/div_37_94_g38556/Y                                 -       A1->Y  F     OAI21X2         4  2.5    22    18    3609    (-,-) 
  lstm_inst/cell_inst/GEN_LSTM_NEURONS[1].neuron/sig_i/div_37_94_g38552/Y                                 -       A->Y   R     NOR2X2          6  2.7    20    18    3627    (-,-) 
  lstm_inst/cell_inst/GEN_LSTM_NEURONS[1].neuron/sig_i/fopt64507/Y                                        -       A->Y   F     INVX2           5  2.4    11    11    3638    (-,-) 
  lstm_inst/cell_inst/GEN_LSTM_NEURONS[1].neuron/sig_i/fopt64506/Y                                        -       A->Y   R     INVX2           4  1.4     6     8    3645    (-,-) 
  lstm_inst/cell_inst/GEN_LSTM_NEURONS[1].neuron/sig_i/div_37_94_g38530/Y                                 -       A1N->Y R     OAI2BB1X1       1  1.0    10    21    3666    (-,-) 
  lstm_inst/cell_inst/GEN_LSTM_NEURONS[1].neuron/sig_i/div_37_94_g38497/Y                                 -       B->Y   F     NAND2X2         1  0.9    10    10    3677    (-,-) 
  lstm_inst/cell_inst/GEN_LSTM_NEURONS[1].neuron/sig_i/div_37_94_g38487/Y                                 -       B->Y   R     NAND2X2         4  1.6    10     8    3685    (-,-) 
  lstm_inst/cell_inst/GEN_LSTM_NEURONS[1].neuron/sig_i/div_37_94_g38406/Y                                 -       A->Y   F     NAND2X1         3  1.3    19    15    3700    (-,-) 
  lstm_inst/cell_inst/GEN_LSTM_NEURONS[1].neuron/sig_i/div_37_94_g38391/Y                                 -       A1->Y  R     OAI21X1         1  1.0    21    18    3719    (-,-) 
  lstm_inst/cell_inst/GEN_LSTM_NEURONS[1].neuron/sig_i/div_37_94_g38309/Y                                 -       A->Y   F     NOR2X2          3  1.5    11    12    3730    (-,-) 
  lstm_inst/cell_inst/GEN_LSTM_NEURONS[1].neuron/sig_i/div_37_94_g38302/Y                                 -       A1->Y  R     OAI21X2         5  2.4    22    17    3748    (-,-) 
  lstm_inst/cell_inst/GEN_LSTM_NEURONS[1].neuron/sig_i/fopt64502/Y                                        -       A->Y   F     INVX1           2  1.4    12    12    3760    (-,-) 
  lstm_inst/cell_inst/GEN_LSTM_NEURONS[1].neuron/sig_i/fopt64501/Y                                        -       A->Y   R     INVX2           3  1.3     6     7    3767    (-,-) 
  lstm_inst/cell_inst/GEN_LSTM_NEURONS[1].neuron/sig_i/div_37_94_g38269/Y                                 -       A1->Y  F     OAI21X1         1  0.5    14    12    3779    (-,-) 
  lstm_inst/cell_inst/GEN_LSTM_NEURONS[1].neuron/sig_i/div_37_94_g38247/Y                                 -       A->Y   R     NOR2X1          1  0.5    11    12    3791    (-,-) 
  lstm_inst/cell_inst/GEN_LSTM_NEURONS[1].neuron/sig_i/g65895/Y                                           -       B0->Y  F     OAI2BB1X1       3  1.5    20    17    3808    (-,-) 
  lstm_inst/cell_inst/GEN_LSTM_NEURONS[1].neuron/sig_i/div_37_94_g38209/Y                                 -       A->Y   R     INVX2           9  3.8    15    12    3821    (-,-) 
  lstm_inst/cell_inst/GEN_LSTM_NEURONS[1].neuron/sig_i/div_37_94_g38150/Y                                 -       A0->Y  F     OAI21XL         1  0.4    15    16    3837    (-,-) 
  lstm_inst/cell_inst/GEN_LSTM_NEURONS[1].neuron/sig_i/div_37_94_g38141/Y                                 -       B->Y   R     NOR2X1          4  1.6    22    18    3855    (-,-) 
  lstm_inst/cell_inst/GEN_LSTM_NEURONS[1].neuron/sig_i/div_37_94_g38128/Y                                 -       B->Y   F     NAND2X1         2  0.8    15    15    3870    (-,-) 
  lstm_inst/cell_inst/GEN_LSTM_NEURONS[1].neuron/sig_i/div_37_94_g38099/Y                                 -       A1->Y  R     AOI21X1         2  0.8    18    15    3885    (-,-) 
  lstm_inst/cell_inst/GEN_LSTM_NEURONS[1].neuron/sig_i/div_37_94_g38088/Y                                 -       A1->Y  F     OAI21X1         3  1.1    20    17    3902    (-,-) 
  lstm_inst/cell_inst/GEN_LSTM_NEURONS[1].neuron/sig_i/div_37_94_g38055/Y                                 -       AN->Y  F     NOR2BX1         2  1.2    11    18    3920    (-,-) 
  lstm_inst/cell_inst/GEN_LSTM_NEURONS[1].neuron/sig_i/fopt64488/Y                                        -       A->Y   R     INVX2           8  3.3    12    10    3931    (-,-) 
  lstm_inst/cell_inst/GEN_LSTM_NEURONS[1].neuron/sig_i/div_37_94_g38043/Y                                 -       B->Y   F     NOR2XL          1  0.9    13    11    3941    (-,-) 
  lstm_inst/cell_inst/GEN_LSTM_NEURONS[1].neuron/sig_i/div_37_94_g37989/Y                                 -       C->Y   R     NOR3X2          1  1.0    18    14    3955    (-,-) 
  lstm_inst/cell_inst/GEN_LSTM_NEURONS[1].neuron/sig_i/div_37_94_g37972/Y                                 -       B->Y   F     NAND2X2         7  3.2    23    18    3973    (-,-) 
  lstm_inst/cell_inst/GEN_LSTM_NEURONS[1].neuron/sig_i/div_37_94_g37963/Y                                 -       A->Y   R     INVX1           6  2.2    17    15    3988    (-,-) 
  lstm_inst/cell_inst/GEN_LSTM_NEURONS[1].neuron/sig_i/div_37_94_g37887/Y                                 -       A->Y   F     NOR3X1          2  0.8    13    13    4001    (-,-) 
  lstm_inst/cell_inst/GEN_LSTM_NEURONS[1].neuron/sig_i/div_37_94_g37872/Y                                 -       A->Y   R     NOR2X1          3  1.1    18    16    4017    (-,-) 
  lstm_inst/cell_inst/GEN_LSTM_NEURONS[1].neuron/sig_i/div_37_94_g37863/Y                                 -       B->Y   F     NOR2BX1         2  0.7     8    10    4026    (-,-) 
  lstm_inst/cell_inst/GEN_LSTM_NEURONS[1].neuron/sig_i/div_37_94_g37861/Y                                 -       B->Y   R     NOR2X1          3  1.6    22    16    4042    (-,-) 
  lstm_inst/cell_inst/GEN_LSTM_NEURONS[1].neuron/sig_i/div_37_94_g37848/Y                                 -       A1->Y  F     AOI21X2         5  1.9    21    19    4061    (-,-) 
  lstm_inst/cell_inst/GEN_LSTM_NEURONS[1].neuron/sig_i/div_37_94_g37847/Y                                 -       A->Y   R     INVX1           8  3.0    21    17    4078    (-,-) 
  lstm_inst/cell_inst/GEN_LSTM_NEURONS[1].neuron/sig_i/div_37_94_g37803/Y                                 -       B1->Y  F     OAI22XL         1  0.5    23    19    4097    (-,-) 
  lstm_inst/cell_inst/GEN_LSTM_NEURONS[1].neuron/sig_i/div_37_94_g37766/Y                                 -       B0->Y  R     AOI2BB1X1       1  0.5    12    14    4111    (-,-) 
  lstm_inst/cell_inst/GEN_LSTM_NEURONS[1].neuron/sig_i/g65869/Y                                           -       B0->Y  F     OAI2BB1X1       2  0.8    14    14    4125    (-,-) 
  lstm_inst/cell_inst/GEN_LSTM_NEURONS[1].neuron/sig_i/div_37_94_g38991/Y                                 -       AN->Y  F     NAND2BX1        1  0.4    11    18    4142    (-,-) 
  lstm_inst/cell_inst/GEN_LSTM_NEURONS[1].neuron/sig_i/div_37_94_g37720/Y                                 -       B->Y   R     NOR2X1          1  1.1    18    14    4156    (-,-) 
  lstm_inst/cell_inst/GEN_LSTM_NEURONS[1].neuron/sig_i/div_37_94_g37711/Y                                 -       A0->Y  F     OAI21X2         1  1.0    15    16    4173    (-,-) 
  lstm_inst/cell_inst/GEN_LSTM_NEURONS[1].neuron/sig_i/div_37_94_g37708/Y                                 -       A->Y   R     NOR2X2          3  1.7    14    14    4187    (-,-) 
  lstm_inst/cell_inst/GEN_LSTM_NEURONS[1].neuron/sig_i/div_37_94_g38988/Y                                 -       AN->Y  R     NOR3BX1         1  0.5    18    26    4213    (-,-) 
  lstm_inst/cell_inst/GEN_LSTM_NEURONS[1].neuron/sig_i/div_37_94_g37694/Y                                 -       A->Y   F     NAND2X1         2  1.4    19    18    4230    (-,-) 
  lstm_inst/cell_inst/GEN_LSTM_NEURONS[1].neuron/sig_i/div_37_94_g37692/Y                                 -       B->Y   R     NOR2X2          5  2.1    18    15    4245    (-,-) 
  lstm_inst/cell_inst/GEN_LSTM_NEURONS[1].neuron/sig_i/div_37_94_g37691/Y                                 -       A->Y   F     INVX1           2  0.7     7     9    4254    (-,-) 
  lstm_inst/cell_inst/GEN_LSTM_NEURONS[1].neuron/sig_i/div_37_94_g39003/Y                                 -       C->Y   R     NOR3BXL         2  0.8    31    20    4274    (-,-) 
  lstm_inst/cell_inst/GEN_LSTM_NEURONS[1].neuron/sig_i/div_37_94_g37674/Y                                 -       A1->Y  F     OAI21X1         3  1.1    20    20    4294    (-,-) 
  lstm_inst/cell_inst/GEN_LSTM_NEURONS[1].neuron/sig_i/csa_tree_add_37_81_groupi_g7145/Y                  -       A->Y   R     INVX1           3  1.4    12    12    4305    (-,-) 
  lstm_inst/cell_inst/GEN_LSTM_NEURONS[1].neuron/sig_i/csa_tree_add_37_81_groupi_g6807/S                  -       CI->S  F     ADDFX1          2  0.8    10    47    4352    (-,-) 
  lstm_inst/cell_inst/GEN_LSTM_NEURONS[1].neuron/sig_i/csa_tree_add_37_81_groupi_g6804/Y                  -       A->Y   R     NAND2X1         2  1.0    11    10    4362    (-,-) 
  lstm_inst/cell_inst/GEN_LSTM_NEURONS[1].neuron/sig_i/csa_tree_add_37_81_groupi_g6798/Y                  -       A->Y   F     NAND2X1         1  0.4    10    11    4373    (-,-) 
  lstm_inst/cell_inst/GEN_LSTM_NEURONS[1].neuron/sig_i/csa_tree_add_37_81_groupi_g6797/Y                  -       B->Y   R     NOR2X1          1  1.1    17    14    4387    (-,-) 
  lstm_inst/cell_inst/GEN_LSTM_NEURONS[1].neuron/sig_i/csa_tree_add_37_81_groupi_g6783/Y                  -       A0->Y  F     AOI21X2         3  1.6    19    18    4405    (-,-) 
  lstm_inst/cell_inst/GEN_LSTM_NEURONS[1].neuron/sig_i/csa_tree_add_37_81_groupi_g6772/Y                  -       A1->Y  R     OAI21X1         1  0.8    19    17    4422    (-,-) 
  lstm_inst/cell_inst/GEN_LSTM_NEURONS[1].neuron/sig_i/csa_tree_add_37_81_groupi_g6768/CO                 -       CI->CO R     ADDFX1          2  1.6    13    33    4456    (-,-) 
  lstm_inst/cell_inst/GEN_LSTM_NEURONS[1].neuron/sig_i/csa_tree_add_37_81_groupi_g6766/Y                  -       A1->Y  F     AOI21X2         2  1.4    17    16    4471    (-,-) 
  lstm_inst/cell_inst/GEN_LSTM_NEURONS[1].neuron/sig_i/csa_tree_add_37_81_groupi_g6758/Y                  -       A1->Y  R     OAI21X2         4  1.7    19    16    4488    (-,-) 
  lstm_inst/cell_inst/GEN_LSTM_NEURONS[1].neuron/sig_i/csa_tree_add_37_81_groupi_g6748/Y                  -       A1->Y  F     AOI21X1         2  1.1    21    19    4507    (-,-) 
  lstm_inst/cell_inst/GEN_LSTM_NEURONS[1].neuron/sig_i/csa_tree_add_37_81_groupi_g6738/Y                  -       A1->Y  R     OAI21X1         1  0.6    18    17    4524    (-,-) 
  lstm_inst/cell_inst/GEN_LSTM_NEURONS[1].neuron/sig_i/csa_tree_add_37_81_groupi_g7185/Y                  -       B->Y   F     XOR2XL          1  0.5     7    26    4550    (-,-) 
  lstm_inst/cell_inst/GEN_LSTM_NEURONS[1].neuron/sig_i/g1603/Y                                            -       A->Y   R     NOR2X1          3  1.1    16    14    4564    (-,-) 
  lstm_inst/cell_inst/GEN_LSTM_NEURONS[1].neuron/sig_i/g1596/Y                                            -       AN->Y  R     NOR2BX1         1  1.0    16    21    4585    (-,-) 
  lstm_inst/cell_inst/GEN_LSTM_NEURONS[1].neuron/sig_i/g1575/Y                                            -       B->Y   F     NAND2X2         2  2.1    17    15    4600    (-,-) 
  lstm_inst/cell_inst/GEN_LSTM_NEURONS[1].neuron/sig_i/g1573/Y                                            -       A->Y   R     CLKINVX4       21  6.6    13    11    4611    (-,-) 
  lstm_inst/cell_inst/GEN_LSTM_NEURONS[1].neuron/sig_i/g1554/Y                                            -       B->Y   R     AND2X2         12  5.9    21    34    4644    (-,-) 
  lstm_inst/cell_inst/GEN_LSTM_NEURONS[1].neuron/csa_tree_ADD_TC_OP_pad_groupi_g49457/Y                   -       A->Y   F     INVX1           6  2.2    16    14    4659    (-,-) 
  lstm_inst/cell_inst/GEN_LSTM_NEURONS[1].neuron/csa_tree_ADD_TC_OP_pad_groupi_g48710/Y                   -       A0N->Y F     AOI2BB1X1       2  0.9    11    25    4684    (-,-) 
  lstm_inst/cell_inst/GEN_LSTM_NEURONS[1].neuron/csa_tree_ADD_TC_OP_pad_groupi_g48545/Y                   -       A->Y   R     INVX1           1  1.0     8     9    4692    (-,-) 
  lstm_inst/cell_inst/GEN_LSTM_NEURONS[1].neuron/csa_tree_ADD_TC_OP_pad_groupi_g47786/Y                   -       A1->Y  F     AOI22X2         3  1.3    23    18    4710    (-,-) 
  lstm_inst/cell_inst/GEN_LSTM_NEURONS[1].neuron/csa_tree_ADD_TC_OP_pad_groupi_g47096/Y                   -       S0->Y  F     MXI2XL          1  0.3    17    16    4727    (-,-) 
  lstm_inst/cell_inst/GEN_LSTM_NEURONS[1].neuron/csa_tree_ADD_TC_OP_pad_groupi_g46681/Y                   -       A->Y   R     XNOR2X1         3  1.0     8    34    4761    (-,-) 
  lstm_inst/cell_inst/GEN_LSTM_NEURONS[1].neuron/csa_tree_ADD_TC_OP_pad_groupi_g46030/Y                   -       A->Y   F     XNOR3XL         2  0.8     9    50    4810    (-,-) 
  lstm_inst/cell_inst/GEN_LSTM_NEURONS[1].neuron/csa_tree_ADD_TC_OP_pad_groupi_g45679/Y                   -       S0->Y  F     MXI2XL          1  0.6    20    18    4828    (-,-) 
  lstm_inst/cell_inst/GEN_LSTM_NEURONS[1].neuron/csa_tree_ADD_TC_OP_pad_groupi_g45351/Y                   -       B->Y   R     XNOR2XL         1  0.8    10    27    4855    (-,-) 
  lstm_inst/cell_inst/GEN_LSTM_NEURONS[1].neuron/csa_tree_ADD_TC_OP_pad_groupi_g45147/S                   -       CI->S  F     ADDFXL          2  0.6     9    41    4896    (-,-) 
  lstm_inst/cell_inst/GEN_LSTM_NEURONS[1].neuron/csa_tree_ADD_TC_OP_pad_groupi_g45114/Y                   -       B->Y   R     NAND2XL         2  0.6    12     9    4905    (-,-) 
  lstm_inst/cell_inst/GEN_LSTM_NEURONS[1].neuron/csa_tree_ADD_TC_OP_pad_groupi_g45079/Y                   -       B->Y   F     NAND2BXL        1  0.3    10    11    4916    (-,-) 
  lstm_inst/cell_inst/GEN_LSTM_NEURONS[1].neuron/csa_tree_ADD_TC_OP_pad_groupi_g45047/Y                   -       A1->Y  R     AOI21XL         1  0.3    14    13    4928    (-,-) 
  lstm_inst/cell_inst/GEN_LSTM_NEURONS[1].neuron/csa_tree_ADD_TC_OP_pad_groupi_g44981/Y                   -       A1N->Y R     AOI2BB1X1       1  1.1    17    20    4948    (-,-) 
  lstm_inst/cell_inst/GEN_LSTM_NEURONS[1].neuron/csa_tree_ADD_TC_OP_pad_groupi_g44920/Y                   -       B->Y   F     NAND3BX2        3  1.8    24    22    4970    (-,-) 
  lstm_inst/cell_inst/GEN_LSTM_NEURONS[1].neuron/csa_tree_ADD_TC_OP_pad_groupi_g44849/Y                   -       A0->Y  R     AOI21X2         5  2.1    20    20    4990    (-,-) 
  lstm_inst/cell_inst/GEN_LSTM_NEURONS[1].neuron/csa_tree_ADD_TC_OP_pad_groupi_g44837/Y                   -       B->Y   F     NOR2BX1         1  0.9    10    11    5000    (-,-) 
  lstm_inst/cell_inst/GEN_LSTM_NEURONS[1].neuron/csa_tree_ADD_TC_OP_pad_groupi_g49706/Y                   -       B->Y   R     NOR2BX2         5  1.7    14    12    5012    (-,-) 
  lstm_inst/cell_inst/GEN_LSTM_NEURONS[1].neuron/csa_tree_ADD_TC_OP_pad_groupi_g44814/Y                   -       A1N->Y R     AOI2BB1XL       2  0.8    19    20    5032    (-,-) 
  lstm_inst/cell_inst/GEN_LSTM_NEURONS[1].neuron/csa_tree_ADD_TC_OP_pad_groupi_g49734/Y                   -       B->Y   F     NOR2BX1         1  0.4     7     9    5041    (-,-) 
  lstm_inst/cell_inst/GEN_LSTM_NEURONS[1].neuron/csa_tree_ADD_TC_OP_pad_groupi_g44786/Y                   -       B->Y   R     NOR2BX1         2  0.6    11    10    5051    (-,-) 
  lstm_inst/cell_inst/GEN_LSTM_NEURONS[1].neuron/csa_tree_ADD_TC_OP_pad_groupi_g49703/Y                   -       AN->Y  R     NOR2BX1         1  0.5    12    18    5068    (-,-) 
  lstm_inst/cell_inst/GEN_LSTM_NEURONS[1].neuron/csa_tree_ADD_TC_OP_pad_groupi_g44768/Y                   -       AN->Y  R     NAND2BX4        8  6.7    15    24    5092    (-,-) 
  lstm_inst/cell_inst/GEN_LSTM_NEURONS[1].neuron/tanh_cell/fopt83484/Y                                    -       A->Y   F     INVX3           3  1.7     7     8    5100    (-,-) 
  lstm_inst/cell_inst/GEN_LSTM_NEURONS[1].neuron/tanh_cell/fopt83481/Y                                    -       A->Y   R     INVX1           2  0.8     6     7    5107    (-,-) 
  lstm_inst/cell_inst/GEN_LSTM_NEURONS[1].neuron/tanh_cell/square_mul_71_22_g16143/Y                      -       A->Y   R     AND2X1          3  1.7    12    22    5130    (-,-) 
  lstm_inst/cell_inst/GEN_LSTM_NEURONS[1].neuron/tanh_cell/square_mul_71_22_g14743/Y                      -       B->Y   R     XOR3XL          3  1.1    14    36    5166    (-,-) 
  lstm_inst/cell_inst/GEN_LSTM_NEURONS[1].neuron/tanh_cell/g84177/Y                                       -       A->Y   F     XOR2XL          1  0.6     8    32    5198    (-,-) 
  lstm_inst/cell_inst/GEN_LSTM_NEURONS[1].neuron/tanh_cell/square_mul_71_22_g16919/Y                      -       B->Y   R     XNOR2X1         1  1.2    10    29    5226    (-,-) 
  lstm_inst/cell_inst/GEN_LSTM_NEURONS[1].neuron/tanh_cell/square_mul_71_22_g13647/S                      -       A->S   F     ADDFXL          2  1.2    14    46    5272    (-,-) 
  lstm_inst/cell_inst/GEN_LSTM_NEURONS[1].neuron/tanh_cell/square_mul_71_22_g13638/Y                      -       A->Y   R     INVX1           1  0.5     6     8    5280    (-,-) 
  lstm_inst/cell_inst/GEN_LSTM_NEURONS[1].neuron/tanh_cell/square_mul_71_22_g13467/Y                      -       A0->Y  F     OAI21X1         2  1.3    21    18    5298    (-,-) 
  lstm_inst/cell_inst/GEN_LSTM_NEURONS[1].neuron/tanh_cell/square_mul_71_22_g13419/Y                      -       A->Y   R     NOR2X2          3  1.5    15    14    5313    (-,-) 
  lstm_inst/cell_inst/GEN_LSTM_NEURONS[1].neuron/tanh_cell/square_mul_71_22_g13382/Y                      -       B->Y   F     NOR2X1          2  0.8    10    10    5322    (-,-) 
  lstm_inst/cell_inst/GEN_LSTM_NEURONS[1].neuron/tanh_cell/square_mul_71_22_g16858/Y                      -       AN->Y  F     NOR2BXL         1  0.9    12    16    5338    (-,-) 
  lstm_inst/cell_inst/GEN_LSTM_NEURONS[1].neuron/tanh_cell/square_mul_71_22_g13335/Y                      -       B->Y   R     NOR2X2          1  1.1    12    11    5349    (-,-) 
  lstm_inst/cell_inst/GEN_LSTM_NEURONS[1].neuron/tanh_cell/square_mul_71_22_g13312/Y                      -       A->Y   F     NAND2X2         1  2.0    16    15    5364    (-,-) 
  lstm_inst/cell_inst/GEN_LSTM_NEURONS[1].neuron/tanh_cell/square_mul_71_22_g13299/Y                      -       A->Y   R     NOR3X4          2  3.1    22    22    5385    (-,-) 
  lstm_inst/cell_inst/GEN_LSTM_NEURONS[1].neuron/tanh_cell/square_mul_71_22_g13292/Y                      -       B->Y   F     NOR2X4          1  1.8     8     9    5394    (-,-) 
  lstm_inst/cell_inst/GEN_LSTM_NEURONS[1].neuron/tanh_cell/square_mul_71_22_g13283/Y                      -       B->Y   R     NOR2X4          4  4.2    18    13    5406    (-,-) 
  lstm_inst/cell_inst/GEN_LSTM_NEURONS[1].neuron/tanh_cell/square_mul_71_22_g13261/Y                      -       A1->Y  F     OAI21X2         2  1.5    16    15    5422    (-,-) 
  lstm_inst/cell_inst/GEN_LSTM_NEURONS[1].neuron/tanh_cell/square_mul_71_22_g13242/Y                      -       A1->Y  R     AOI21X2         2  1.7    17    15    5437    (-,-) 
  lstm_inst/cell_inst/GEN_LSTM_NEURONS[1].neuron/tanh_cell/square_mul_71_22_g13229/Y                      -       A1->Y  F     OAI21X2         2  1.4    17    15    5452    (-,-) 
  lstm_inst/cell_inst/GEN_LSTM_NEURONS[1].neuron/tanh_cell/square_mul_71_22_g13225/Y                      -       B->Y   R     NOR2X2          1  0.5     9    10    5461    (-,-) 
  lstm_inst/cell_inst/GEN_LSTM_NEURONS[1].neuron/tanh_cell/square_mul_71_22_g13219/Y                      -       AN->Y  R     NAND2BX4        9  6.1    14    23    5484    (-,-) 
  lstm_inst/cell_inst/GEN_LSTM_NEURONS[1].neuron/tanh_cell/fopt77768/Y                                    -       A->Y   F     CLKINVX6        9  3.5     7     8    5492    (-,-) 
  lstm_inst/cell_inst/GEN_LSTM_NEURONS[1].neuron/tanh_cell/mul_73_23_g25907/Y                             -       B->Y   R     MXI2XL          2  0.6    25    18    5510    (-,-) 
  lstm_inst/cell_inst/GEN_LSTM_NEURONS[1].neuron/tanh_cell/mul_73_23_g27364/Y                             -       AN->Y  R     NOR2BX1         1  1.0    19    22    5531    (-,-) 
  lstm_inst/cell_inst/GEN_LSTM_NEURONS[1].neuron/tanh_cell/mul_73_23_g25061/Y                             -       B0->Y  F     AOI21X2         2  0.8    19     8    5540    (-,-) 
  lstm_inst/cell_inst/GEN_LSTM_NEURONS[1].neuron/tanh_cell/mul_73_23_g24855/Y                             -       A->Y   R     INVX1           2  1.7    13    12    5552    (-,-) 
  lstm_inst/cell_inst/GEN_LSTM_NEURONS[1].neuron/tanh_cell/mul_73_23_g24296/Y                             -       B->Y   F     NAND2X1         1  0.5    12    11    5563    (-,-) 
  lstm_inst/cell_inst/GEN_LSTM_NEURONS[1].neuron/tanh_cell/mul_73_23_g23773/Y                             -       A->Y   R     NAND2X1         2  1.5    14    12    5576    (-,-) 
  lstm_inst/cell_inst/GEN_LSTM_NEURONS[1].neuron/tanh_cell/mul_73_23_g23459/Y                             -       A->Y   F     INVX2           2  1.3     7     8    5583    (-,-) 
  lstm_inst/cell_inst/GEN_LSTM_NEURONS[1].neuron/tanh_cell/mul_73_23_g23257/Y                             -       B->Y   R     MXI2X1          1  0.6    19    16    5599    (-,-) 
  lstm_inst/cell_inst/GEN_LSTM_NEURONS[1].neuron/tanh_cell/mul_73_23_g23120/Y                             -       S0->Y  R     MXI2XL          2  0.8    25    20    5619    (-,-) 
  lstm_inst/cell_inst/GEN_LSTM_NEURONS[1].neuron/tanh_cell/mul_73_23_g22458/Y                             -       A1N->Y R     OAI2BB1X1       1  0.5    10    22    5641    (-,-) 
  lstm_inst/cell_inst/GEN_LSTM_NEURONS[1].neuron/tanh_cell/g84650/Y                                       -       B0->Y  F     OAI2BB1X1       2  0.7    12    13    5654    (-,-) 
  lstm_inst/cell_inst/GEN_LSTM_NEURONS[1].neuron/tanh_cell/mul_73_23_g22179/Y                             -       A->Y   F     CLKBUFX2        2  0.8     5    18    5672    (-,-) 
  lstm_inst/cell_inst/GEN_LSTM_NEURONS[1].neuron/tanh_cell/mul_73_23_g22145/Y                             -       A->Y   R     NOR2X1          1  1.1    18    14    5686    (-,-) 
  lstm_inst/cell_inst/GEN_LSTM_NEURONS[1].neuron/tanh_cell/mul_73_23_g21972/Y                             -       A1->Y  F     OAI21X2         2  2.0    20    16    5702    (-,-) 
  lstm_inst/cell_inst/GEN_LSTM_NEURONS[1].neuron/tanh_cell/mul_73_23_g21866/Y                             -       B->Y   F     XOR3XL          2  0.7     8    34    5737    (-,-) 
  lstm_inst/cell_inst/GEN_LSTM_NEURONS[1].neuron/tanh_cell/mul_73_23_g27057/Y                             -       B->Y   F     AND2XL          3  0.9    10    15    5752    (-,-) 
  lstm_inst/cell_inst/GEN_LSTM_NEURONS[1].neuron/tanh_cell/mul_73_23_g21690/Y                             -       A1->Y  R     AOI21XL         1  0.5    18    15    5766    (-,-) 
  lstm_inst/cell_inst/GEN_LSTM_NEURONS[1].neuron/tanh_cell/mul_73_23_g21667/Y                             -       B0->Y  F     OAI21X1         1  0.5    15    16    5782    (-,-) 
  lstm_inst/cell_inst/GEN_LSTM_NEURONS[1].neuron/tanh_cell/mul_73_23_g21645/Y                             -       B0->Y  R     AOI2BB1X1       1  1.0    16    16    5798    (-,-) 
  lstm_inst/cell_inst/GEN_LSTM_NEURONS[1].neuron/tanh_cell/mul_73_23_g21643/Y                             -       B0->Y  F     OAI21X2         3  2.0    20    18    5816    (-,-) 
  lstm_inst/cell_inst/GEN_LSTM_NEURONS[1].neuron/tanh_cell/mul_73_23_g21642/Y                             -       A->Y   F     BUFX3           3  2.6     8    19    5835    (-,-) 
  lstm_inst/cell_inst/GEN_LSTM_NEURONS[1].neuron/tanh_cell/mul_73_23_g21627/Y                             -       A1->Y  R     AOI21X2         2  0.9    13    12    5847    (-,-) 
  lstm_inst/cell_inst/GEN_LSTM_NEURONS[1].neuron/tanh_cell/mul_73_23_g21623/Y                             -       A->Y   F     INVXL           1  0.3     5     8    5854    (-,-) 
  lstm_inst/cell_inst/GEN_LSTM_NEURONS[1].neuron/tanh_cell/mul_73_23_g21611/Y                             -       A1->Y  R     AOI21XL         1  0.6    19    15    5869    (-,-) 
  lstm_inst/cell_inst/GEN_LSTM_NEURONS[1].neuron/tanh_cell/mul_73_23_g21605/Y                             -       B->Y   F     XNOR2X2         6  3.7    17    34    5903    (-,-) 
  lstm_inst/cell_inst/GEN_LSTM_NEURONS[1].neuron/tanh_cell/fopt81972/Y                                    -       A->Y   R     INVX3           6  3.2    10     9    5912    (-,-) 
  lstm_inst/cell_inst/GEN_LSTM_NEURONS[1].neuron/tanh_cell/fopt81970/Y                                    -       A->Y   F     CLKINVX3        6  3.2     9     9    5921    (-,-) 
  lstm_inst/cell_inst/GEN_LSTM_NEURONS[1].neuron/tanh_cell/mul_75_23_g25886/Y                             -       A->Y   R     MXI2XL          2  0.6    24    18    5938    (-,-) 
  lstm_inst/cell_inst/GEN_LSTM_NEURONS[1].neuron/tanh_cell/mul_75_23_g25013/Y                             -       A1N->Y R     OAI2BB1X1       2  1.4    14    24    5963    (-,-) 
  lstm_inst/cell_inst/GEN_LSTM_NEURONS[1].neuron/tanh_cell/mul_75_23_g23032/Y                             -       B->Y   R     XOR3XL          2  0.8    11    35    5998    (-,-) 
  lstm_inst/cell_inst/GEN_LSTM_NEURONS[1].neuron/tanh_cell/mul_75_23_g22855/Y                             -       A->Y   F     INVX1           2  1.3     9    10    6007    (-,-) 
  lstm_inst/cell_inst/GEN_LSTM_NEURONS[1].neuron/tanh_cell/mul_75_23_g22735/Y                             -       B->Y   R     MXI2XL          1  0.6    22    18    6025    (-,-) 
  lstm_inst/cell_inst/GEN_LSTM_NEURONS[1].neuron/tanh_cell/mul_75_23_g22603/Y                             -       S0->Y  R     MXI2XL          2  0.7    24    20    6045    (-,-) 
  lstm_inst/cell_inst/GEN_LSTM_NEURONS[1].neuron/tanh_cell/mul_75_23_g26911/Y                             -       A->Y   F     XOR3XL          3  1.0    11    53    6098    (-,-) 
  lstm_inst/cell_inst/GEN_LSTM_NEURONS[1].neuron/tanh_cell/mul_75_23_g21837/Y                             -       A->Y   R     XOR3XL          3  1.4    17    55    6153    (-,-) 
  lstm_inst/cell_inst/GEN_LSTM_NEURONS[1].neuron/tanh_cell/mul_75_23_g21783/Y                             -       B->Y   F     NAND2XL         1  0.5    14    14    6166    (-,-) 
  lstm_inst/cell_inst/GEN_LSTM_NEURONS[1].neuron/tanh_cell/mul_75_23_g21717/Y                             -       A1->Y  R     AOI21X1         2  1.0    19    16    6183    (-,-) 
  lstm_inst/cell_inst/GEN_LSTM_NEURONS[1].neuron/tanh_cell/mul_75_23_g21708/Y                             -       A1->Y  F     AOI21X1         2  1.0    20    19    6202    (-,-) 
  lstm_inst/cell_inst/GEN_LSTM_NEURONS[1].neuron/tanh_cell/mul_75_23_g21696/Y                             -       A1->Y  R     OAI21X1         1  1.0    22    19    6220    (-,-) 
  lstm_inst/cell_inst/GEN_LSTM_NEURONS[1].neuron/tanh_cell/mul_75_23_g21692/Y                             -       A->Y   F     NOR2X2          4  2.6    14    13    6234    (-,-) 
  lstm_inst/cell_inst/GEN_LSTM_NEURONS[1].neuron/tanh_cell/mul_75_23_g21679/Y                             -       A1->Y  R     OAI21X1         3  1.1    23    18    6252    (-,-) 
  lstm_inst/cell_inst/GEN_LSTM_NEURONS[1].neuron/tanh_cell/mul_75_23_g21668/Y                             -       A1N->Y R     OAI2BB1X1       2  1.1    12    23    6275    (-,-) 
  lstm_inst/cell_inst/GEN_LSTM_NEURONS[1].neuron/tanh_cell/mul_75_23_g21656/Y                             -       A1->Y  F     AOI21X1         1  0.5    15    15    6289    (-,-) 
  lstm_inst/cell_inst/GEN_LSTM_NEURONS[1].neuron/tanh_cell/mul_75_23_g21651/Y                             -       B->Y   R     XNOR2X2        11  6.8    24    42    6331    (-,-) 
  lstm_inst/cell_inst/GEN_LSTM_NEURONS[1].neuron/tanh_cell/fopt78623/Y                                    -       A->Y   F     CLKINVX4       12  5.4    13    11    6343    (-,-) 
  lstm_inst/cell_inst/GEN_LSTM_NEURONS[1].neuron/tanh_cell/mul_77_23_g26065/Y                             -       B1->Y  R     AOI22X1         2  1.0    27    17    6360    (-,-) 
  lstm_inst/cell_inst/GEN_LSTM_NEURONS[1].neuron/tanh_cell/mul_77_23_g24626/Y                             -       B1->Y  F     OAI22X1         3  0.9    27    21    6380    (-,-) 
  lstm_inst/cell_inst/GEN_LSTM_NEURONS[1].neuron/tanh_cell/mul_77_23_g24389/Y                             -       A->Y   R     INVXL           2  0.8    13    14    6394    (-,-) 
  lstm_inst/cell_inst/GEN_LSTM_NEURONS[1].neuron/tanh_cell/mul_77_23_g23996/Y                             -       B->Y   F     MXI2XL          1  0.6    21    18    6412    (-,-) 
  lstm_inst/cell_inst/GEN_LSTM_NEURONS[1].neuron/tanh_cell/mul_77_23_g26958/Y                             -       B->Y   R     XOR2XL          2  1.3    15    25    6437    (-,-) 
  lstm_inst/cell_inst/GEN_LSTM_NEURONS[1].neuron/tanh_cell/mul_77_23_g22733/Y                             -       A->Y   F     XNOR2X1         3  1.2    10    36    6473    (-,-) 
  lstm_inst/cell_inst/GEN_LSTM_NEURONS[1].neuron/tanh_cell/mul_77_23_g22534/Y                             -       B->Y   R     NOR2X1          1  0.5    11    10    6483    (-,-) 
  lstm_inst/cell_inst/GEN_LSTM_NEURONS[1].neuron/tanh_cell/mul_77_23_g22429/Y                             -       A1->Y  F     OAI21X1         2  1.2    20    16    6499    (-,-) 
  lstm_inst/cell_inst/GEN_LSTM_NEURONS[1].neuron/tanh_cell/mul_77_23_g22335/Y                             -       A->Y   R     INVX1           1  1.1    10    11    6510    (-,-) 
  lstm_inst/cell_inst/GEN_LSTM_NEURONS[1].neuron/tanh_cell/mul_77_23_g22108/Y                             -       A0->Y  F     OAI21X2         3  1.6    18    17    6527    (-,-) 
  lstm_inst/cell_inst/GEN_LSTM_NEURONS[1].neuron/tanh_cell/mul_77_23_g21943/Y                             -       B->Y   F     XOR3XL          2  0.8     9    35    6561    (-,-) 
  lstm_inst/cell_inst/GEN_LSTM_NEURONS[1].neuron/tanh_cell/mul_77_23_g21853/Y                             -       A->Y   R     NOR2X1          2  1.0    16    14    6576    (-,-) 
  lstm_inst/cell_inst/GEN_LSTM_NEURONS[1].neuron/tanh_cell/mul_77_23_g21848/Y                             -       A->Y   F     INVX1           2  0.8     8     9    6585    (-,-) 
  lstm_inst/cell_inst/GEN_LSTM_NEURONS[1].neuron/tanh_cell/mul_77_23_g21787/Y                             -       A1->Y  R     AOI21X1         1  0.5    14    12    6597    (-,-) 
  lstm_inst/cell_inst/GEN_LSTM_NEURONS[1].neuron/tanh_cell/mul_77_23_g21720/Y                             -       B0->Y  F     OAI21X1         1  1.0    19    17    6614    (-,-) 
  lstm_inst/cell_inst/GEN_LSTM_NEURONS[1].neuron/tanh_cell/mul_77_23_g21711/Y                             -       B0->Y  R     AOI211X2        2  1.5    26    24    6638    (-,-) 
  lstm_inst/cell_inst/GEN_LSTM_NEURONS[1].neuron/tanh_cell/mul_77_23_g21697/Y                             -       A1->Y  F     OAI21X1         2  0.8    16    17    6656    (-,-) 
  lstm_inst/cell_inst/GEN_LSTM_NEURONS[1].neuron/tanh_cell/fopt81056/Y                                    -       A->Y   R     INVX1           2  1.1    10    10    6666    (-,-) 
  lstm_inst/cell_inst/GEN_LSTM_NEURONS[1].neuron/tanh_cell/mul_77_23_g21683/Y                             -       A1->Y  F     OAI21X1         1  0.6    15    13    6678    (-,-) 
  lstm_inst/cell_inst/GEN_LSTM_NEURONS[1].neuron/tanh_cell/mul_77_23_g21673/Y                             -       B->Y   R     XNOR2X1         4  1.9    13    31    6710    (-,-) 
  lstm_inst/cell_inst/GEN_LSTM_NEURONS[1].neuron/tanh_cell/fopt79620/Y                                    -       A->Y   R     BUFX3           5  2.1     7    17    6726    (-,-) 
  lstm_inst/cell_inst/GEN_LSTM_NEURONS[1].neuron/tanh_cell/fopt79617/Y                                    -       A->Y   R     BUFX3           2  1.0     5    15    6741    (-,-) 
  lstm_inst/cell_inst/GEN_LSTM_NEURONS[1].neuron/tanh_cell/mul_79_23_g14056/Y                             -       B->Y   F     MXI2X1          2  0.8    28    16    6757    (-,-) 
  lstm_inst/cell_inst/GEN_LSTM_NEURONS[1].neuron/tanh_cell/mul_79_23_g13649/Y                             -       B->Y   R     NAND2X1         1  1.1    15    13    6770    (-,-) 
  lstm_inst/cell_inst/GEN_LSTM_NEURONS[1].neuron/tanh_cell/mul_79_23_g13524/Y                             -       B0->Y  F     OAI2BB1X2       1  1.1    12    14    6784    (-,-) 
  lstm_inst/cell_inst/GEN_LSTM_NEURONS[1].neuron/tanh_cell/mul_79_23_cdnfadd_036_2/S                      -       B->S   R     ADDFX1          1  0.8     9    51    6834    (-,-) 
  lstm_inst/cell_inst/GEN_LSTM_NEURONS[1].neuron/tanh_cell/mul_79_23_cdnfadd_036_6/S                      -       CI->S  F     ADDFX1          1  1.1    11    47    6882    (-,-) 
  lstm_inst/cell_inst/GEN_LSTM_NEURONS[1].neuron/tanh_cell/mul_79_23_cdnfadd_036_9/S                      -       B->S   R     ADDFXL          1  1.6    18    50    6932    (-,-) 
  lstm_inst/cell_inst/GEN_LSTM_NEURONS[1].neuron/tanh_cell/mul_79_23_cdnfadd_036_11/S                     -       B->S   F     ADDFHX1         1  1.1    11    48    6980    (-,-) 
  lstm_inst/cell_inst/GEN_LSTM_NEURONS[1].neuron/tanh_cell/mul_79_23_cdnfadd_036_12/S                     -       B->S   R     ADDFX1          2  0.8     9    51    7031    (-,-) 
  lstm_inst/cell_inst/GEN_LSTM_NEURONS[1].neuron/tanh_cell/mul_79_23_g12765/Y                             -       A->Y   R     AND2X1          4  1.6    12    22    7053    (-,-) 
  lstm_inst/cell_inst/GEN_LSTM_NEURONS[1].neuron/tanh_cell/mul_79_23_g12695/Y                             -       B->Y   F     NOR3X1          1  0.4     9    10    7063    (-,-) 
  lstm_inst/cell_inst/GEN_LSTM_NEURONS[1].neuron/tanh_cell/mul_79_23_g12674/Y                             -       B0->Y  R     AOI21X1         1  1.0    18    15    7078    (-,-) 
  lstm_inst/cell_inst/GEN_LSTM_NEURONS[1].neuron/tanh_cell/mul_79_23_g12638/Y                             -       C->Y   F     NAND3X2         2  0.9    19    16    7094    (-,-) 
  lstm_inst/cell_inst/GEN_LSTM_NEURONS[1].neuron/tanh_cell/mul_79_23_g12630/Y                             -       B->Y   R     NOR2X1          1  0.5    12    12    7106    (-,-) 
  lstm_inst/cell_inst/GEN_LSTM_NEURONS[1].neuron/tanh_cell/mul_79_23_g12618/Y                             -       B0->Y  F     AOI21X1         1  0.9    19     9    7116    (-,-) 
  lstm_inst/cell_inst/GEN_LSTM_NEURONS[1].neuron/tanh_cell/mul_79_23_g12613/Y                             -       B->Y   R     NAND2X2         3  2.0    11    10    7126    (-,-) 
  lstm_inst/cell_inst/GEN_LSTM_NEURONS[1].neuron/tanh_cell/mul_79_23_g12600/Y                             -       A1->Y  F     AOI21X1         1  0.6    16    15    7141    (-,-) 
  lstm_inst/cell_inst/GEN_LSTM_NEURONS[1].neuron/tanh_cell/mul_79_23_g15370/Y                             -       B->Y   F     XNOR2X1         3  0.9     8    25    7166    (-,-) 
  lstm_inst/cell_inst/GEN_LSTM_NEURONS[1].neuron/tanh_cell/const_mul_82_75_g1374/Y                        -       A->Y   F     AND2X1          2  1.0     8    16    7182    (-,-) 
  lstm_inst/cell_inst/GEN_LSTM_NEURONS[1].neuron/tanh_cell/const_mul_82_75_g1350/Y                        -       A->Y   R     INVX1           2  1.0     7     8    7190    (-,-) 
  lstm_inst/cell_inst/GEN_LSTM_NEURONS[1].neuron/tanh_cell/const_mul_82_75_g1329/Y                        -       A->Y   F     NAND2X1         2  0.7    12    12    7201    (-,-) 
  lstm_inst/cell_inst/GEN_LSTM_NEURONS[1].neuron/tanh_cell/const_mul_82_75_g1268/Y                        -       B->Y   R     NOR2BX1         1  0.5    11    11    7212    (-,-) 
  lstm_inst/cell_inst/GEN_LSTM_NEURONS[1].neuron/tanh_cell/const_mul_82_75_g1264/Y                        -       A->Y   F     NAND2X1         1  0.5    10    12    7224    (-,-) 
  lstm_inst/cell_inst/GEN_LSTM_NEURONS[1].neuron/tanh_cell/const_mul_82_75_g1205/Y                        -       A->Y   R     NOR2X1          1  0.5    11    12    7236    (-,-) 
  lstm_inst/cell_inst/GEN_LSTM_NEURONS[1].neuron/tanh_cell/const_mul_82_75_g1204/Y                        -       B->Y   F     NOR2X1          2  1.2    12    10    7245    (-,-) 
  lstm_inst/cell_inst/GEN_LSTM_NEURONS[1].neuron/tanh_cell/const_mul_82_75_g1195/Y                        -       C->Y   R     NOR3BX2         1  1.0    19    14    7259    (-,-) 
  lstm_inst/cell_inst/GEN_LSTM_NEURONS[1].neuron/tanh_cell/const_mul_82_75_g1190/Y                        -       B->Y   F     NOR2X2          2  1.2     9     9    7268    (-,-) 
  lstm_inst/cell_inst/GEN_LSTM_NEURONS[1].neuron/tanh_cell/const_mul_82_75_g1185/Y                        -       A1->Y  R     OAI21X2         2  0.8    13    12    7280    (-,-) 
  lstm_inst/cell_inst/GEN_LSTM_NEURONS[1].neuron/tanh_cell/const_mul_82_75_g1178/Y                        -       A1->Y  F     AOI21X1         1  0.5    15    15    7295    (-,-) 
  lstm_inst/cell_inst/GEN_LSTM_NEURONS[1].neuron/tanh_cell/const_mul_82_75_g1177/Y                        -       B->Y   R     XNOR2X2         8  4.5    18    38    7333    (-,-) 
  lstm_inst/cell_inst/GEN_LSTM_NEURONS[1].neuron/tanh_cell/fopt81339/Y                                    -       A->Y   F     CLKINVX4        6  2.1     7     8    7341    (-,-) 
  lstm_inst/cell_inst/GEN_LSTM_NEURONS[1].neuron/tanh_cell/fopt81336/Y                                    -       A->Y   R     INVXL           2  0.6     8     8    7349    (-,-) 
  lstm_inst/cell_inst/GEN_LSTM_NEURONS[1].neuron/tanh_cell/g84624/Y                                       -       B0->Y  F     OAI2BB1XL       1  0.6    14    13    7362    (-,-) 
  lstm_inst/cell_inst/GEN_LSTM_NEURONS[1].neuron/tanh_cell/div_82_81_g61953/Y                             -       B->Y   R     XOR2XL          2  0.8    10    22    7384    (-,-) 
  lstm_inst/cell_inst/GEN_LSTM_NEURONS[1].neuron/tanh_cell/div_82_81_g61514/Y                             -       B->Y   F     NAND2X1         2  1.0    15    13    7397    (-,-) 
  lstm_inst/cell_inst/GEN_LSTM_NEURONS[1].neuron/tanh_cell/fopt79666/Y                                    -       A->Y   F     BUFX3           2  1.3     6    17    7415    (-,-) 
  lstm_inst/cell_inst/GEN_LSTM_NEURONS[1].neuron/tanh_cell/div_82_81_g61503/Y                             -       A0->Y  R     OAI21X2         2  2.3    21    18    7432    (-,-) 
  lstm_inst/cell_inst/GEN_LSTM_NEURONS[1].neuron/tanh_cell/div_82_81_g61487/Y                             -       A1->Y  F     AOI21X4         5  3.6    21    19    7451    (-,-) 
  lstm_inst/cell_inst/GEN_LSTM_NEURONS[1].neuron/tanh_cell/div_82_81_g61474/Y                             -       A->Y   R     NOR2X4          9  3.2    16    14    7465    (-,-) 
  lstm_inst/cell_inst/GEN_LSTM_NEURONS[1].neuron/tanh_cell/g83747/Y                                       -       B->Y   F     XNOR2X1         4  1.5    11    26    7492    (-,-) 
  lstm_inst/cell_inst/GEN_LSTM_NEURONS[1].neuron/tanh_cell/div_82_81_g61938/Y                             -       AN->Y  F     NAND2BX1        2  0.7    13    19    7511    (-,-) 
  lstm_inst/cell_inst/GEN_LSTM_NEURONS[1].neuron/tanh_cell/div_82_81_g61344/Y                             -       B->Y   R     NOR2X1          1  0.5    11    11    7522    (-,-) 
  lstm_inst/cell_inst/GEN_LSTM_NEURONS[1].neuron/tanh_cell/div_82_81_g61309/Y                             -       B->Y   F     NOR2BX1         2  1.2    11    10    7531    (-,-) 
  lstm_inst/cell_inst/GEN_LSTM_NEURONS[1].neuron/tanh_cell/div_82_81_g61276/Y                             -       B->Y   R     NOR2X2          2  1.3    12    11    7542    (-,-) 
  lstm_inst/cell_inst/GEN_LSTM_NEURONS[1].neuron/tanh_cell/div_82_81_g61269/Y                             -       B->Y   F     NOR2X2          1  1.8    10     9    7552    (-,-) 
  lstm_inst/cell_inst/GEN_LSTM_NEURONS[1].neuron/tanh_cell/div_82_81_g61258/Y                             -       B->Y   R     NOR2X4          7  5.3    19    14    7566    (-,-) 
  lstm_inst/cell_inst/GEN_LSTM_NEURONS[1].neuron/tanh_cell/fopt83000/Y                                    -       A->Y   F     INVX3           5  1.5     7     8    7574    (-,-) 
  lstm_inst/cell_inst/GEN_LSTM_NEURONS[1].neuron/tanh_cell/div_82_81_g61230/Y                             -       A1N->Y F     AOI2BB1X1       1  0.9    10    22    7596    (-,-) 
  lstm_inst/cell_inst/GEN_LSTM_NEURONS[1].neuron/tanh_cell/div_82_81_g61213/Y                             -       B0->Y  R     OAI2BB1X2       1  1.0     9     8    7605    (-,-) 
  lstm_inst/cell_inst/GEN_LSTM_NEURONS[1].neuron/tanh_cell/div_82_81_g61204/Y                             -       B->Y   F     NOR2X2          3  1.5     9     8    7613    (-,-) 
  lstm_inst/cell_inst/GEN_LSTM_NEURONS[1].neuron/tanh_cell/div_82_81_g61118/Y                             -       A->Y   R     NAND2X2         3  0.9     7     8    7621    (-,-) 
  lstm_inst/cell_inst/GEN_LSTM_NEURONS[1].neuron/tanh_cell/div_82_81_g61088/Y                             -       A1N->Y R     OAI2BB1X1       2  0.8     9    20    7642    (-,-) 
  lstm_inst/cell_inst/GEN_LSTM_NEURONS[1].neuron/tanh_cell/div_82_81_g61081/Y                             -       B->Y   F     NOR2X1          2  0.8     9     8    7650    (-,-) 
  lstm_inst/cell_inst/GEN_LSTM_NEURONS[1].neuron/tanh_cell/div_82_81_g61080/Y                             -       A->Y   F     CLKBUFX2        2  0.7     5    17    7667    (-,-) 
  lstm_inst/cell_inst/GEN_LSTM_NEURONS[1].neuron/tanh_cell/div_82_81_g61059/Y                             -       B->Y   R     NOR2BX1         2  0.8    13    11    7678    (-,-) 
  lstm_inst/cell_inst/GEN_LSTM_NEURONS[1].neuron/tanh_cell/div_82_81_g61057/Y                             -       B->Y   F     NOR2X1          1  0.4     6     8    7686    (-,-) 
  lstm_inst/cell_inst/GEN_LSTM_NEURONS[1].neuron/tanh_cell/div_82_81_g61930/Y                             -       B->Y   R     NOR2BX1         2  0.9    14    12    7697    (-,-) 
  lstm_inst/cell_inst/GEN_LSTM_NEURONS[1].neuron/tanh_cell/div_82_81_g60995/Y                             -       S0->Y  R     MXI2XL          1  0.3    16    15    7712    (-,-) 
  lstm_inst/cell_inst/GEN_LSTM_NEURONS[1].neuron/tanh_cell/div_82_81_g60993/Y                             -       B->Y   F     NOR2XL          1  0.5     9    10    7722    (-,-) 
  lstm_inst/cell_inst/GEN_LSTM_NEURONS[1].neuron/tanh_cell/div_82_81_g60949/Y                             -       B0->Y  R     AOI2BB1X1       1  0.5    11    12    7734    (-,-) 
  lstm_inst/cell_inst/GEN_LSTM_NEURONS[1].neuron/tanh_cell/div_82_81_g60886/Y                             -       B0->Y  F     OAI2BB1X1       2  0.8    13    14    7748    (-,-) 
  lstm_inst/cell_inst/GEN_LSTM_NEURONS[1].neuron/tanh_cell/fopt79752/Y                                    -       A->Y   R     INVX1           2  0.8     7     8    7756    (-,-) 
  lstm_inst/cell_inst/GEN_LSTM_NEURONS[1].neuron/tanh_cell/fopt79751/Y                                    -       A->Y   R     BUFX3           3  2.0     7    16    7772    (-,-) 
  lstm_inst/cell_inst/GEN_LSTM_NEURONS[1].neuron/tanh_cell/fopt79750/Y                                    -       A->Y   F     INVX2           1  1.0     5     6    7779    (-,-) 
  lstm_inst/cell_inst/GEN_LSTM_NEURONS[1].neuron/tanh_cell/div_82_81_g60839/Y                             -       A->Y   R     NOR2X2          1  1.0    10    11    7789    (-,-) 
  lstm_inst/cell_inst/GEN_LSTM_NEURONS[1].neuron/tanh_cell/div_82_81_g60795/Y                             -       B0->Y  F     OAI21X2         2  1.4    16    15    7804    (-,-) 
  lstm_inst/cell_inst/GEN_LSTM_NEURONS[1].neuron/tanh_cell/fopt78218/Y                                    -       A->Y   F     BUFX3           2  3.3    10    20    7824    (-,-) 
  lstm_inst/cell_inst/GEN_LSTM_NEURONS[1].neuron/tanh_cell/div_82_81_g60734/Y                             -       A->Y   R     NOR2X6          7  3.3    12    12    7836    (-,-) 
  lstm_inst/cell_inst/GEN_LSTM_NEURONS[1].neuron/tanh_cell/div_82_81_g60642/Y                             -       A1N->Y R     OAI2BB1X1       2  0.8    10    21    7857    (-,-) 
  lstm_inst/cell_inst/GEN_LSTM_NEURONS[1].neuron/tanh_cell/div_82_81_g60622/Y                             -       A->Y   F     NAND2X1         2  0.7    12    12    7870    (-,-) 
  lstm_inst/cell_inst/GEN_LSTM_NEURONS[1].neuron/tanh_cell/div_82_81_g60609/Y                             -       B->Y   R     NOR2X1          2  0.8    14    12    7882    (-,-) 
  lstm_inst/cell_inst/GEN_LSTM_NEURONS[1].neuron/tanh_cell/div_82_81_g60603/Y                             -       B->Y   F     NOR2X1          1  0.3     6     8    7890    (-,-) 
  lstm_inst/cell_inst/GEN_LSTM_NEURONS[1].neuron/tanh_cell/div_82_81_g60574/Y                             -       A1N->Y F     AOI2BB1X1       1  0.9    13    22    7912    (-,-) 
  lstm_inst/cell_inst/GEN_LSTM_NEURONS[1].neuron/tanh_cell/div_82_81_g60560/Y                             -       B0->Y  R     OAI21X2         2  1.6    18     9    7921    (-,-) 
  lstm_inst/cell_inst/GEN_LSTM_NEURONS[1].neuron/tanh_cell/div_82_81_g60531/Y                             -       A->Y   F     NAND2X2         8  3.3    23    19    7940    (-,-) 
  lstm_inst/cell_inst/GEN_LSTM_NEURONS[1].neuron/tanh_cell/div_82_81_g60500/Y                             -       B->Y   R     NAND2X2         2  1.1    10     9    7949    (-,-) 
  lstm_inst/cell_inst/GEN_LSTM_NEURONS[1].neuron/tanh_cell/div_82_81_g60474/Y                             -       S0->Y  R     MXI2X1          2  1.0    21    20    7969    (-,-) 
  lstm_inst/cell_inst/GEN_LSTM_NEURONS[1].neuron/tanh_cell/div_82_81_g60467/Y                             -       A->Y   F     INVX1           3  1.5    12    12    7981    (-,-) 
  lstm_inst/cell_inst/GEN_LSTM_NEURONS[1].neuron/tanh_cell/div_82_81_g60437/Y                             -       B->Y   R     NOR2X2          2  0.8    11    10    7991    (-,-) 
  lstm_inst/cell_inst/GEN_LSTM_NEURONS[1].neuron/tanh_cell/div_82_81_g60376/Y                             -       A->Y   F     NOR2X1          1  1.0    10    11    8001    (-,-) 
  lstm_inst/cell_inst/GEN_LSTM_NEURONS[1].neuron/tanh_cell/div_82_81_g60359/Y                             -       A1->Y  R     AOI21X2         2  1.3    14    13    8015    (-,-) 
  lstm_inst/cell_inst/GEN_LSTM_NEURONS[1].neuron/tanh_cell/div_82_81_g60350/Y                             -       B->Y   F     NOR2X2          2  1.2    10     8    8023    (-,-) 
  lstm_inst/cell_inst/GEN_LSTM_NEURONS[1].neuron/tanh_cell/div_82_81_g60316/Y                             -       A1->Y  R     OAI21X2         2  1.6    18    15    8038    (-,-) 
  lstm_inst/cell_inst/GEN_LSTM_NEURONS[1].neuron/tanh_cell/fopt78142/Y                                    -       A->Y   R     BUFX3           7  3.0     9    18    8056    (-,-) 
  lstm_inst/cell_inst/GEN_LSTM_NEURONS[1].neuron/tanh_cell/fopt78141/Y                                    -       A->Y   F     INVX2           2  1.0     5     7    8063    (-,-) 
  lstm_inst/cell_inst/GEN_LSTM_NEURONS[1].neuron/tanh_cell/div_82_81_g60294/Y                             -       B->Y   R     NAND2X1         1  0.5     9     6    8069    (-,-) 
  lstm_inst/cell_inst/GEN_LSTM_NEURONS[1].neuron/tanh_cell/div_82_81_g60229/Y                             -       B0->Y  F     OAI21X1         1  0.4    13    13    8082    (-,-) 
  lstm_inst/cell_inst/GEN_LSTM_NEURONS[1].neuron/tanh_cell/div_82_81_g60220/Y                             -       B->Y   R     NOR2X1          1  0.5    11    11    8093    (-,-) 
  lstm_inst/cell_inst/GEN_LSTM_NEURONS[1].neuron/tanh_cell/div_82_81_g60214/Y                             -       B0->Y  F     OAI2BB1X1       2  1.4    19    17    8110    (-,-) 
  lstm_inst/cell_inst/GEN_LSTM_NEURONS[1].neuron/tanh_cell/div_82_81_g60201/Y                             -       A->Y   R     INVX2           7  3.2    13    11    8121    (-,-) 
  lstm_inst/cell_inst/GEN_LSTM_NEURONS[1].neuron/tanh_cell/div_82_81_g60126/Y                             -       B->Y   F     NOR2X1          1  0.5     8     8    8130    (-,-) 
  lstm_inst/cell_inst/GEN_LSTM_NEURONS[1].neuron/tanh_cell/div_82_81_g60114/Y                             -       A1->Y  R     AOI21X1         2  0.8    16    14    8144    (-,-) 
  lstm_inst/cell_inst/GEN_LSTM_NEURONS[1].neuron/tanh_cell/div_82_81_g60099/Y                             -       A1N->Y R     AOI2BB1X4       6  3.8    16    24    8168    (-,-) 
  lstm_inst/cell_inst/GEN_LSTM_NEURONS[1].neuron/tanh_cell/fopt82578/Y                                    -       A->Y   F     INVX1           2  0.6     7     8    8176    (-,-) 
  lstm_inst/cell_inst/GEN_LSTM_NEURONS[1].neuron/tanh_cell/div_82_81_g60079/Y                             -       B->Y   R     NAND2XL         1  0.5     9     8    8184    (-,-) 
  lstm_inst/cell_inst/GEN_LSTM_NEURONS[1].neuron/tanh_cell/div_82_81_g60012/Y                             -       B0->Y  F     OAI21X1         1  0.9    18    16    8200    (-,-) 
  lstm_inst/cell_inst/GEN_LSTM_NEURONS[1].neuron/tanh_cell/div_82_81_g59996/Y                             -       B0->Y  R     AOI21X2         1  2.0    19    16    8216    (-,-) 
  lstm_inst/cell_inst/GEN_LSTM_NEURONS[1].neuron/tanh_cell/div_82_81_g59967/Y                             -       B->Y   F     NAND2X4         2  2.3    13    13    8229    (-,-) 
  lstm_inst/cell_inst/GEN_LSTM_NEURONS[1].neuron/tanh_cell/div_82_81_g59943/Y                             -       B->Y   R     NOR2X4          2  1.5    10    10    8238    (-,-) 
  lstm_inst/cell_inst/GEN_LSTM_NEURONS[1].neuron/tanh_cell/div_82_81_g59923/Y                             -       B->Y   F     NAND2X1         1  0.5    10    10    8249    (-,-) 
  lstm_inst/cell_inst/GEN_LSTM_NEURONS[1].neuron/tanh_cell/div_82_81_g59902/Y                             -       A->Y   R     NOR2X1          2  0.6    13    12    8261    (-,-) 
  lstm_inst/cell_inst/GEN_LSTM_NEURONS[1].neuron/tanh_cell/div_82_81_g59889/Y                             -       B->Y   F     NOR2XL          1  0.4     8     9    8270    (-,-) 
  lstm_inst/cell_inst/GEN_LSTM_NEURONS[1].neuron/tanh_cell/div_82_81_g59878/Y                             -       B->Y   R     NOR2X1          2  1.3    18    14    8284    (-,-) 
  lstm_inst/cell_inst/GEN_LSTM_NEURONS[1].neuron/tanh_cell/div_82_81_g59846/Y                             -       B->Y   F     NOR2X2          1  1.8    10    10    8294    (-,-) 
  lstm_inst/cell_inst/GEN_LSTM_NEURONS[1].neuron/tanh_cell/div_82_81_g59822/Y                             -       B->Y   R     NOR2X4          6  4.6    18    14    8308    (-,-) 
  lstm_inst/cell_inst/GEN_LSTM_NEURONS[1].neuron/tanh_cell/div_82_81_g59821/Y                             -       A->Y   F     CLKINVX4       10  4.0    10    10    8317    (-,-) 
  lstm_inst/cell_inst/GEN_LSTM_NEURONS[1].neuron/tanh_cell/div_82_81_g59801/Y                             -       A1->Y  R     OAI21XL         1  0.5    19    15    8332    (-,-) 
  lstm_inst/cell_inst/GEN_LSTM_NEURONS[1].neuron/tanh_cell/div_82_81_g59778/Y                             -       B0->Y  F     AOI21X1         1  0.9    19    11    8343    (-,-) 
  lstm_inst/cell_inst/GEN_LSTM_NEURONS[1].neuron/tanh_cell/div_82_81_g59756/Y                             -       B->Y   R     NAND2X2         2  2.0    11    10    8353    (-,-) 
  lstm_inst/cell_inst/GEN_LSTM_NEURONS[1].neuron/tanh_cell/fopt78150/Y                                    -       A->Y   F     INVX3           6  3.3     9     9    8362    (-,-) 
  lstm_inst/cell_inst/GEN_LSTM_NEURONS[1].neuron/tanh_cell/div_82_81_g59706/Y                             -       A->Y   R     NOR3X2          1  1.0    19    19    8381    (-,-) 
  lstm_inst/cell_inst/GEN_LSTM_NEURONS[1].neuron/tanh_cell/div_82_81_g61868/Y                             -       B->Y   F     NOR2BX2         4  3.3    14    12    8394    (-,-) 
  lstm_inst/cell_inst/GEN_LSTM_NEURONS[1].neuron/tanh_cell/div_82_81_g59677/Y                             -       B->Y   R     NOR2X2          3  1.1    12    11    8405    (-,-) 
  lstm_inst/cell_inst/GEN_LSTM_NEURONS[1].neuron/tanh_cell/div_82_81_g59637/Y                             -       B->Y   F     NOR2X1          3  1.2    11    10    8414    (-,-) 
  lstm_inst/cell_inst/GEN_LSTM_NEURONS[1].neuron/tanh_cell/div_82_81_g59626/Y                             -       B->Y   R     NOR2BX1         1  0.5    11    10    8425    (-,-) 
  lstm_inst/cell_inst/GEN_LSTM_NEURONS[1].neuron/tanh_cell/div_82_81_g59579/Y                             -       B1->Y  F     OAI22X1         1  0.5    19    15    8440    (-,-) 
  lstm_inst/cell_inst/GEN_LSTM_NEURONS[1].neuron/tanh_cell/div_82_81_g59567/Y                             -       B0->Y  R     AOI2BB1X1       1  0.5    12    14    8453    (-,-) 
  lstm_inst/cell_inst/GEN_LSTM_NEURONS[1].neuron/tanh_cell/div_82_81_g59558/Y                             -       B0->Y  F     OAI2BB1X1       3  1.3    18    16    8470    (-,-) 
  lstm_inst/cell_inst/GEN_LSTM_NEURONS[1].neuron/tanh_cell/div_82_81_g59548/Y                             -       B->Y   R     NAND2X1         1  1.0    11    11    8480    (-,-) 
  lstm_inst/cell_inst/GEN_LSTM_NEURONS[1].neuron/tanh_cell/div_82_81_g59536/Y                             -       C->Y   F     NAND3X2         1  0.4    15    13    8493    (-,-) 
  lstm_inst/cell_inst/GEN_LSTM_NEURONS[1].neuron/tanh_cell/div_82_81_g59532/Y                             -       B0->Y  R     AOI21X1         2  0.8    17    15    8508    (-,-) 
  lstm_inst/cell_inst/GEN_LSTM_NEURONS[1].neuron/tanh_cell/div_82_81_g59525/Y                             -       A0->Y  F     OAI22X1         3  1.4    28    26    8534    (-,-) 
  lstm_inst/cell_inst/GEN_LSTM_NEURONS[1].neuron/tanh_cell/csa_tree_add_82_68_groupi_g8134/CO             -       CI->CO F     ADDFX1          1  1.1    12    36    8570    (-,-) 
  lstm_inst/cell_inst/GEN_LSTM_NEURONS[1].neuron/tanh_cell/csa_tree_add_82_68_groupi_g8119/CO             -       A->CO  F     ADDFXL          1  0.8    10    32    8603    (-,-) 
  lstm_inst/cell_inst/GEN_LSTM_NEURONS[1].neuron/tanh_cell/csa_tree_add_82_68_groupi_g8110/CO             -       CI->CO F     ADDFXL          1  0.8    10    31    8634    (-,-) 
  lstm_inst/cell_inst/GEN_LSTM_NEURONS[1].neuron/tanh_cell/csa_tree_add_82_68_groupi_g8105/CO             -       CI->CO F     ADDFXL          1  0.8    10    31    8664    (-,-) 
  lstm_inst/cell_inst/GEN_LSTM_NEURONS[1].neuron/tanh_cell/csa_tree_add_82_68_groupi_g8098/CO             -       CI->CO F     ADDFXL          1  0.8    10    31    8695    (-,-) 
  lstm_inst/cell_inst/GEN_LSTM_NEURONS[1].neuron/tanh_cell/csa_tree_add_82_68_groupi_g8089/CO             -       CI->CO F     ADDFX1          2  1.3    12    34    8730    (-,-) 
  lstm_inst/cell_inst/GEN_LSTM_NEURONS[1].neuron/tanh_cell/csa_tree_add_82_68_groupi_g8082/Y              -       A1->Y  R     AOI21X2         2  0.8    12    12    8742    (-,-) 
  lstm_inst/cell_inst/GEN_LSTM_NEURONS[1].neuron/tanh_cell/csa_tree_add_82_68_groupi_g8068/Y              -       A1N->Y R     AOI2BB1X4       2  2.4    12    22    8764    (-,-) 
  lstm_inst/cell_inst/GEN_LSTM_NEURONS[1].neuron/tanh_cell/csa_tree_add_82_68_groupi_g8057/Y              -       A2->Y  F     OAI31X4         1  1.1    19    12    8776    (-,-) 
  lstm_inst/cell_inst/GEN_LSTM_NEURONS[1].neuron/tanh_cell/csa_tree_add_82_68_groupi_g8052/CO             -       CI->CO F     ADDFHXL         1  0.8     9    31    8808    (-,-) 
  lstm_inst/cell_inst/GEN_LSTM_NEURONS[1].neuron/tanh_cell/csa_tree_add_82_68_groupi_g8049/CO             -       CI->CO F     ADDFXL          1  0.8    10    31    8838    (-,-) 
  lstm_inst/cell_inst/GEN_LSTM_NEURONS[1].neuron/tanh_cell/csa_tree_add_82_68_groupi_g8046/CO             -       CI->CO F     ADDFX1          1  0.8    10    33    8871    (-,-) 
  lstm_inst/cell_inst/GEN_LSTM_NEURONS[1].neuron/tanh_cell/csa_tree_add_82_68_groupi_g8043/CO             -       CI->CO F     ADDFXL          1  0.8    10    31    8902    (-,-) 
  lstm_inst/cell_inst/GEN_LSTM_NEURONS[1].neuron/tanh_cell/csa_tree_add_82_68_groupi_g8039/CO             -       CI->CO F     ADDFX1          1  0.8    10    33    8935    (-,-) 
  lstm_inst/cell_inst/GEN_LSTM_NEURONS[1].neuron/tanh_cell/csa_tree_add_82_68_groupi_g8028/CO             -       CI->CO F     ADDFX1          2  1.2    12    34    8969    (-,-) 
  lstm_inst/cell_inst/GEN_LSTM_NEURONS[1].neuron/tanh_cell/csa_tree_add_82_68_groupi_g8026/Y              -       B->Y   R     NAND2BX2        2  1.3     9     8    8977    (-,-) 
  lstm_inst/cell_inst/GEN_LSTM_NEURONS[1].neuron/tanh_cell/csa_tree_add_82_68_groupi_g8019/Y              -       B->Y   F     NOR2X2          2  2.3    14     9    8986    (-,-) 
  lstm_inst/cell_inst/GEN_LSTM_NEURONS[1].neuron/tanh_cell/csa_tree_add_82_68_groupi_g7982/Y              -       A1->Y  R     AOI21X4         2  1.4    14    12    8998    (-,-) 
  lstm_inst/cell_inst/GEN_LSTM_NEURONS[1].neuron/tanh_cell/csa_tree_add_82_68_groupi_g7955/Y              -       A2->Y  F     OAI31X2         1  1.0    20    14    9012    (-,-) 
  lstm_inst/cell_inst/GEN_LSTM_NEURONS[1].neuron/tanh_cell/csa_tree_add_82_68_groupi_g7952/Y              -       A1->Y  R     AOI21X2         1  1.1    14    14    9026    (-,-) 
  lstm_inst/cell_inst/GEN_LSTM_NEURONS[1].neuron/tanh_cell/csa_tree_add_82_68_groupi_g7949/Y              -       A1->Y  F     OAI21X2         1  0.8    14    13    9038    (-,-) 
  lstm_inst/cell_inst/GEN_LSTM_NEURONS[1].neuron/tanh_cell/csa_tree_add_82_68_groupi_g7948/CO             -       CI->CO F     ADDFXL          1  0.8    10    31    9070    (-,-) 
  lstm_inst/cell_inst/GEN_LSTM_NEURONS[1].neuron/tanh_cell/csa_tree_add_82_68_groupi_g7947/CO             -       CI->CO F     ADDFX1          1  0.8    10    33    9103    (-,-) 
  lstm_inst/cell_inst/GEN_LSTM_NEURONS[1].neuron/tanh_cell/csa_tree_add_82_68_groupi_g7946/CO             -       CI->CO F     ADDFXL          1  0.8    10    31    9134    (-,-) 
  lstm_inst/cell_inst/GEN_LSTM_NEURONS[1].neuron/tanh_cell/csa_tree_add_82_68_groupi_g7945/CO             -       CI->CO F     ADDFXL          1  0.8    10    31    9164    (-,-) 
  lstm_inst/cell_inst/GEN_LSTM_NEURONS[1].neuron/tanh_cell/csa_tree_add_82_68_groupi_g7944/CO             -       CI->CO F     ADDFX1          1  0.8    10    33    9197    (-,-) 
  lstm_inst/cell_inst/GEN_LSTM_NEURONS[1].neuron/tanh_cell/csa_tree_add_82_68_groupi_g7943/CO             -       CI->CO F     ADDFXL          1  0.8    10    31    9228    (-,-) 
  lstm_inst/cell_inst/GEN_LSTM_NEURONS[1].neuron/tanh_cell/csa_tree_add_82_68_groupi_g83633/S             -       CI->S  R     ADDFXL          2  0.8    11    43    9271    (-,-) 
  lstm_inst/cell_inst/GEN_LSTM_NEURONS[1].neuron/tanh_cell/g1496/Y                                        -       B->Y   F     NAND2BXL        1  0.3    10    10    9281    (-,-) 
  lstm_inst/cell_inst/GEN_LSTM_NEURONS[1].neuron/tanh_cell/g83637/Y                                       -       AN->Y  F     NAND2BX1        1  0.9    14    20    9301    (-,-) 
  lstm_inst/cell_inst/GEN_LSTM_NEURONS[1].neuron/tanh_cell/g1492/Y                                        -       A->Y   F     AND2X6          7  7.9    12    22    9323    (-,-) 
  lstm_inst/cell_inst/GEN_LSTM_NEURONS[1].neuron/tanh_cell/fopt80449/Y                                    -       A->Y   R     CLKINVX6        9  5.9     9     8    9332    (-,-) 
  lstm_inst/cell_inst/GEN_LSTM_NEURONS[1].neuron/tanh_cell/fopt80444/Y                                    -       A->Y   F     INVX2           4  3.0    10    10    9342    (-,-) 
  lstm_inst/cell_inst/GEN_LSTM_NEURONS[1].neuron/tanh_cell/g1469/Y                                        -       B->Y   R     NOR2BX1         3  1.4    20    15    9357    (-,-) 
  lstm_inst/cell_inst/GEN_LSTM_NEURONS[1].neuron/g128/Y                                                   -       B->Y   F     CLKXOR2X2      28  9.9    34    50    9406    (-,-) 
  lstm_inst/cell_inst/GEN_LSTM_NEURONS[1].neuron/mul_213_22_g10742/Y                                      -       B->Y   R     NOR2X4          8  3.1    17    14    9421    (-,-) 
  lstm_inst/cell_inst/GEN_LSTM_NEURONS[1].neuron/fopt51510/Y                                              -       A->Y   F     INVX2           1  1.4     8     9    9430    (-,-) 
  lstm_inst/cell_inst/GEN_LSTM_NEURONS[1].neuron/fopt51505/Y                                              -       A->Y   R     INVX3          19  5.7    13    11    9440    (-,-) 
  lstm_inst/cell_inst/GEN_LSTM_NEURONS[1].neuron/mul_213_22_g10319/Y                                      -       A1N->Y R     OAI2BB1X1       1  1.2    13    22    9463    (-,-) 
  lstm_inst/cell_inst/GEN_LSTM_NEURONS[1].neuron/mul_213_22_cdnfadd_024_3/S                               -       A->S   F     ADDFX1          1  0.8    10    50    9512    (-,-) 
  lstm_inst/cell_inst/GEN_LSTM_NEURONS[1].neuron/mul_213_22_cdnfadd_024_5/S                               -       CI->S  R     ADDFXL          1  1.2    14    45    9557    (-,-) 
  lstm_inst/cell_inst/GEN_LSTM_NEURONS[1].neuron/mul_213_22_cdnfadd_024_8/CO                              -       A->CO  R     ADDFX1          1  1.2    11    33    9590    (-,-) 
  lstm_inst/cell_inst/GEN_LSTM_NEURONS[1].neuron/mul_213_22_cdnfadd_025_9/S                               -       B->S   F     ADDFX1          1  0.8    10    49    9639    (-,-) 
  lstm_inst/cell_inst/GEN_LSTM_NEURONS[1].neuron/mul_213_22_cdnfadd_025_10/S                              -       CI->S  R     ADDFX1          2  1.5    13    50    9689    (-,-) 
  lstm_inst/cell_inst/GEN_LSTM_NEURONS[1].neuron/mul_213_22_g9915/Y                                       -       B->Y   F     NAND2X1         2  1.4    19    16    9705    (-,-) 
  lstm_inst/cell_inst/GEN_LSTM_NEURONS[1].neuron/mul_213_22_g9819/Y                                       -       B0->Y  R     OAI21X2         2  1.0    15     9    9714    (-,-) 
  lstm_inst/cell_inst/GEN_LSTM_NEURONS[1].neuron/mul_213_22_g9767/Y                                       -       A1->Y  F     AOI21X1         1  0.5    15    15    9729    (-,-) 
  lstm_inst/cell_inst/GEN_LSTM_NEURONS[1].neuron/mul_213_22_g9758/Y                                       -       A1->Y  R     OAI21X1         1  1.0    21    18    9746    (-,-) 
  lstm_inst/cell_inst/GEN_LSTM_NEURONS[1].neuron/mul_213_22_g9751/Y                                       -       B0->Y  F     AOI21X2         2  1.2    16    10    9756    (-,-) 
  lstm_inst/cell_inst/GEN_LSTM_NEURONS[1].neuron/mul_213_22_g9747/Y                                       -       B->Y   R     NOR2X2          2  1.3    13    12    9768    (-,-) 
  lstm_inst/cell_inst/GEN_LSTM_NEURONS[1].neuron/mul_213_22_g9745/Y                                       -       B->Y   F     NAND2X2         1  0.9    12    11    9779    (-,-) 
  lstm_inst/cell_inst/GEN_LSTM_NEURONS[1].neuron/mul_213_22_g9740/Y                                       -       B->Y   R     NAND2X2         2  1.3     8     8    9787    (-,-) 
  lstm_inst/cell_inst/GEN_LSTM_NEURONS[1].neuron/mul_213_22_g9734/Y                                       -       B->Y   F     NAND2X2         2  1.2    12    11    9798    (-,-) 
  lstm_inst/cell_inst/GEN_LSTM_NEURONS[1].neuron/mul_213_22_g9731/Y                                       -       B->Y   R     NOR2X2          2  1.3    12    11    9809    (-,-) 
  lstm_inst/cell_inst/GEN_LSTM_NEURONS[1].neuron/mul_213_22_g9721/Y                                       -       A1->Y  F     AOI21X2         2  1.2    16    15    9824    (-,-) 
  lstm_inst/cell_inst/GEN_LSTM_NEURONS[1].neuron/mul_213_22_g9716/Y                                       -       B->Y   R     NOR2X2          1  0.5    10    10    9834    (-,-) 
  lstm_inst/cell_inst/GEN_LSTM_NEURONS[1].neuron/mul_213_22_g9715/Y                                       -       B->Y   F     NOR2X1          2  0.7     9     8    9842    (-,-) 
  lstm_inst/cell_inst/GEN_LSTM_NEURONS[1].neuron/mul_213_22_g9708/Y                                       -       B->Y   R     NOR2X1          3  0.9    14    12    9854    (-,-) 
  lstm_inst/cell_inst/GEN_LSTM_NEURONS[1].neuron/g52188/Y                                                 -       A1N->Y R     OAI2BB1X1       2  1.3    13    23    9877    (-,-) 
  lstm_inst/cell_inst/GEN_LSTM_NEURONS[1].neuron/mul_213_22_g9694/Y                                       -       B->Y   F     NAND2X2         2  0.7    10    10    9887    (-,-) 
  lstm_inst/cell_inst/GEN_LSTM_NEURONS[1].neuron/mul_213_22_g9689/Y                                       -       B->Y   R     NOR2X1          1  0.3     9     9    9896    (-,-) 
  lstm_inst/cell_inst/GEN_LSTM_NEURONS[1].neuron/mul_213_22_g214/Y                                        -       A1N->Y R     AOI2BB1XL       2  0.6    16    17    9914    (-,-) 
  lstm_inst/cell_inst/GEN_LSTM_NEURONS[1].neuron/mul_213_22_g9682/Y                                       -       A1N->Y R     AOI2BB1XL       1  0.3    11    15    9929    (-,-) 
  lstm_inst/cell_inst/GEN_LSTM_NEURONS[1].neuron/mul_213_22_g9681/Y                                       -       A->Y   F     NOR2XL          1  0.3     8     9    9938    (-,-) 
  lstm_inst/cell_inst/GEN_LSTM_NEURONS[1].neuron/g210/Y                                                   -       A1->Y  F     OA21X1          2  1.8    13    29    9966    (-,-) 
  lstm_inst/g5809/Y                                                                                       -       B->Y   R     NAND2X2         6  3.0    14    11    9977    (-,-) 
  lstm_inst/g5626/Y                                                                                       -       B0->Y  F     OAI2BB1X1       1  0.3     9    12    9989    (-,-) 
  lstm_inst/h_curr_reg[1][31]/D                                                                           <<<     -      F     DFFRX4          1    -     -     0    9989    (-,-) 
#----------------------------------------------------------------------------------------------------------------------------------------------------------------------------------

