Verilog Python GroundTruth
0.185059 0.173584           1
0.393234 0.207809           1
0.503464 0.263687           0
1.000000 0.958725           1
0.279785 0.142746           0
0.889923 0.804352           1
0.877335 0.913940           1
0.188705 0.241089           1
0.774414 0.802765           0
0.174881 0.074265           0
0.569611 0.194138           0
0.778717 0.743927           1
0.220535 0.093597           0
0.180161 0.026642           0
0.216095 0.012680           0
0.217575 0.224930           1
0.830948 0.817383           1
0.847488 0.720169           1
0.306992 0.425476           1
0.785034 0.805588           1
0.197418 0.179886           1
0.479050 0.365814           1
0.825119 0.960968           1
0.804230 0.877625           1
0.346039 0.436005           1
0.819641 0.794006           1
0.419037 0.748886           1
0.890289 0.961716           1
0.678848 0.774429           0
0.162689 0.144318           1
0.235504 0.065109           0
0.625137 0.769226           1
0.521469 0.621704           0
0.000000 0.015182           0
0.868332 0.944794           1
0.378845 0.259811           0
0.139343 0.023972           0
0.366455 0.180878           0
0.212051 0.087692           0
0.449402 0.191132           0
0.000000 0.030899           0
0.158417 0.138763           1
0.109650 0.032898           0
0.334763 0.107346           0
0.788284 0.857452           1
0.836502 0.966949           1
0.892853 0.891403           1
0.325104 0.694504           1
0.822540 0.837082           1
0.141144 0.086700           1
0.219559 0.334305           0
1.000000 0.993164           1
0.518814 0.367706           0
0.838150 0.913971           1
0.786316 0.741257           0
0.771118 0.882706           1
0.128433 0.100235           0
0.580276 0.646179           1
0.803604 0.867325           0
0.258881 0.237167           0
0.176682 0.024200           0
0.879730 0.905685           0
0.000000 0.020767           0
0.268982 0.241791           0
0.807755 0.777008           1
0.427780 0.165268           1
0.234085 0.118271           0
0.792358 0.753510           0
0.569382 0.580307           0
0.474533 0.378342           0
0.212814 0.123566           0
0.158249 0.085739           0
0.182831 0.078766           0
0.594437 0.354233           0
0.858780 0.809402           1
0.556717 0.241913           1
0.642487 0.738907           0
0.665894 0.771027           1
0.258347 0.175964           0
0.851303 0.890411           0
0.107147 0.053619           0
0.190613 0.013412           0
0.528885 0.757126           1
0.620453 0.791031           1
0.785675 0.882828           1
0.887680 0.938797           0
0.897949 0.931976           1
0.864395 0.938431           1
0.878632 0.961090           1
0.359711 0.350845           1
0.273575 0.466644           0
0.177307 0.185181           0
0.598694 0.343079           0
0.195358 0.119278           0
0.233688 0.332031           1
0.893433 0.947403           1
1.000000 0.979385           1
0.824142 0.932556           1
0.889938 0.917618           1
0.861710 0.903976           1
0.565414 0.315643           1
0.000000 0.009186           0
0.143066 0.079453           0
0.758972 0.844254           1
0.132874 0.084351           0
0.762695 0.500198           1
0.269043 0.130783           0
0.169876 0.232742           0
0.864624 0.971970           1
0.133224 0.080185           0
0.744904 0.648483           0
0.000000 0.007126           0
0.000000 0.010941           0
0.388138 0.188812           0
0.321426 0.246078           0
0.284683 0.216248           0
0.690948 0.806870           1
0.860229 0.895554           1
0.879745 0.959686           1
0.897293 0.951691           1
0.192810 0.037659           0
1.000000 0.971191           1
0.845978 0.905197           1
0.859985 0.977173           1
0.306793 0.141708           0
0.794647 0.880280           1
0.859848 0.953003           1
0.110809 0.131897           0
0.838593 0.388992           0
0.226715 0.125656           0
0.550003 0.549927           0
0.853485 0.948700           1
0.680374 0.846298           1
0.203232 0.103134           0
0.829514 0.989609           1
0.607758 0.624908           1
0.899246 0.945877           0
0.877594 0.867920           0
0.784348 0.839523           1
0.876587 0.976181           1
0.370972 0.272781           0
0.825073 0.872192           1
0.878662 0.919296           1
0.816666 0.912262           1
0.148071 0.057419           0
0.670456 0.820709           1
0.844833 0.866241           0
0.881622 0.849548           1
0.260773 0.388763           0
0.897232 0.915726           1
0.816574 0.955261           1
0.316376 0.257065           0
0.197342 0.112015           0
0.817581 0.826187           1
0.120544 0.050369           0
0.455109 0.463501           1
0.774979 0.832611           1
0.588669 0.277390           0
0.364456 0.143356           0
0.739105 0.869553           0
0.901489 0.976334           1
0.274445 0.184769           1
0.884781 0.932388           1
0.440918 0.399826           0
0.242081 0.190155           0
0.885269 0.897202           1
0.719208 0.299530           0
0.314362 0.211853           0
0.325027 0.265228           0
0.811234 0.835266           0
0.901443 0.740631           1
0.883804 0.984665           1
0.104294 0.070847           0
0.425537 0.412689           1
0.125732 0.120178           0
0.716095 0.874832           1
0.674805 0.461533           1
0.865219 0.909683           1
0.592422 0.796188           0
0.539200 0.348907           0
0.174896 0.040771           0
0.344635 0.517700           1
0.316727 0.156479           1
0.600601 0.397507           1
0.536087 0.816330           1
0.866196 0.893692           1
0.891464 0.960159           1
0.278625 0.148392           0
0.703674 0.866943           1
0.115631 0.074265           0
0.278290 0.240692           1
0.894714 0.967667           1
0.859741 0.931244           1
0.416687 0.341858           0
0.879669 0.901169           1
0.099945 0.097473           0
0.494232 0.471695           1
0.206924 0.063416           0
0.301147 0.186859           1
0.743439 0.743393           1
0.201462 0.119064           0
0.220352 0.158554           0
0.121841 0.105438           0
0.797089 0.847031           1
0.206070 0.161057           1
0.368088 0.676605           1
0.855072 0.924072           1
0.807495 0.984177           1
0.485428 0.341080           1
0.772842 0.846802           1
0.233246 0.273071           1
0.891434 0.946930           1
0.878464 0.951447           1
0.862473 0.872147           0
0.842606 0.816406           1
0.205475 0.214081           0
0.828232 0.881348           1
0.096878 0.031158           0
0.113342 0.142197           0
0.843933 0.916412           0
0.715927 0.774216           1
0.193253 0.180679           0
0.858932 0.962067           1
0.274048 0.177536           0
0.340744 0.250244           0
0.614441 0.741745           1
0.336838 0.402374           1
0.795258 0.916428           1
0.300171 0.260696           0
0.515533 0.276703           0
0.835754 0.965424           1
0.439606 0.604111           0
0.136353 0.049393           0
1.000000 0.963913           1
0.232758 0.211639           0
0.212616 0.237961           0
0.850250 0.947815           1
0.878891 0.949341           1
0.396683 0.140869           0
0.230011 0.072159           0
0.364944 0.742538           0
0.000000 0.008209           0
0.332336 0.408707           0
0.599670 0.361237           0
0.834686 0.935287           0
0.199142 0.503723           0
0.553543 0.364410           0
0.725189 0.869125           1
0.295654 0.255157           0
0.877762 0.875061           1
0.714294 0.787720           1
0.897064 0.898773           1
0.295715 0.634888           1
0.000000 0.001785           0
0.852127 0.943283           0
0.000000 0.036743           0
0.704666 0.823822           0
0.642822 0.602905           0
0.390579 0.444519           0
0.655167 0.781906           1
0.204422 0.243027           0
0.801666 0.857849           1
0.108902 0.057816           0
0.156830 0.071640           0
0.681824 0.775925           1
0.413376 0.232010           0
0.384811 0.526627           1
0.292953 0.224594           0
0.891693 0.871414           1
0.835327 0.941910           1
0.242477 0.311157           0
0.415344 0.151138           1
0.187485 0.103699           0
0.344421 0.257263           0
0.749283 0.822525           1
0.406540 0.306702           0
0.389893 0.408325           1
0.798416 0.880096           1
0.874420 0.971817           1
0.496841 0.610596           1
0.000000 0.041214           0
0.816971 0.902573           1
0.873932 0.973816           1
0.536591 0.407883           1
0.532242 0.492935           1
0.435669 0.262802           1
0.543320 0.264847           0
0.780930 0.786667           1
0.174332 0.105728           0
0.749344 0.847336           1
0.276108 0.672501           1
0.592865 0.783951           1
0.696213 0.335251           1
0.641464 0.653458           1
0.120193 0.086182           0
0.119461 0.006256           0
0.253723 0.172424           0
0.675110 0.897049           1
0.517349 0.322815           1
0.430099 0.137833           0
0.818573 0.880310           0
0.903275 0.969971           1
0.268570 0.194687           0
0.221588 0.147842           0
0.859116 0.977921           1
0.807175 0.981857           1
0.857483 0.796356           0
0.137238 0.089325           0
0.000000 0.016876           0
0.246231 0.270309           0
0.537201 0.573502           0
0.248672 0.135696           0
0.773987 0.827408           1
0.465027 0.673523           1
0.105072 0.034073           0
0.859161 0.900940           1
0.616745 0.658997           0
0.758575 0.745712           1
0.798340 0.713394           1
0.159927 0.116760           0
0.644745 0.531784           0
0.373688 0.273804           0
0.419220 0.217728           1
0.347397 0.268188           0
0.108582 0.116714           0
0.796204 0.849060           1
0.404526 0.328979           1
0.610565 0.782684           1
0.813568 0.966003           1
0.672821 0.872055           1
0.672821 0.673370           0
0.138580 0.035889           0
0.208405 0.080399           0
0.551758 0.446014           1
0.682251 0.622528           1
0.886520 0.912598           1
0.369522 0.204224           0
0.644867 0.854080           1
0.261002 0.174789           0
0.454483 0.376556           0
0.759521 0.847015           1
0.749374 0.762802           1
0.240692 0.144241           0
0.147507 0.197266           0
0.194946 0.189178           0
0.277008 0.183640           0
0.270432 0.247086           0
0.000000 0.011185           0
0.288116 0.164017           0
0.846481 0.756683           1
0.295258 0.305649           0
0.596405 0.748627           1
0.273270 0.198914           0
0.476166 0.241364           0
0.139954 0.079468           0
0.531189 0.729431           0
0.471420 0.224808           0
0.848358 0.975098           1
0.703583 0.184708           0
0.245132 0.196518           0
0.173996 0.137497           0
0.503632 0.209900           0
0.422775 0.252838           0
0.227524 0.127441           0
0.692169 0.766800           0
0.900864 0.967346           1
0.876221 0.894592           1
0.160400 0.148514           0
0.842041 0.883102           1
0.468491 0.836899           0
0.786392 0.854294           1
0.710983 0.690781           1
1.000000 0.966782           1
0.229599 0.249252           0
0.901550 0.945663           1
0.778717 0.824844           1
0.754150 0.819443           1
0.121094 0.017487           0
0.361557 0.257660           0
0.450180 0.271149           0
0.835190 0.827438           1
0.763321 0.806900           0
0.265961 0.047577           0
0.164490 0.116058           0
0.642471 0.404465           0
0.553864 0.217606           1
0.374130 0.407501           0
0.883957 0.939163           1
0.305313 0.137375           0
0.209961 0.127640           0
0.202637 0.024811           0
0.286728 0.135300           0
0.772568 0.821976           1
0.790329 0.505737           0
0.123260 0.024078           0
0.600204 0.923615           1
0.812180 0.823547           1
0.301224 0.270752           0
0.202484 0.071671           0
0.278915 0.295212           0
0.788513 0.821899           0
0.324463 0.398392           0
0.840942 0.927689           1
0.809067 0.942505           1
0.586060 0.689087           0
0.465851 0.332458           1
0.270386 0.404190           0
0.466110 0.307114           0
0.251434 0.182693           0
0.841248 0.987808           1
0.283646 0.241455           0
0.142914 0.189651           1
0.558899 0.353729           1
0.202042 0.111694           0
0.565491 0.388123           1
0.159302 0.192261           0
0.838303 0.848282           1
0.135605 0.044052           0
0.715012 0.437790           0
0.888702 0.924606           1
0.486923 0.162964           0
0.000000 0.033127           0
0.855026 0.929626           1
0.884186 0.941696           1
1.000000 0.989487           1
0.190277 0.123459           0
0.737259 0.782349           1
0.199753 0.264099           0
0.206421 0.164612           0
0.282715 0.643539           1
0.192276 0.070602           0
0.339340 0.162857           0
0.262558 0.224411           1
0.384979 0.530350           0
0.472794 0.322067           0
0.718369 0.806595           1
0.861237 0.970718           1
0.604706 0.841690           1
0.168121 0.052322           0
0.709198 0.518295           1
0.247574 0.059708           0
0.112213 0.008530           0
0.623260 0.766403           1
0.899124 0.958740           1
0.168289 0.194366           0
0.836426 0.970139           1
0.145294 0.040253           0
0.552719 0.742783           0
0.590088 0.622955           0
0.544098 0.406204           0
0.683350 0.332275           0
0.246750 0.059906           0
1.000000 0.982452           1
0.675247 0.380371           0
0.793396 0.923035           1
0.812561 0.896896           1
0.119034 0.129028           0
0.834198 0.892746           1
0.889847 0.930817           1
0.596329 0.690140           1
0.484756 0.505508           1
0.000000 0.016388           0
0.314743 0.167953           1
0.817368 0.830002           1
0.445221 0.556671           1
0.428070 0.201233           0
0.371460 0.490662           1
0.234421 0.096359           0
0.801529 0.820053           1
0.677460 0.536270           1
1.000000 0.981033           1
0.827530 0.972809           1
0.338547 0.776703           0
0.744858 0.773010           0
0.336441 0.589645           1
0.204361 0.316223           0
0.234192 0.114548           0
0.105713 0.087677           1
0.523865 0.283569           0
1.000000 0.994125           1
0.815796 0.813782           1
0.761963 0.690689           1
0.134186 0.270172           0
0.258057 0.386887           0
0.640594 0.787292           1
0.205917 0.026581           0
0.550430 0.267288           1
0.439941 0.370316           1
0.769165 0.645828           1
0.750885 0.757782           1
0.800674 0.918777           1
0.260620 0.165634           0
0.200867 0.112167           0
0.520355 0.571457           1
0.528702 0.766327           1
0.225723 0.105896           0
0.258850 0.124344           0
0.215073 0.232864           1
0.359650 0.767090           1
0.851395 0.923035           1
0.543549 0.173264           0
0.760315 0.718750           1
0.591278 0.851059           1
0.763687 0.918137           1
1.000000 0.982727           1
0.356140 0.396103           0
0.189743 0.086029           0
0.738785 0.847687           1
0.183823 0.127594           0
0.103256 0.088181           0
0.426636 0.156586           1
0.127914 0.146439           0
0.758575 0.861603           1
0.198318 0.105194           0
0.170929 0.092407           0
0.163818 0.082169           0
0.749588 0.788055           0
0.415421 0.734848           1
0.893723 0.944641           1
0.111969 0.143295           0
0.682266 0.283081           0
0.772308 0.866653           1
0.125412 0.042908           0
0.326233 0.215698           1
0.661667 0.150589           0
0.748428 0.653427           0
0.833572 0.923767           1
0.593903 0.870529           0
0.891449 0.917313           1
0.114014 0.037949           0
0.131134 0.054642           0
0.548355 0.232681           0
0.391052 0.572235           1
0.662369 0.782547           0
0.760590 0.775940           0
0.816803 0.926132           1
0.128372 0.051849           0
0.860947 0.940353           1
0.170990 0.257004           1
0.762512 0.853561           1
0.608536 0.684586           0
0.687134 0.545639           1
0.132370 0.044388           0
0.604721 0.735962           1
0.230820 0.188614           0
0.487518 0.515808           1
0.748856 0.821884           1
0.095901 0.024994           0
0.261520 0.396744           0
0.580322 0.365097           1
0.813187 0.929291           1
0.724106 0.920059           1
0.309738 0.154587           0
0.286041 0.269302           0
0.365372 0.538300           0
0.808044 0.882385           1
0.798355 0.871780           0
0.292007 0.204865           0
0.762787 0.842010           1
0.693512 0.658081           1
0.000000 0.031464           0
0.472000 0.272751           0
0.305725 0.219696           1
0.776489 0.785797           1
0.192886 0.255753           0
0.000000 0.005188           0
0.768997 0.870239           1
0.818756 0.808777           1
0.499115 0.532639           1
0.628159 0.427261           1
0.810333 0.840897           1
0.686783 0.825272           1
0.885712 0.847794           1
0.219803 0.247757           0
0.230865 0.095795           0
0.681335 0.460556           0
0.283676 0.225250           0
0.839996 0.856522           1
0.306595 0.122238           0
0.299408 0.279022           0
0.882401 0.958313           1
0.409531 0.770645           0
0.151566 0.154465           0
0.221771 0.122849           0
0.692764 0.824188           1
0.438736 0.379333           0
0.740601 0.798386           0
0.768112 0.810287           1
0.815613 0.836609           1
0.126022 0.089813           0
0.214584 0.042862           0
0.487839 0.512283           1
0.547760 0.486191           0
0.275009 0.294037           0
0.000000 0.028687           0
0.789719 0.981781           1
0.313431 0.132812           0
1.000000 0.953888           1
0.115738 0.040527           0
0.300140 0.175430           0
0.495987 0.853333           1
1.000000 0.962463           1
0.881866 0.908920           1
0.816315 0.890182           1
0.265030 0.283615           0
0.596451 0.813461           1
0.132080 0.095291           0
0.286072 0.268890           1
0.420029 0.566833           1
0.183121 0.008194           0
0.129410 0.164948           0
0.624405 0.844620           1
0.272980 0.222748           0
0.501419 0.795517           1
0.881973 0.967621           1
0.734222 0.859497           1
0.435425 0.372879           1
0.838287 0.818848           0
0.519730 0.190186           0
0.768982 0.896332           0
0.880157 0.910187           1
0.220657 0.188324           0
0.224274 0.180862           0
0.550064 0.782669           1
0.759506 0.824722           1
0.750259 0.850769           1
0.798050 0.430344           1
0.374725 0.229996           0
0.850052 0.896011           1
0.391342 0.259659           1
0.733002 0.746475           1
0.290314 0.209503           0
0.402893 0.138367           0
0.473358 0.485306           0
0.536057 0.299957           1
0.323990 0.120453           0
0.776535 0.445938           1
0.783401 0.834808           1
0.305023 0.436951           0
0.849182 0.969757           1
0.524445 0.647675           0
0.120804 0.037369           0
0.000000 0.009888           0
0.286362 0.177475           0
0.892624 0.953018           1
0.854935 0.969757           1
0.230759 0.159927           1
0.000000 0.030304           0
0.202545 0.092148           0
0.672607 0.795776           0
0.193756 0.195587           0
0.355392 0.196182           0
0.096436 0.070129           0
0.413116 0.285126           0
0.123276 0.028915           0
0.893250 0.950989           1
0.558853 0.702728           0
0.759949 0.766373           1
0.689926 0.682846           0
0.699905 0.449768           0
0.279907 0.160385           0
0.212509 0.179092           0
0.847931 0.948639           1
0.680679 0.822647           1
0.372269 0.419250           1
0.680267 0.470261           0
0.726166 0.300629           0
0.141937 0.011719           0
0.869904 0.932312           1
0.901794 0.952118           1
0.764771 0.855057           0
0.000000 0.006363           0
0.143158 0.043015           0
0.479752 0.222244           1
0.753983 0.811630           0
0.111862 0.041962           0
0.099792 0.089279           0
0.219421 0.219940           0
0.750977 0.542389           0
0.815964 0.904053           1
0.256638 0.553299           1
0.686722 0.515503           1
0.677673 0.786728           1
0.856567 0.920181           1
0.827927 0.917145           1
0.307663 0.510223           1
0.294678 0.294006           0
0.801666 0.855530           0
0.850220 0.930069           1
0.336060 0.470993           0
0.126114 0.059830           0
0.362152 0.657639           1
0.648697 0.611435           0
0.291626 0.145081           0
0.361435 0.164642           0
0.475677 0.480179           0
0.898376 0.919815           1
0.141861 0.118668           1
0.892654 0.923721           1
0.209229 0.163712           0
0.199127 0.130081           0
0.388031 0.595367           1
0.565536 0.296768           0
0.578568 0.335236           0
0.411987 0.541611           0
0.822418 0.670044           1
0.492279 0.485748           1
0.697037 0.602234           0
0.730606 0.810318           0
0.886932 0.846588           1
0.000000 0.012985           0
0.407974 0.727142           1
0.753021 0.848007           1
0.568329 0.165375           0
0.207336 0.136215           0
0.863647 0.946442           1
0.208191 0.072937           0
0.501022 0.617233           1
0.489731 0.539169           0
0.651718 0.729584           0
0.898605 0.940750           0
0.203201 0.130203           1
0.881042 0.885071           1
0.758606 0.843933           1
0.199707 0.077057           0
0.876160 0.922607           1
0.767334 0.808517           1
0.292282 0.333954           0
0.535477 0.303696           1
0.225723 0.147522           0
0.890274 0.974167           1
0.892334 0.937347           1
0.123627 0.031784           0
0.597305 0.562469           0
0.888153 0.932465           1
0.673691 0.420166           0
0.900284 0.936386           1
0.767075 0.853455           1
0.785904 0.903946           1
0.142227 0.039139           0
0.869949 0.959488           1
0.298737 0.648987           0
0.838821 0.939178           1
0.515686 0.670624           1
0.810745 0.839508           1
0.311859 0.137924           0
0.834778 0.898346           1
0.284393 0.226578           0
0.895157 0.947983           1
0.371979 0.369873           0
0.740082 0.813126           1
0.000000 0.015793           0
0.109863 0.078110           0
0.754837 0.833038           0
0.117584 0.268555           1
0.887680 0.930969           1
0.263565 0.302719           0
0.314987 0.328537           0
0.395721 0.277679           0
0.196915 0.100464           0
0.000000 0.047302           0
0.599930 0.682877           1
0.702423 0.787354           1
0.177414 0.166702           0
0.110291 0.068542           0
0.371475 0.294495           1
0.585114 0.744751           0
0.626770 0.839401           0
0.325851 0.533600           0
0.231934 0.087128           0
0.899002 0.962769           1
0.186462 0.266449           0
0.612183 0.802734           1
0.852646 0.832504           1
0.542740 0.280884           0
0.207825 0.092209           0
0.604797 0.735992           0
0.505539 0.419601           1
0.757446 0.670975           1
0.661377 0.676483           1
0.486740 0.212662           0
0.797684 0.981171           1
0.716431 0.702225           0
0.141708 0.026184           0
0.171844 0.132721           0
0.000000 0.012604           0
0.897842 0.961563           1
0.874054 0.954605           1
0.244827 0.157944           0
0.399658 0.402451           0
0.797897 0.918381           1
0.718521 0.743637           1
0.806915 0.945770           1
0.860703 0.830658           1
0.764465 0.721390           0
0.857773 0.911942           1
0.147690 0.014465           0
0.245209 0.436127           1
0.248810 0.005920           0
0.860764 0.919220           1
0.853012 0.891846           1
0.205490 0.203445           0
0.259933 0.181366           0
0.848312 0.934067           1
0.193420 0.113815           0
0.388931 0.207428           0
0.231461 0.093307           0
0.549622 0.297409           1
0.403732 0.191788           0
0.206543 0.135437           0
0.516678 0.544693           0
0.231827 0.262543           1
0.248535 0.319061           0
0.103592 0.085129           0
0.850204 0.813141           1
0.743210 0.437378           0
0.871765 0.917892           1
0.180038 0.083511           0
0.000000 0.002136           0
0.219986 0.191666           1
0.155731 0.222092           0
0.270538 0.232254           0
0.189941 0.118668           0
0.739624 0.813080           1
0.438141 0.595627           1
0.799423 0.892914           0
0.442230 0.524582           1
0.752335 0.874832           1
0.720123 0.853378           0
0.192291 0.126968           0
0.238251 0.363098           0
0.606064 0.645569           0
0.561554 0.696548           1
0.820206 0.828690           1
0.848511 0.886826           1
0.142044 0.061951           0
0.257339 0.255798           0
0.000000 0.031250           0
0.846283 0.881378           1
0.272827 0.237778           0
0.457382 0.729675           0
0.000000 0.017868           0
0.799362 0.842804           0
0.741486 0.777985           1
0.417328 0.283005           0
0.874130 0.938629           1
0.658173 0.222748           1
0.661301 0.755142           1
0.888672 0.933426           1
0.794968 0.674622           1
0.137848 0.029434           0
0.303696 0.025146           0
0.863159 0.926758           1
0.152527 0.087143           0
0.814316 0.876816           0
0.123840 0.024582           0
0.794693 0.805359           0
0.744812 0.779190           1
0.831528 0.948730           1
0.238708 0.150604           0
0.434937 0.403732           1
0.794037 0.909271           1
0.141968 0.186096           0
0.152771 0.119003           0
0.270706 0.467438           0
0.473709 0.291153           0
0.369431 0.545578           0
0.000000 0.027725           0
0.696228 0.250778           0
0.872833 0.931198           1
0.836426 0.891510           1
0.757477 0.675308           1
0.865662 0.903534           1
0.898926 0.925568           1
0.737152 0.539871           1
0.873276 0.960449           1
0.771667 0.839798           0
0.605957 0.465775           1
0.341217 0.193893           0
0.693466 0.512878           1
0.893036 0.928207           1
0.000000 0.004761           0
0.209488 0.215775           0
0.879517 0.989334           1
0.785873 0.843292           1
0.731827 0.509048           0
0.134735 0.022095           0
0.231079 0.042618           0
0.627991 0.631516           0
0.157440 0.110001           0
0.460022 0.729568           1
0.707047 0.794174           1
0.434341 0.232025           0
0.000000 0.022141           0
0.752594 0.848297           1
0.870300 0.894379           1
0.735992 0.831100           1
0.594620 0.245285           0
0.407303 0.742676           1
0.149826 0.089493           0
0.175064 0.056641           0
0.804871 0.963257           1
0.852524 0.873047           0
0.630875 0.729980           1
0.722061 0.674652           1
0.382385 0.247696           1
0.809998 0.866821           1
0.208725 0.200287           0
0.230927 0.175171           1
0.687561 0.665710           0
0.127716 0.036331           0
0.507080 0.131989           0
0.318130 0.253448           0
0.628693 0.338852           1
1.000000 0.981461           1
0.827560 0.899277           1
0.626678 0.808899           1
0.695068 0.705627           0
0.837875 0.859207           1
0.253235 0.210968           0
0.662231 0.784531           0
0.860275 0.964981           1
0.752060 0.271378           1
0.375717 0.482498           1
0.168259 0.251907           0
0.798584 0.773544           1
0.379333 0.209091           1
0.617218 0.618011           0
0.893417 0.926361           1
0.167267 0.151932           0
0.432678 0.619629           1
0.808807 0.900085           1
0.698654 0.694031           0
0.268509 0.343765           1
0.374115 0.391190           0
0.778748 0.803406           1
0.172302 0.053925           0
0.874466 0.939468           1
0.560516 0.330017           0
0.574387 0.698975           0
0.746216 0.788040           1
0.551727 0.458328           1
0.141510 0.028076           0
0.244461 0.090378           0
0.258728 0.282379           0
0.269836 0.337326           0
0.731628 0.722900           1
0.408157 0.227386           0
0.871414 0.844528           1
0.000000 0.007660           0
0.102753 0.018478           0
0.368546 0.350845           0
0.627243 0.868637           1
0.816360 0.849487           0
0.239136 0.118225           0
0.786530 0.567612           1
0.451782 0.063553           0
0.153717 0.044357           0
0.319504 0.706390           1
0.438522 0.467361           0
0.360504 0.233978           0
0.814392 0.940125           0
0.587982 0.861923           1
0.867889 0.948837           1
0.835297 0.911789           1
0.315552 0.297043           0
0.273438 0.721176           1
0.258881 0.296173           0
0.473251 0.740707           0
0.395096 0.214081           0
0.508820 0.540955           0
0.856934 0.973587           1
0.158722 0.065414           0
0.289993 0.235611           1
0.116653 0.040878           0
0.279434 0.177322           0
0.310989 0.761993           0
0.287415 0.165131           0
0.864304 0.924377           1
0.118988 0.219360           1
0.399551 0.449539           1
0.190796 0.078751           0
0.140366 0.067749           0
0.566833 0.598022           0
0.237518 0.245590           0
0.864578 0.937775           1
0.869064 0.892456           1
0.548889 0.475494           0
0.706055 0.899078           1
0.784042 0.918213           1
0.502274 0.329620           0
0.736923 0.805969           1
0.139069 0.032364           0
0.344925 0.364716           0
0.123703 0.050903           0
0.000000 0.008484           0
0.000000 0.014893           0
0.451065 0.359512           1
0.617645 0.569473           1
0.114883 0.320541           0
0.817078 0.846298           1
0.536072 0.437820           1
0.272827 0.231171           0
0.209351 0.174622           0
0.880295 0.897858           1
0.766693 0.802979           1
0.884720 0.876007           1
0.259933 0.136002           0
0.213440 0.309891           1
0.808289 0.880569           1
0.276123 0.320251           1
0.442352 0.280304           0
0.640320 0.873276           1
0.000000 0.004700           0
0.135437 0.026733           0
0.850632 0.579025           1
0.396347 0.116516           0
0.843155 0.789062           0
0.138870 0.014771           0
0.768433 0.596039           1
0.385315 0.267319           0
0.581436 0.636627           0
0.218597 0.068024           0
0.853317 0.856949           1
0.207565 0.076981           0
0.151855 0.179977           0
0.760071 0.896103           0
0.883636 0.964249           1
0.200256 0.072861           0
0.618439 0.872528           1
0.172211 0.212982           1
0.248199 0.422684           0
0.876617 0.954178           1
0.366760 0.295670           1
0.534424 0.276199           1
0.214935 0.047775           0
0.450119 0.715759           1
0.213470 0.171524           0
0.288971 0.147964           0
0.145264 0.120331           0
0.136429 0.105743           0
0.465530 0.204239           0
0.223450 0.136993           0
0.568069 0.291763           1
0.178787 0.065155           0
0.189972 0.152985           0
0.134781 0.034821           0
0.846176 0.957809           1
0.000000 0.038818           0
0.895935 0.895462           1
0.107620 0.069778           0
0.887497 0.937805           0
0.172974 0.200577           1
0.722244 0.771576           0
0.899185 0.969452           1
0.137924 0.118958           0
0.119400 0.074402           0
0.475861 0.247894           0
0.479797 0.750427           0
0.898376 0.913147           1
0.130066 0.230453           0
0.657867 0.891739           1
0.393005 0.227295           0
0.838638 0.816467           0
0.673645 0.823441           1
0.874969 0.902481           0
0.211700 0.218918           1
0.123703 0.092285           0
0.332352 0.647369           1
0.808395 0.804230           1
0.827408 0.972000           1
0.786530 0.774826           0
0.403854 0.430954           0
0.129593 0.109512           0
0.883774 0.955994           1
0.740219 0.873215           1
0.493073 0.688568           0
0.172897 0.049591           0
0.122406 0.072769           0
0.831284 0.796707           1
0.562561 0.580170           1
0.182434 0.224274           0
0.500839 0.591476           0
0.233521 0.116150           0
0.347397 0.758957           1
0.894897 0.790405           0
0.160538 0.114990           0
0.487869 0.443726           0
0.869278 0.921371           0
0.866928 0.950058           1
0.705811 0.406723           0
0.860718 0.800674           1
0.886093 0.790024           1
0.661850 0.217514           0
0.487549 0.602631           1
0.507492 0.307358           0
0.448044 0.160095           1
0.806107 0.795761           1
0.877716 0.968689           1
0.099670 0.037094           0
0.481232 0.347290           1
0.217148 0.022018           0
0.684631 0.302322           1
0.805603 0.783813           0
0.451294 0.395813           1
0.831238 0.805008           1
0.347260 0.386215           1
0.256683 0.172256           0
0.284882 0.116852           0
0.602676 0.673767           1
0.738159 0.891724           0
0.711899 0.787827           1
0.867798 0.940796           1
0.247559 0.105728           0
0.864182 0.963211           1
0.749573 0.697983           0
0.119644 0.084320           0
0.275406 0.140472           0
0.241119 0.151199           0
0.316238 0.196045           0
0.353653 0.198868           0
0.237289 0.199051           1
0.787659 0.883850           1
0.753799 0.760406           0
0.410538 0.163849           1
0.894913 0.934692           1
0.633942 0.554810           1
0.250992 0.373779           1
0.448593 0.454727           1
0.246582 0.065567           0
0.176529 0.250305           0
0.891937 0.965897           1
0.830429 0.944153           1
0.314651 0.356461           0
0.882935 0.876328           0
0.778519 0.758423           0
0.834229 0.919937           1
0.262329 0.131836           0
0.173370 0.096573           0
0.000000 0.001602           0
0.662567 0.502319           0
0.809662 0.930054           1
0.244263 0.854752           1
0.417984 0.186798           1
0.696091 0.435272           0
0.746902 0.888763           1
0.125046 0.077896           0
0.809235 0.803192           1
0.305222 0.135925           0
0.804459 0.828308           1
0.785126 0.933945           1
0.827301 0.920776           1
0.321884 0.179581           0
0.239304 0.299789           1
0.804504 0.913498           1
0.246643 0.181442           0
0.713928 0.771149           1
0.106232 0.044449           0
0.598801 0.815430           1
0.214127 0.047134           0
0.664337 0.263840           0
0.467209 0.246292           1
0.259933 0.169464           0
1.000000 0.988647           1
0.113922 0.020325           0
0.898041 0.957336           1
0.227325 0.015533           0
0.512222 0.777283           0
0.735016 0.772324           1
0.747238 0.787140           1
0.874725 0.953857           1
0.872650 0.954269           1
0.132950 0.033386           0
0.577103 0.767441           0
0.873657 0.942078           1
0.406082 0.224884           0
0.769730 0.912888           1
0.000000 0.008682           0
0.764542 0.825897           1
0.843155 0.928024           1
0.206512 0.108566           1
0.000000 0.016037           0
0.208527 0.319107           0
0.317291 0.171356           0
0.282471 0.643875           0
0.866226 0.974854           1
0.845917 0.917435           1
0.875443 0.923447           1
0.899323 0.968948           1
0.384125 0.603119           1
0.838333 0.912445           1
0.829071 0.926910           1
0.161972 0.151291           0
0.260162 0.044373           0
0.898865 0.952942           1
0.861954 0.785141           1
0.241119 0.289154           1
0.110550 0.025650           0
0.230759 0.097778           0
0.140808 0.128693           0
0.854660 0.909821           1
0.528305 0.879669           1
0.865005 0.920471           1
0.414078 0.295258           0
0.416458 0.629013           0
0.116776 0.045410           0
0.000000 0.055740           0
0.502625 0.877884           1
0.680725 0.906937           1
0.816650 0.774506           1
0.737198 0.917587           0
0.841171 0.805237           1
0.516541 0.237396           1
0.791122 0.961685           1
0.832764 0.962982           1
0.340652 0.154770           0
0.700439 0.696564           0
0.356567 0.310974           1
0.411743 0.420807           0
0.110260 0.056702           0
0.135483 0.023254           0
0.308960 0.355972           1
0.473785 0.579865           1
0.671036 0.650238           1
0.629440 0.797241           1
0.000000 0.049133           0
0.753235 0.872314           1
0.702850 0.656906           1
0.877274 0.934402           1
0.232925 0.167618           0
0.183395 0.144928           0
0.274765 0.513702           0
0.762115 0.712082           0
0.556030 0.693436           0
0.175491 0.032852           0
0.187164 0.201294           0
0.535263 0.359924           0
0.604172 0.247482           0
0.626755 0.533249           0
0.158890 0.119904           0
0.137390 0.104340           0
0.352844 0.537323           0
0.467010 0.623245           1
0.398941 0.560181           0
0.757828 0.814789           1
0.492905 0.750290           0
0.000000 0.010254           0
0.277405 0.195267           0
0.448517 0.575104           0
0.738281 0.786057           1
0.320129 0.275055           1
0.862457 0.889023           1
0.778336 0.637482           1
0.241760 0.140854           0
0.726669 0.809067           1
0.209473 0.159775           0
0.526627 0.294571           1
0.491257 0.681458           0
0.766144 0.386505           1
0.290634 0.186096           0
0.203537 0.204224           0
0.457458 0.448425           0
0.716721 0.498978           1
0.760086 0.940765           1
0.478516 0.519012           0
0.465118 0.216385           0
0.318085 0.243958           0
0.659805 0.268570           0
0.209869 0.080765           0
0.859818 0.926315           1
0.284470 0.227158           1
0.233994 0.094803           0
0.865402 0.964294           1
0.753952 0.853165           1
0.862991 0.919113           1
0.825119 0.889175           1
0.184448 0.161407           0
0.883957 0.953415           1
0.794312 0.708221           1
0.156387 0.307953           0
1.000000 0.928116           1
0.890640 0.927429           1
0.392258 0.400635           1
0.244278 0.252731           0
0.784927 0.917557           1
0.657593 0.753189           1
0.261139 0.111877           1
0.782990 0.825134           0
0.856247 0.964096           1
0.806702 0.976959           1
0.286316 0.368118           0
0.273132 0.819809           0
0.578064 0.809341           1
0.854523 0.520691           1
0.127289 0.052505           0
0.613495 0.783112           1
0.194427 0.042633           0
0.763885 0.892380           1
0.811066 0.884445           1
0.177704 0.168991           0
0.761597 0.804642           1
0.742905 0.817490           1
0.464417 0.674652           1
0.245285 0.173904           0
0.825455 0.970154           0
0.741943 0.815781           1
1.000000 0.937561           1
0.405411 0.075012           0
0.289627 0.530441           0
0.886627 0.921936           1
0.554398 0.301193           1
0.659973 0.567856           1
0.687607 0.231384           1
0.253464 0.225708           0
0.515961 0.581390           1
0.562820 0.442902           1
0.833252 0.911438           1
0.812988 0.852890           1
0.322983 0.141785           0
0.810059 0.894745           1
0.859573 0.943161           1
0.380493 0.751221           1
0.325653 0.251511           0
0.830109 0.881378           1
0.259583 0.087982           1
0.590530 0.590302           0
0.788773 0.990891           1
0.635483 0.811081           1
0.000000 0.024857           0
0.685226 0.885834           1
0.533585 0.788391           0
0.380142 0.330399           1
0.245453 0.187485           1
0.271622 0.631470           0
0.400452 0.581741           1
0.880951 0.942856           1
0.866806 0.931534           1
0.899658 0.890869           1
0.120834 0.046036           0
0.107452 0.162369           0
0.128326 0.039124           0
0.139893 0.034790           0
0.796677 0.809937           1
0.689545 0.829437           1
0.269135 0.286423           0
0.802277 0.950256           1
0.795471 0.858276           1
0.745209 0.772263           1
0.210709 0.035660           0
0.691162 0.726974           1
0.250443 0.213989           0
0.591553 0.196198           1
0.320297 0.165085           0
0.134537 0.086349           0
0.788879 0.819794           1
0.472321 0.779984           1
0.742310 0.534180           1
0.368439 0.630280           1
0.794693 0.771469           1
0.174591 0.193924           0
0.368439 0.095871           1
1.000000 0.983505           1
0.745422 0.659760           1
0.864243 0.912857           1
0.755905 0.838135           1
0.000000 0.017960           0
1.000000 0.966217           1
0.116318 0.080048           0
0.743774 0.855270           1
0.000000 0.004608           0
0.223984 0.187180           0
0.823761 0.884705           0
0.880722 0.983337           1
0.807480 0.814484           1
0.557144 0.821793           1
0.179611 0.040497           0
0.547134 0.808121           1
0.832962 0.799622           1
0.168808 0.231354           0
0.284592 0.103729           0
0.120514 0.086548           0
0.704956 0.786346           1
0.389496 0.378967           0
0.525482 0.711334           1
0.147064 0.157471           0
0.501251 0.313171           0
0.502426 0.404480           0
0.889343 0.903000           1
0.848282 0.861160           1
0.727722 0.869995           1
0.832245 0.713699           1
0.181580 0.037231           0
0.572693 0.763504           1
0.242020 0.534180           1
0.276291 0.199661           0
0.841354 0.952377           1
0.244186 0.187256           1
0.356369 0.149902           0
0.690338 0.248581           0
0.266403 0.367935           1
0.335358 0.204849           0
0.499069 0.533844           0
0.885956 0.952148           1
0.119705 0.177399           0
0.621506 0.731873           0
0.850571 0.946594           1
0.739563 0.648468           0
0.848969 0.957062           0
0.628265 0.432800           0
0.806076 0.899063           1
0.609863 0.318039           0
0.832535 0.904037           1
0.261795 0.224625           0
0.828201 0.952744           1
0.255310 0.126419           0
0.467560 0.469589           1
0.752518 0.798340           1
0.234131 0.295456           0
0.101730 0.045059           0
0.333221 0.104706           0
0.151184 0.144821           0
0.333420 0.253983           0
0.127045 0.097046           0
0.866898 0.906708           1
0.778061 0.516312           1
0.000000 0.005646           0
0.197479 0.123062           0
0.216721 0.159164           0
0.763962 0.828629           1
0.418106 0.191071           0
0.286499 0.294769           0
0.151398 0.063950           0
0.603073 0.302109           0
0.287231 0.132217           0
0.217468 0.507874           1
0.118561 0.065277           0
0.471802 0.174637           0
0.822998 0.923813           1
0.134232 0.176956           0
0.806351 0.834717           1
0.339218 0.209259           0
0.307373 0.702545           1
0.281052 0.173889           1
0.663773 0.570480           0
0.885010 0.812988           1
0.356125 0.589600           1
0.881470 0.948578           1
0.145218 0.036362           0
0.886795 0.937393           1
0.619461 0.349197           1
0.133224 0.048187           0
0.827316 0.898788           1
0.170593 0.316437           1
0.000000 0.022385           0
0.770676 0.857300           1
0.111877 0.044312           0
0.841278 0.854507           1
0.398071 0.239044           0
0.313766 0.143021           0
0.117569 0.015625           0
0.656433 0.619247           1
0.476089 0.288269           1
0.772736 0.830688           1
0.421967 0.324921           0
0.553223 0.680511           1
0.000000 0.007477           0
0.266129 0.260468           0
0.157425 0.082504           1
0.882889 0.987381           1
0.450378 0.244263           0
0.374344 0.228500           0
0.862808 0.946014           1
0.399811 0.359848           0
0.352036 0.722763           0
0.629456 0.736847           0
0.857803 0.786331           1
0.239777 0.180054           1
0.787003 0.672272           1
0.161652 0.098434           0
0.888397 0.965210           1
0.358719 0.249496           1
0.688004 0.779083           0
0.899170 0.925583           1
0.822876 0.891785           0
0.776199 0.836563           1
0.323715 0.159821           0
0.813293 0.757248           1
0.274429 0.166153           1
0.283966 0.428391           1
0.380188 0.505066           0
0.790451 0.630020           1
0.203720 0.114990           1
0.785767 0.856644           1
0.745773 0.898590           1
0.000000 0.002960           0
0.296127 0.449341           0
0.131577 0.069687           0
0.591049 0.577972           0
0.776459 0.834396           1
0.675568 0.857788           0
0.351746 0.306274           0
0.726410 0.741714           1
0.817673 0.855057           1
0.866348 0.931244           1
0.834610 0.863647           0
0.807724 0.819397           1
0.254807 0.174271           1
0.387436 0.157166           0
0.793411 0.320633           1
0.882385 0.936539           1
0.415009 0.665955           1
0.225601 0.061203           0
0.179413 0.120773           1
0.755676 0.697266           0
0.208847 0.098038           0
0.611374 0.508759           1
0.736832 0.610489           1
0.880600 0.937836           1
0.740372 0.780182           1
0.148926 0.211411           0
0.814133 0.816559           0
0.405319 0.362259           1
0.488434 0.762741           1
0.397720 0.263611           1
0.494019 0.626190           1
0.889069 0.884308           1
0.776749 0.645905           1
0.702332 0.943588           1
0.759521 0.853714           0
0.439301 0.453705           1
0.826492 0.896240           1
0.855225 0.955612           1
0.342255 0.190094           0
0.837158 0.947128           1
0.227844 0.399902           0
0.124420 0.150375           0
0.181107 0.033737           0
0.546066 0.333603           1
0.666565 0.627579           0
0.807220 0.775635           1
0.572037 0.340485           1
0.100006 0.065536           0
0.860809 0.903580           1
0.659729 0.817017           1
0.771072 0.684464           1
0.718719 0.767365           0
0.628525 0.783615           0
0.855362 0.892761           0
0.896317 0.836624           0
0.801804 0.835098           1
0.130783 0.275513           0
0.275452 0.173965           0
0.867844 0.935410           1
0.835815 0.902252           1
0.387619 0.250076           0
0.837128 0.914795           1
0.512939 0.417740           1
0.540833 0.747864           1
0.746384 0.835373           1
0.000000 0.012619           0
0.849960 0.893707           1
0.183548 0.175079           0
0.239273 0.316284           0
0.861618 0.938828           1
0.756516 0.768188           0
0.661942 0.807190           1
0.183411 0.078995           0
0.321411 0.603333           1
0.162552 0.024338           0
0.626129 0.149857           0
0.000000 0.018585           0
0.849487 0.922714           1
0.435287 0.408615           0
0.476898 0.240280           1
0.128159 0.096680           0
0.516586 0.345337           0
0.497055 0.199799           0
0.377243 0.630051           0
0.259415 0.250137           0
0.455597 0.631424           0
0.230988 0.173141           0
0.890381 0.932404           1
0.169678 0.074844           0
0.790985 0.860458           1
0.789658 0.768219           1
0.383728 0.353699           0
0.603592 0.759949           0
0.837341 0.816879           0
0.683945 0.675446           0
0.347336 0.147934           0
0.351166 0.233948           0
0.405334 0.708374           1
0.000000 0.007614           0
0.615067 0.263275           0
0.128418 0.044388           0
0.371750 0.235275           0
0.103119 0.042786           0
0.000000 0.040985           0
0.705566 0.783493           1
0.135849 0.047699           0
0.332397 0.112976           0
0.155243 0.064026           0
0.254837 0.141281           0
0.100250 0.061249           0
0.197495 0.173721           0
0.828033 0.810928           1
0.246582 0.222717           0
0.809906 0.874588           1
0.797119 0.831161           1
0.898346 0.929703           1
0.212723 0.067871           0
0.259949 0.226379           0
0.630524 0.825760           0
0.120926 0.036606           0
0.811234 0.716415           1
0.254517 0.066971           0
0.000000 0.008194           0
0.859344 0.972214           1
0.325806 0.434158           0
0.679077 0.165649           0
0.834961 0.899841           1
0.150574 0.068039           0
0.627502 0.187836           1
0.100403 0.010910           0
0.903381 0.916733           1
0.135147 0.034607           0
0.811218 0.883591           1
0.348404 0.472885           0
0.790558 0.857269           1
0.266495 0.362686           1
0.593674 0.327454           0
0.428131 0.251099           1
0.110855 0.105896           0
0.610397 0.232590           1
0.275467 0.278534           0
1.000000 0.977325           1
0.777191 0.499207           0
0.643509 0.695648           0
0.685059 0.831223           1
0.170578 0.102844           0
0.685715 0.794968           1
0.846634 0.822083           1
0.543152 0.763809           1
0.768997 0.843811           1
0.294342 0.125565           0
0.180664 0.134247           0
0.389816 0.399765           0
0.831482 0.886414           1
0.756821 0.813812           1
0.416748 0.191025           0
0.568741 0.757553           1
0.209991 0.162628           0
0.254639 0.164658           1
0.259171 0.176239           0
0.778748 0.781586           1
0.532455 0.756424           1
0.319809 0.169495           1
1.000000 0.992828           1
0.860199 0.965149           1
0.407318 0.190079           0
0.763474 0.867096           1
0.457428 0.563934           1
0.843094 0.963318           0
0.554184 0.186707           1
0.191116 0.111572           0
0.528961 0.464279           1
0.143311 0.018753           0
0.708710 0.797989           1
0.159317 0.043289           0
0.231552 0.287537           0
0.401428 0.268539           1
0.539688 0.499374           1
0.845428 0.925293           1
0.698212 0.565018           1
0.105515 0.048584           0
0.733536 0.790207           0
0.894592 0.969559           1
0.133347 0.164398           0
0.000000 0.002228           0
0.156586 0.068344           0
0.243820 0.139954           0
0.796265 0.812988           1
1.000000 0.992447           1
0.211258 0.236618           0
0.223221 0.118225           0
0.373489 0.644073           1
0.858994 0.885727           1
0.819183 0.787521           1
0.802505 0.853043           1
0.839874 0.903061           1
0.842361 0.885391           0
0.368362 0.779755           1
0.844330 0.983704           1
0.862076 0.959503           1
0.801971 0.896484           0
0.215179 0.028931           0
0.163162 0.075562           0
0.285492 0.264679           0
0.405624 0.319550           0
0.869675 0.971786           0
0.705276 0.685242           0
0.588608 0.755386           1
0.350891 0.130554           0
0.387161 0.296310           1
0.102615 0.054153           0
0.872025 0.978882           1
0.878143 0.928055           1
0.723206 0.745239           1
0.281418 0.710876           0
0.394318 0.167877           0
0.659271 0.702179           1
0.407684 0.202911           0
0.000000 0.011475           0
0.721634 0.821457           0
0.857925 0.899719           0
0.803360 0.590073           1
0.513809 0.284103           0
0.269135 0.180618           0
0.698410 0.599106           0
0.386581 0.212463           0
0.435349 0.740784           1
0.239609 0.269791           0
0.526138 0.335251           1
0.132339 0.036575           0
0.889938 0.974884           1
0.783524 0.882416           1
0.799438 0.904480           1
0.264908 0.240021           0
0.547089 0.750885           1
0.126984 0.008499           0
0.642181 0.561340           0
0.179749 0.136719           0
0.882599 0.758270           1
0.118546 0.100327           0
0.273758 0.462006           0
0.557709 0.673203           0
0.220078 0.114288           0
0.000000 0.018768           0
0.587418 0.900055           1
0.893158 0.952271           1
0.000000 0.013351           0
0.793625 0.830612           1
0.658966 0.654922           1
0.165161 0.225220           0
0.437881 0.251083           0
0.000000 0.015884           0
0.614746 0.532120           1
0.868393 0.960526           1
0.782990 0.743912           1
0.298813 0.649750           1
0.262772 0.294479           0
0.466095 0.395355           0
0.137268 0.028839           0
0.752426 0.582626           1
0.856232 0.982925           1
0.583694 0.800797           1
0.279205 0.495438           1
0.547974 0.320175           0
0.167969 0.041428           0
0.571732 0.733994           1
0.790329 0.886353           1
0.838837 0.975784           1
0.550003 0.549927           0
0.000000 0.011169           0
0.463257 0.555038           1
0.173340 0.048157           0
0.671738 0.832123           1
0.882858 0.961685           1
0.363373 0.514679           0
0.380966 0.097153           0
0.139069 0.032364           0
0.827026 0.773666           1
0.725143 0.532928           1
0.666077 0.875717           1
0.118134 0.036606           0
0.279434 0.193741           0
0.740738 0.743469           1
0.633057 0.429230           0
0.801117 0.866959           1
0.847244 0.893250           1
0.577087 0.483612           0
0.823105 0.824799           1
0.266113 0.244537           0
0.255402 0.268463           0
0.151031 0.115891           1
0.632431 0.795425           1
0.754166 0.212143           0
0.682800 0.724594           1
0.258530 0.140137           0
0.725677 0.472504           1
0.846176 0.826294           1
0.793365 0.877975           1
0.764465 0.771545           1
0.365433 0.322006           0
0.398178 0.412659           1
0.187271 0.048370           0
0.640717 0.726089           0
0.368591 0.431473           0
0.823883 0.854858           1
0.622833 0.688141           1
0.823105 0.851959           1
0.485275 0.645691           0
0.138916 0.064407           0
0.781845 0.895798           1
0.500946 0.859695           1
0.766220 0.873764           1
0.145248 0.059860           0
0.659088 0.531616           1
0.488403 0.666855           0
0.455414 0.781128           1
0.766830 0.834595           1
0.705536 0.419434           0
0.856979 0.878891           0
0.794281 0.881042           1
0.420578 0.158676           0
0.121979 0.190475           0
0.778091 0.892990           1
0.712311 0.225418           0
0.633865 0.630188           1
0.194565 0.093063           0
0.144455 0.087708           0
0.849365 0.799561           1
0.770432 0.801514           1
0.777206 0.884933           0
0.491623 0.287552           1
0.802795 0.977112           1
0.625748 0.653122           0
0.307007 0.498734           0
0.000000 0.001892           0
0.136490 0.006439           0
0.828293 0.830307           1
0.311508 0.268982           0
0.146255 0.065536           1
0.622940 0.541931           1
0.130173 0.258224           0
0.252045 0.042282           0
0.788086 0.899094           1
0.588303 0.335602           1
0.344208 0.311371           0
0.617737 0.482452           0
0.824112 0.896500           1
0.361008 0.510086           0
0.264908 0.191452           0
0.852631 0.920013           1
0.879074 0.883377           1
0.805527 0.848022           0
0.425293 0.597794           0
0.251465 0.175827           0
0.874664 0.951813           1
0.836349 0.860092           1
0.760818 0.417892           1
0.797073 0.879547           1
0.260345 0.198730           0
0.506485 0.778046           1
0.870239 0.937576           1
0.226913 0.168839           0
0.258942 0.202057           0
0.400513 0.271912           1
0.470291 0.244614           0
0.117111 0.051559           0
0.820297 0.832291           1
0.599930 0.773239           1
0.902832 0.966873           1
0.633118 0.261734           1
0.210205 0.074844           0
0.338699 0.425201           0
0.166229 0.113922           0
0.178680 0.121689           0
0.203491 0.124466           0
0.752441 0.811142           0
0.200211 0.096085           0
0.776093 0.760406           1
0.329819 0.583023           0
0.161255 0.095901           0
0.573837 0.442169           0
0.461700 0.379059           0
0.226608 0.083359           0
0.889603 0.948456           1
0.324280 0.172882           0
0.282196 0.231216           0
0.256989 0.329788           1
0.417633 0.328934           0
0.244171 0.080292           0
0.471954 0.766815           1
0.242020 0.131317           0
0.890900 0.958740           1
0.270447 0.644180           0
0.424698 0.699173           0
0.269730 0.611847           1
0.691437 0.781448           1
0.207748 0.089020           0
0.701889 0.566315           0
0.829956 0.879517           1
1.000000 0.985764           1
0.326706 0.072830           0
0.737137 0.773087           0
0.768555 0.881439           1
0.864151 0.973328           1
0.197357 0.106567           0
0.749908 0.752975           0
0.271973 0.124252           0
0.108673 0.139343           0
0.606155 0.468506           0
0.867249 0.970642           1
0.721237 0.850906           1
0.703217 0.777878           1
0.836517 0.889191           1
0.843460 0.930023           1
1.000000 0.959717           1
0.749832 0.847519           1
0.271881 0.098541           0
0.726105 0.576202           1
0.298401 0.306290           1
0.470932 0.198441           0
0.783264 0.853897           1
0.318588 0.123276           0
0.768875 0.885529           0
0.116470 0.119797           0
0.457764 0.492294           0
0.140106 0.078812           0
0.300323 0.159775           1
0.134033 0.034729           0
0.267563 0.238113           1
0.845032 0.810028           1
0.861725 0.947891           1
0.899475 0.948364           1
0.810074 0.783340           1
0.504120 0.657471           0
0.238525 0.184235           0
0.396729 0.816879           1
0.410370 0.128601           1
0.212265 0.123169           0
0.732529 0.799088           0
0.379013 0.381775           1
0.791138 0.969238           1
0.207535 0.201157           0
0.392853 0.183731           0
0.161407 0.149323           0
0.122269 0.139374           0
0.305481 0.256775           1
0.580109 0.591385           1
0.810364 0.869202           1
0.529907 0.859131           0
0.714432 0.838531           1
0.773239 0.893936           0
0.525711 0.357819           1
0.339935 0.126526           0
0.806046 0.853317           1
0.871094 0.858643           1
0.298233 0.360748           1
0.139938 0.056213           0
0.741180 0.812469           1
0.826706 0.960724           1
0.800888 0.858139           1
0.880524 0.814850           1
0.636536 0.620758           0
0.209991 0.112396           0
0.140472 0.102341           0
0.863434 0.912323           1
0.651321 0.265579           0
0.335068 0.303757           0
0.770782 0.810898           1
0.138596 0.166046           0
0.174194 0.051788           0
0.818268 0.885712           1
0.777176 0.812698           1
0.103256 0.013748           0
0.000000 0.028793           0
0.651459 0.510590           1
0.248611 0.755936           1
0.193466 0.026505           0
0.787720 0.571762           1
0.899094 0.910904           1
0.296295 0.150192           0
0.139023 0.036484           0
0.756073 0.859222           1
0.841324 0.912277           1
0.747543 0.805725           1
0.219467 0.156219           0
0.732361 0.791595           1
0.395599 0.193573           0
0.823547 0.918015           1
0.726807 0.788879           1
0.320618 0.138535           0
0.854584 0.874756           1
0.798218 0.812134           1
0.730545 0.612793           0
0.127213 0.062180           0
0.447998 0.334198           1
0.806519 0.926819           1
0.750900 0.713669           0
0.271088 0.302460           0
0.835419 0.880844           1
0.249420 0.194427           0
0.399017 0.418350           0
0.638336 0.669815           1
0.882751 0.870758           1
0.866791 0.936996           1
0.385147 0.338882           1
0.328583 0.546432           1
0.190231 0.044571           0
0.830109 0.878510           1
0.391205 0.228653           0
0.169525 0.155792           0
0.290222 0.221634           0
0.872620 0.907211           1
0.875000 0.961548           1
0.715210 0.538284           1
0.390549 0.730743           1
0.101303 0.020432           0
0.747086 0.927155           1
0.890915 0.903275           1
0.890686 0.954666           1
0.711533 0.766876           1
0.117325 0.034286           0
0.000000 0.009705           0
0.854462 0.890732           1
0.341797 0.190186           0
0.885071 0.967682           1
0.418182 0.836884           1
0.827942 0.811386           1
0.706863 0.843353           1
0.000000 0.057343           0
0.429916 0.258850           0
0.362091 0.602890           0
0.476990 0.517258           0
0.817093 0.880493           1
0.365067 0.066605           0
0.767517 0.945892           1
0.514206 0.696732           1
0.268250 0.511078           0
0.899963 0.966064           1
0.560287 0.849030           1
0.644257 0.813156           1
1.000000 0.959000           1
0.392960 0.590744           1
0.511063 0.584045           1
0.833160 0.898529           1
0.191147 0.487549           0
0.098801 0.043579           0
0.105164 0.032272           0
0.784821 0.847397           1
0.870148 0.853592           1
0.483292 0.249237           0
0.831833 0.946243           1
0.601273 0.423294           0
0.425751 0.457550           0
0.340179 0.241104           0
0.301498 0.549393           1
0.841003 0.970764           1
0.108032 0.024811           0
0.000000 0.060257           0
0.529205 0.644714           0
0.158325 0.138184           0
0.265503 0.325104           0
0.788818 0.630554           1
0.110626 0.106033           0
0.840134 0.864197           1
0.711990 0.776520           1
0.871857 0.952774           1
0.450546 0.570587           1
0.237640 0.253311           0
0.453140 0.401489           0
0.843582 0.930634           1
0.777527 0.649384           1
0.870270 0.938675           1
0.824448 0.678818           1
0.167053 0.178986           0
0.829727 0.991730           1
0.835754 0.965424           1
0.856049 0.858475           1
0.735489 0.575012           1
0.741791 0.809525           1
0.730011 0.628510           0
0.123856 0.054520           0
0.166092 0.187286           0
0.733780 0.517715           1
0.639984 0.603912           1
0.851486 0.946136           1
0.836304 0.871094           1
0.704254 0.876221           0
0.236633 0.523407           0
0.250809 0.270615           0
0.114883 0.104828           0
0.615707 0.530869           0
0.701614 0.878128           1
0.471558 0.469650           1
0.365326 0.163467           0
0.111343 0.045273           0
0.309616 0.109253           0
0.195175 0.028336           0
0.423904 0.306290           0
0.867096 0.965973           1
0.818481 0.939667           1
0.360428 0.450394           0
0.190750 0.003708           0
0.898468 0.946762           1
0.897644 0.969650           1
0.000000 0.049698           0
0.699478 0.829895           1
0.441376 0.264618           0
0.822754 0.869537           1
0.352448 0.654144           1
0.886368 0.954025           1
0.560760 0.231567           0
0.342743 0.263702           0
0.400375 0.256210           0
0.646790 0.744659           1
0.257660 0.102158           0
0.107498 0.064774           0
0.899612 0.765854           1
0.752945 0.747253           1
0.515442 0.563446           1
0.784683 0.874725           1
0.764984 0.687607           1
0.731415 0.662857           1
0.898239 0.945206           1
0.574661 0.399429           1
0.167938 0.102142           0
0.724854 0.848923           0
0.727890 0.723450           1
0.586899 0.771194           1
0.779510 0.887802           1
0.852051 0.919418           1
0.242737 0.169678           0
0.858643 0.927750           1
0.193832 0.136490           0
0.844070 0.815659           1
0.645447 0.783722           1
0.862915 0.909058           1
0.121857 0.055786           0
0.165802 0.096497           0
0.701721 0.750076           1
0.617722 0.344116           1
0.599899 0.347870           0
0.789673 0.818054           0
0.152374 0.142044           0
0.810654 0.885376           1
0.790131 0.812073           1
0.729248 0.869278           1
0.442078 0.309906           1
0.573181 0.329437           1
0.801666 0.804535           1
0.874985 0.958878           1
0.569443 0.742935           1
0.000000 0.016739           0
0.864197 0.976013           1
0.363419 0.478363           0
0.848236 0.929230           1
0.323578 0.310287           0
0.109772 0.088013           0
0.712601 0.692017           1
0.247726 0.299362           0
0.326645 0.111069           0
0.000000 0.021042           0
0.242813 0.106079           0
0.117203 0.159485           0
0.611420 0.532501           0
0.836502 0.921173           0
0.850113 0.829636           1
0.156342 0.054581           0
0.605530 0.660324           0
0.538422 0.611923           0
1.000000 0.975067           1
0.369553 0.245026           0
0.900940 0.902206           1
0.836426 0.809235           1
0.667236 0.573151           0
0.409622 0.280563           0
0.211044 0.152222           0
0.864090 0.963531           1
0.460220 0.381668           0
0.779129 0.930954           1
0.807724 0.840073           1
0.155441 0.240448           0
0.702637 0.850632           1
0.802963 0.912628           1
0.381256 0.257858           0
0.459518 0.243011           1
0.517242 0.792435           1
0.195374 0.012711           0
0.506805 0.334549           0
0.655090 0.787964           1
0.877197 0.846634           1
0.176468 0.074921           0
0.751312 0.812424           1
0.579666 0.661087           0
0.766586 0.826538           1
0.333725 0.243042           0
0.669113 0.790619           1
0.862122 0.804794           0
0.499924 0.343964           1
0.752167 0.798553           1
0.885361 0.942307           1
0.673141 0.783066           1
0.755295 0.907990           1
0.098679 0.021362           0
0.836288 0.904541           1
0.815292 0.820175           1
0.699387 0.669449           0
0.162109 0.059570           0
0.305664 0.258102           1
0.000000 0.011414           0
0.755585 0.909485           1
0.685226 0.809402           1
0.208420 0.237717           0
0.817398 0.688904           1
0.784592 0.851715           1
0.832748 0.827698           1
0.136841 0.017288           0
0.865097 0.938171           0
0.381622 0.204666           1
0.862549 0.921860           1
0.853394 0.922592           1
0.117416 0.050262           0
0.262497 0.468933           1
0.589035 0.894516           1
0.606659 0.665970           1
0.420029 0.572052           0
0.481598 0.384933           1
0.338303 0.317642           0
0.768661 0.847656           1
0.853210 0.930756           1
0.000000 0.022644           0
0.579895 0.845306           1
0.175949 0.100143           0
0.227448 0.034576           1
0.882812 0.980576           1
0.189011 0.136383           0
0.652023 0.614853           0
0.870789 0.931564           1
0.799179 0.877899           1
0.723480 0.924255           1
0.884674 0.926422           1
0.823364 0.913147           1
0.708908 0.821320           1
0.826447 0.970169           1
0.834732 0.895996           1
0.796707 0.782898           0
0.760757 0.944534           1
0.000000 0.026642           0
0.860138 0.855667           1
0.862473 0.908844           1
0.873672 0.950623           1
0.128265 0.041931           0
0.183685 0.083420           0
0.800735 0.789413           1
0.497650 0.736496           1
0.357224 0.607864           0
0.298203 0.108475           0
0.305695 0.131271           1
0.139832 0.012405           0
0.843262 0.973892           1
0.674377 0.676224           1
0.374710 0.291428           0
0.391083 0.182251           0
0.685196 0.829727           1
0.858795 0.876770           1
0.782990 0.987427           1
0.498489 0.856659           1
0.422623 0.558517           0
0.838104 0.903351           1
0.248917 0.222275           0
1.000000 0.968597           1
0.158112 0.180328           0
0.808380 0.925995           1
0.337479 0.255981           0
0.787933 0.862762           1
0.861710 0.918655           1
0.469437 0.678833           0
0.643127 0.585205           0
0.279160 0.272751           1
0.887924 0.931534           1
0.818985 0.839020           1
0.239243 0.128265           1
0.180862 0.108017           0
0.554184 0.351227           0
0.161011 0.201859           0
0.000000 0.010605           0
0.690018 0.658936           0
0.505112 0.278900           0
0.212921 0.025253           0
0.313339 0.366470           0
0.000000 0.009018           0
0.164459 0.287033           1
0.194427 0.145676           0
0.661560 0.573349           1
0.459259 0.127823           0
0.696609 0.881927           1
0.860474 0.944031           1
0.827728 0.961105           1
0.821823 0.917053           1
0.229874 0.253586           0
0.610977 0.378250           1
0.665009 0.748367           1
0.848572 0.849213           1
0.730637 0.727356           1
0.142487 0.029892           0
0.518295 0.349625           1
0.732605 0.759735           1
0.321518 0.169113           0
0.892334 0.872086           1
0.885239 0.982056           1
0.861481 0.973312           1
0.855164 0.905762           1
0.726898 0.257828           0
0.818527 0.884171           1
0.873627 0.925674           1
0.373001 0.299896           0
0.129272 0.148682           0
0.104645 0.044601           0
0.806259 0.885162           1
0.227371 0.195145           0
0.227142 0.214676           0
0.272812 0.276642           1
0.123566 0.039734           0
0.514832 0.276154           0
0.635696 0.518433           0
0.810074 0.722687           1
0.102570 0.038284           0
0.726547 0.896317           1
0.257034 0.109528           0
0.825027 0.965637           1
0.824249 0.919693           1
0.767212 0.878647           1
0.575928 0.512482           0
0.842346 0.868073           1
0.866837 0.943588           1
0.862473 0.806412           1
0.873169 0.958176           1
0.898117 0.935272           1
0.575851 0.723160           1
0.882721 0.884628           1
0.878601 0.971970           1
0.115646 0.038834           0
0.000000 0.010681           0
0.796509 0.873428           0
0.635223 0.684784           0
0.122360 0.089935           0
0.502716 0.365540           0
0.609222 0.758347           0
0.798355 0.863632           1
0.472183 0.388580           1
0.114395 0.027695           0
0.505768 0.258438           0
0.368301 0.051559           0
0.000000 0.005600           0
0.725571 0.562439           1
0.503708 0.279526           0
0.151215 0.073242           0
0.815903 0.762894           1
0.826080 0.815613           1
0.131851 0.147781           1
0.184341 0.103973           0
0.365860 0.227234           0
0.890930 0.967255           1
0.613388 0.497940           1
0.220169 0.729080           1
0.710159 0.669952           1
0.183624 0.387299           0
0.199265 0.095276           0
0.757156 0.809494           1
0.750870 0.710846           0
0.658585 0.767731           1
0.137283 0.059143           0
0.882996 0.925476           1
0.218216 0.107086           0
0.739136 0.895279           1
0.803268 0.910492           1
0.703140 0.784332           1
0.298203 0.254456           1
0.745514 0.608871           0
0.101624 0.041367           0
0.339676 0.217667           1
0.775421 0.862946           1
0.737671 0.571121           1
0.359543 0.258163           0
0.265564 0.396118           0
0.579697 0.498611           1
0.315643 0.180573           0
0.774445 0.861542           1
0.864441 0.970200           1
0.749802 0.352219           1
0.635834 0.744232           0
0.396713 0.613739           1
0.867523 0.896835           1
0.788452 0.785568           1
0.271408 0.265244           0
0.801346 0.851120           1
0.880157 0.896515           1
0.238602 0.466675           1
0.839447 0.895935           1
0.895706 0.945435           1
0.729507 0.875015           1
1.000000 0.993835           1
0.362259 0.343979           0
1.000000 0.991684           1
0.865417 0.974915           1
0.000000 0.025467           0
0.778214 0.887482           1
0.262115 0.418198           1
0.543457 0.399979           0
0.800613 0.684647           1
0.514877 0.743027           1
0.261551 0.196503           0
0.760178 0.824783           0
0.195480 0.027802           0
0.000000 0.009048           0
0.000000 0.035492           0
0.166855 0.048798           0
0.851700 0.860199           1
0.395157 0.130188           0
0.829987 0.902756           1
0.540054 0.382111           0
0.891556 0.967499           1
0.703842 0.247955           1
0.175491 0.062073           0
0.329697 0.517853           0
0.299652 0.194107           0
0.699310 0.447495           0
0.252319 0.138687           0
0.095886 0.060608           0
0.860565 0.900787           1
0.451080 0.510788           1
0.604965 0.851654           1
0.743958 0.863342           1
0.871399 0.966248           1
0.483505 0.622162           1
0.558334 0.840485           1
0.145401 0.119675           0
0.000000 0.023743           0
0.806702 0.863525           1
0.778534 0.863770           1
0.790985 0.893631           1
0.190201 0.153519           1
0.196518 0.169571           0
0.797867 0.916412           1
0.354279 0.094040           0
0.282516 0.085709           0
0.726761 0.267624           1
0.429123 0.227875           0
0.182419 0.135178           0
0.712753 0.573166           1
0.821396 0.949890           1
0.850510 0.844711           1
0.754196 0.786118           1
0.497375 0.210052           0
0.594879 0.344116           1
0.803802 0.890915           1
0.805161 0.805908           1
0.394318 0.171646           0
0.353928 0.282120           0
0.279633 0.066849           0
0.000000 0.004486           0
0.096939 0.042969           0
0.849045 0.886032           1
0.632523 0.853088           1
0.839447 0.791351           1
0.628937 0.324448           0
0.522232 0.565063           0
0.840561 0.946671           1
0.682480 0.909119           1
0.312866 0.279510           0
0.743652 0.812836           1
0.688568 0.546646           0
0.000000 0.031525           0
0.556427 0.506546           1
0.585312 0.728088           1
0.667053 0.437241           1
0.587982 0.372818           1
0.000000 0.042770           0
0.772751 0.804810           1
0.232330 0.172211           0
0.000000 0.088715           0
0.333221 0.354248           1
0.812805 0.904465           1
0.832092 0.850098           1
0.471573 0.751434           1
0.502472 0.841400           1
0.865616 0.928238           1
0.768845 0.930145           1
0.233780 0.318604           1
0.282394 0.139908           0
0.875595 0.910034           0
0.124908 0.090134           0
0.812805 0.917877           1
0.272110 0.160706           1
0.830246 0.828934           1
0.871628 0.934402           1
0.172089 0.063202           0
0.794861 0.941269           1
0.775772 0.867050           1
0.708466 0.803543           1
0.751846 0.739761           1
0.588821 0.904770           1
0.133636 0.053329           0
0.133270 0.110382           0
1.000000 0.960281           1
0.616043 0.693359           0
0.495972 0.353821           1
0.855606 0.782516           0
0.871445 0.904892           1
0.396545 0.287628           0
0.272400 0.141861           0
0.544067 0.249435           0
0.662399 0.682205           1
0.794983 0.795380           0
0.250870 0.122482           0
0.426422 0.774246           1
0.874695 0.938782           1
0.856079 0.930038           1
0.248840 0.082291           0
0.430939 0.361298           0
0.832367 0.923508           0
1.000000 0.987091           1
0.857452 0.784378           1
0.275513 0.218826           0
0.359589 0.248505           0
0.888824 0.928085           1
0.360291 0.288055           1
0.256744 0.463226           0
0.874268 0.951874           1
0.148148 0.117783           0
0.158966 0.019608           0
0.654160 0.639832           1
0.178375 0.157806           0
0.615372 0.820496           0
0.493179 0.740433           0
0.684250 0.767776           0
0.843292 0.265839           0
0.882950 0.944748           1
0.745804 0.505981           1
0.398956 0.324066           1
0.773743 0.767975           1
0.644684 0.239944           0
0.718170 0.782288           0
0.200424 0.073517           0
0.770737 0.886719           1
0.751511 0.689377           1
0.551605 0.260574           1
0.828201 0.966125           1
0.445297 0.148407           1
0.579926 0.640549           1
0.834641 0.957993           1
0.000000 0.008987           0
0.184692 0.011078           0
0.532944 0.317490           0
1.000000 0.981781           1
1.000000 0.987106           1
0.251099 0.096024           0
0.315582 0.323517           0
0.605804 0.754562           1
0.754730 0.850815           1
0.826538 0.750687           1
0.650040 0.601944           0
0.155350 0.138672           0
0.682281 0.662903           1
0.869827 0.935837           1
0.711487 0.817780           1
0.527435 0.731461           0
0.000000 0.002670           0
0.546448 0.625168           0
0.854797 0.902985           1
0.788483 0.925308           1
0.890350 0.939270           1
0.000000 0.025085           0
0.768021 0.934982           1
0.462372 0.617523           1
0.770081 0.881195           0
0.127182 0.043106           0
0.000000 0.029526           0
0.276321 0.154175           0
0.545502 0.746994           1
1.000000 0.995911           1
0.646835 0.831451           1
0.261108 0.082138           0
0.243454 0.155823           0
0.563293 0.569962           1
0.895508 0.947708           1
0.000000 0.012436           0
0.834900 0.972900           1
0.576233 0.240463           0
0.381088 0.710495           1
0.272354 0.127838           0
0.891907 0.974594           1
0.846237 0.947128           1
0.158432 0.061295           0
0.876114 0.972916           1
0.836517 0.892731           1
0.561951 0.616837           1
0.844940 0.923462           1
0.137009 0.021378           0
0.861023 0.812531           1
0.000000 0.036957           0
0.294464 0.695999           0
0.277100 0.233871           0
0.314819 0.133835           0
0.736176 0.834320           1
0.709579 0.774536           1
0.115402 0.084579           0
0.766724 0.881363           1
0.869980 0.936111           1
0.734421 0.678314           1
0.805252 0.894577           1
0.118973 0.094193           0
0.500198 0.767212           1
0.790329 0.921036           1
0.797058 0.917908           1
0.123367 0.050232           0
0.779434 0.914612           1
0.815933 0.840027           1
0.657578 0.298767           0
0.898163 0.988724           1
0.817383 0.923950           1
0.359802 0.643463           1
0.345322 0.142410           0
0.196747 0.107452           0
0.383163 0.665405           1
0.232697 0.624100           1
0.770554 0.825577           1
0.158112 0.015564           0
0.238541 0.004044           0
0.295334 0.237152           0
0.757568 0.206985           1
0.724350 0.714172           1
0.280930 0.270782           1
0.262939 0.140533           0
0.236298 0.185043           0
1.000000 0.978546           1
0.234848 0.175140           0
0.736664 0.795532           0
0.208069 0.075592           0
0.229279 0.174637           0
0.188797 0.132538           0
0.872421 0.986389           1
0.771973 0.902908           1
0.806610 0.731873           0
0.675644 0.790421           1
0.000000 0.020493           0
0.601395 0.587372           1
0.876984 0.974960           1
0.793945 0.822433           1
0.388031 0.738220           1
0.870026 0.907211           1
0.745514 0.759293           0
0.206223 0.074783           0
0.591309 0.613251           1
0.775101 0.853683           1
0.609329 0.341705           0
0.566589 0.351669           0
0.783508 0.944504           1
0.000000 0.005020           0
0.231812 0.235504           0
0.494858 0.423340           1
0.779633 0.796799           1
0.755478 0.862457           1
0.893524 0.948578           1
0.753799 0.440445           0
0.883362 0.922882           1
0.461853 0.302017           0
0.295181 0.285645           0
0.543915 0.765671           1
0.381607 0.250351           0
0.822495 0.950653           1
0.861649 0.923615           1
0.829636 0.951248           1
0.222015 0.387543           0
0.595810 0.434311           0
0.395676 0.242859           0
0.194046 0.097488           0
0.247330 0.425720           1
0.266220 0.232697           0
0.792801 0.723511           1
0.602051 0.607147           0
0.711349 0.820190           1
0.509506 0.496445           0
0.241470 0.113037           0
0.205231 0.076065           0
0.155899 0.040009           0
0.791809 0.829468           1
0.419281 0.762985           1
0.219467 0.019272           0
0.634735 0.600128           0
0.336823 0.144409           0
0.712082 0.807571           1
0.383102 0.579651           1
0.729202 0.839508           1
0.133179 0.105942           0
0.763992 0.811981           1
0.490677 0.205383           0
0.710114 0.800140           1
0.000000 0.002808           0
0.310669 0.130692           0
0.377548 0.261734           0
0.715103 0.635742           0
0.213593 0.244766           0
0.334503 0.256241           0
0.225098 0.240082           0
0.844467 0.911240           1
0.892029 0.939850           1
0.143295 0.078720           0
0.391678 0.586548           0
0.455383 0.669144           1
0.106232 0.059906           0
1.000000 0.988373           1
1.000000 0.977890           1
0.149078 0.021011           0
0.801849 0.808121           0
0.758926 0.904449           1
0.107346 0.117844           0
0.137909 0.086197           0
0.165436 0.054489           0
0.487579 0.752243           1
1.000000 0.968185           1
0.215424 0.156784           0
0.357666 0.415466           0
0.782043 0.862793           1
0.863174 0.945038           1
0.301773 0.249023           0
0.537064 0.489166           0
0.351944 0.166977           0
0.883270 0.960556           1
0.171555 0.056351           0
0.304825 0.438492           1
0.100494 0.034607           0
0.815079 0.843674           1
0.877380 0.977127           1
0.772568 0.738708           0
0.180573 0.017838           0
0.176666 0.028305           0
0.806152 0.948807           1
0.144287 0.146042           0
0.737640 0.683792           1
0.741318 0.696960           1
0.281845 0.150940           0
0.668076 0.678558           1
0.893997 0.978516           1
0.722916 0.664490           1
0.380615 0.169022           0
0.292603 0.197205           0
0.887619 0.878845           1
0.784912 0.770935           1
0.201263 0.230453           1
0.873734 0.925644           1
0.789368 0.830261           1
0.563736 0.822662           0
0.865952 0.771240           0
0.588455 0.296478           0
0.669571 0.467392           1
0.115341 0.049408           0
0.212158 0.035065           0
0.353378 0.256729           1
0.138321 0.075562           0
0.000000 0.009949           0
0.891541 0.844070           1
0.798157 0.843811           1
0.714722 0.857956           1
0.158463 0.101715           0
0.796814 0.776627           1
0.597275 0.837646           1
0.273239 0.256363           0
0.129578 0.103058           0
0.253021 0.270767           1
0.236435 0.097626           0
0.870941 0.901688           1
0.228210 0.135620           0
0.227310 0.626297           0
0.218018 0.099884           0
0.107559 0.030457           0
0.769302 0.919861           1
0.408447 0.286621           0
0.820328 0.852325           1
0.746216 0.930405           0
0.000000 0.033569           0
0.579010 0.743896           1
0.708633 0.437714           0
0.624512 0.721680           0
0.834259 0.853714           1
0.129883 0.034943           0
0.581711 0.887268           0
0.419342 0.124298           0
0.760590 0.914856           1
0.571838 0.158035           0
0.251572 0.217087           0
0.377792 0.461578           0
0.258392 0.195267           0
0.782043 0.676819           0
0.225494 0.109451           0
0.698257 0.607025           1
0.216522 0.203644           1
0.882965 0.965225           1
0.717667 0.250198           1
0.000000 0.066422           0
0.335434 0.163361           1
0.281860 0.256821           0
0.865250 0.842316           1
0.000000 0.001968           0
0.140015 0.100906           0
0.744812 0.682495           1
0.837814 0.838745           1
0.345688 0.141464           0
0.639740 0.403427           1
0.728455 0.863907           1
0.000000 0.026154           0
0.120285 0.072144           0
0.845581 0.874451           1
0.100601 0.101074           0
0.199677 0.116287           0
0.578262 0.420044           1
0.860565 0.916855           0
0.719742 0.728073           1
0.835739 0.904678           1
0.832077 0.866119           1
0.864594 0.925323           1
0.845917 0.923615           1
0.633301 0.893311           1
0.259216 0.166992           0
0.099380 0.031647           0
0.129684 0.138931           0
0.439545 0.282578           0
0.723129 0.481140           1
0.729050 0.850128           1
0.177612 0.032944           0
0.201019 0.192062           0
0.715378 0.592346           0
0.876877 0.942001           1
0.373245 0.220551           0
0.878906 0.947983           1
0.120056 0.067993           0
1.000000 0.958420           1
0.474747 0.082901           0
0.754196 0.935028           0
0.674072 0.730469           1
0.409042 0.243561           0
0.852936 0.968246           1
0.682007 0.540482           1
0.883163 0.887283           1
0.100571 0.092392           0
0.759750 0.801407           1
0.328506 0.174881           0
0.118256 0.035873           0
0.731674 0.772888           1
0.609421 0.701263           1
0.113342 0.030624           0
0.868805 0.943649           1
0.127914 0.051270           0
0.841919 0.880478           1
0.766571 0.860870           1
0.796051 0.866226           1
0.778595 0.967453           1
0.527252 0.581528           0
0.802643 0.905212           1
0.891418 0.962173           1
0.119644 0.060989           0
0.853043 0.910904           1
0.501877 0.854858           1
0.237778 0.189331           0
0.234360 0.084656           0
0.791916 0.890320           1
0.868317 0.955276           1
0.334076 0.225632           0
0.572952 0.200073           0
0.725937 0.908310           1
0.875320 0.910324           1
0.117416 0.015182           0
0.257980 0.076065           0
0.103119 0.027740           0
0.544418 0.473999           0
0.747589 0.965027           1
0.335327 0.436890           0
0.248032 0.152130           0
0.143204 0.018021           0
0.242020 0.706497           1
0.321930 0.559677           1
0.836411 0.781998           1
0.000000 0.035583           0
0.739243 0.931366           1
0.805298 0.863083           1
0.788727 0.843613           1
0.868805 0.930939           1
0.252457 0.408066           1
0.633469 0.830917           1
0.208618 0.049820           0
0.698715 0.748123           0
0.453201 0.335648           0
0.892181 0.928467           1
0.215271 0.459610           1
0.252289 0.244827           0
0.130829 0.100891           0
0.143250 0.093475           0
0.862808 0.943314           1
0.743362 0.900665           1
1.000000 0.985199           1
0.267914 0.730835           1
0.623245 0.740189           0
0.880844 0.955841           1
0.486557 0.309555           1
0.642258 0.291046           0
0.405685 0.437119           1
0.757446 0.873825           1
0.804474 0.922943           1
0.377701 0.412338           0
0.584106 0.220123           0
0.767502 0.881805           1
0.810532 0.931717           1
0.785110 0.670364           0
0.777374 0.802322           1
0.798386 0.899780           0
0.196503 0.291000           0
0.235443 0.230850           0
0.570419 0.694763           1
0.529053 0.255890           0
0.889359 0.953354           1
0.668060 0.407837           0
0.741837 0.316467           0
0.645035 0.697708           1
0.481506 0.531296           1
0.607315 0.706696           1
0.629105 0.626907           0
0.735596 0.716385           0
0.856506 0.920456           1
0.195892 0.082626           0
0.156937 0.007339           0
0.118744 0.129959           0
0.766327 0.893387           0
0.840469 0.885239           1
0.824524 0.967407           1
0.745987 0.834869           1
0.822403 0.795151           0
0.226959 0.176056           1
0.475586 0.229721           0
0.711044 0.792618           1
0.746857 0.854843           1
0.893448 0.857925           0
0.370529 0.243729           0
0.441284 0.249878           0
0.832825 0.904755           1
0.261688 0.150787           1
0.494629 0.676666           1
0.241104 0.101837           0
0.437317 0.738098           0
0.456482 0.465195           0
0.438660 0.208984           0
0.813293 0.939117           1
0.207779 0.164413           1
0.207870 0.248245           0
0.173553 0.112961           0
0.883713 0.968964           1
0.176102 0.091507           0
0.718765 0.830719           0
0.397293 0.206528           0
0.343918 0.078445           0
0.869049 0.951736           1
0.238724 0.164825           0
0.523132 0.168686           0
0.289307 0.231216           0
0.254089 0.225708           0
0.000000 0.046997           0
0.680984 0.850113           1
0.828537 0.923080           1
0.885773 0.967911           0
0.365051 0.401596           1
0.770798 0.948700           1
0.460693 0.364914           0
0.752426 0.724457           1
0.420792 0.401993           1
0.247284 0.065720           0
1.000000 0.991623           1
1.000000 0.990097           1
0.829010 0.747711           0
0.126068 0.132935           1
0.833099 0.886978           1
0.867477 0.899658           1
0.323730 0.217545           0
0.420624 0.460754           0
0.881104 0.826553           1
0.635132 0.625854           1
0.817459 0.869904           1
0.635681 0.473312           1
0.214386 0.307816           1
0.271271 0.671402           0
0.847427 0.964539           1
0.846069 0.957672           1
0.363129 0.334534           0
0.752716 0.884567           0
0.196304 0.255203           1
0.764801 0.914673           1
0.245422 0.221130           0
0.167084 0.100235           0
0.098755 0.044785           0
0.132599 0.086258           0
0.136673 0.033249           0
0.248016 0.154480           1
0.114456 0.037277           0
0.182419 0.125687           1
0.233917 0.156448           0
0.860184 0.923233           1
0.268219 0.238602           0
0.390091 0.311493           0
0.183273 0.057907           0
0.113770 0.149506           0
0.149551 0.056900           0
0.651398 0.829224           1
0.751205 0.780746           1
0.304886 0.244873           0
0.738876 0.917068           1
0.252304 0.241928           1
0.284836 0.191040           0
0.000000 0.010605           0
0.685760 0.167450           0
0.728012 0.632050           1
0.287384 0.139633           0
0.816895 0.944427           1
0.506851 0.470673           0
0.557541 0.744354           0
0.123016 0.126892           0
0.775208 0.751587           1
0.273758 0.113205           0
0.274551 0.130737           1
0.660568 0.723511           0
0.728149 0.754517           1
0.795883 0.816254           1
0.786316 0.796051           1
0.505051 0.856232           1
0.675797 0.714447           1
0.887451 0.972595           1
0.743439 0.479446           1
0.583633 0.388489           1
0.628555 0.389374           0
0.631332 0.781830           1
0.597794 0.531906           1
0.231873 0.073303           0
0.759521 0.800659           1
0.839905 0.878784           1
0.327026 0.124252           0
0.860504 0.918396           0
0.613998 0.714310           1
0.741043 0.899216           1
0.745987 0.508636           0
0.720612 0.833618           0
0.882233 0.919800           1
0.842224 0.902176           1
0.650421 0.584320           1
0.659912 0.505280           0
0.221222 0.138245           0
0.856598 0.939880           1
0.738770 0.786331           1
0.540268 0.729172           0
0.737366 0.680603           1
0.528137 0.249283           0
0.810257 0.867737           1
0.476273 0.420685           1
0.129456 0.061081           0
0.710403 0.389404           1
0.263474 0.206146           0
0.333527 0.529800           0
0.742569 0.708084           0
0.511398 0.098694           0
0.891937 0.955719           1
0.000000 0.007965           0
0.890411 0.943008           1
0.391495 0.579498           0
0.407333 0.487198           1
0.898697 0.896561           1
0.245224 0.170593           0
0.845367 0.930069           1
0.814697 0.862320           1
0.699203 0.596832           0
0.654755 0.737625           1
0.566025 0.650421           1
0.000000 0.043686           0
0.747910 0.799988           0
0.860245 0.887772           1
0.732361 0.869751           1
0.593903 0.827545           0
0.460495 0.289764           1
0.783997 0.815399           1
0.744629 0.722061           1
0.105392 0.033386           0
0.263062 0.088898           1
0.749573 0.555557           0
0.346558 0.206131           0
0.409668 0.263428           0
0.000000 0.032837           0
0.354584 0.220551           1
0.846375 0.829269           1
0.163986 0.165176           0
0.230515 0.195679           0
0.206650 0.154785           0
0.757858 0.866699           1
0.209457 0.147873           0
0.754578 0.555573           1
0.861649 0.891312           1
0.573776 0.581116           0
0.678131 0.804932           1
0.656494 0.877930           1
0.497192 0.414383           1
0.750488 0.346436           0
0.337463 0.158264           0
0.833359 0.901993           1
0.489929 0.412827           0
0.325165 0.248795           1
0.170486 0.021805           0
0.714966 0.818329           1
0.540405 0.770462           1
0.881989 0.954224           0
0.110947 0.074036           0
0.573624 0.764740           1
0.000000 0.017761           0
0.832214 0.825180           1
0.103195 0.122421           0
0.884415 0.984970           1
0.596390 0.746704           1
0.841095 0.938416           1
0.500046 0.528961           1
0.736771 0.806961           1
0.693237 0.769302           1
0.734741 0.838852           1
0.736023 0.761551           1
0.677170 0.662247           1
0.831497 0.899597           1
0.225220 0.090744           0
0.899704 0.904037           1
0.897491 0.870468           1
0.298599 0.255325           0
0.758987 0.804489           1
0.446762 0.308151           1
0.316483 0.228729           0
0.424179 0.364288           1
0.101212 0.137955           0
0.764023 0.759293           0
0.448929 0.411957           0
0.689438 0.371582           1
0.412216 0.306458           1
0.337769 0.148468           1
0.546158 0.799911           1
0.766144 0.853699           1
0.697586 0.720200           0
0.144638 0.048187           0
0.897186 0.924805           1
0.147690 0.027130           1
0.424805 0.545807           0
0.250229 0.615494           0
0.807892 0.879837           1
0.470825 0.232941           1
0.370117 0.201096           1
0.378845 0.247986           0
0.835052 0.934021           1
0.000000 0.003799           0
1.000000 0.972305           1
0.430466 0.583496           1
0.168793 0.019089           0
0.350250 0.239243           0
0.900116 0.906433           1
0.476624 0.630371           0
0.265564 0.126617           1
0.835632 0.856293           1
0.272736 0.234360           0
0.800903 0.807861           0
0.123947 0.049973           0
0.530014 0.452316           0
0.276001 0.171173           0
0.142746 0.039612           0
0.221436 0.089432           0
0.173981 0.167053           0
0.865524 0.919052           1
0.823090 0.933548           1
0.170532 0.051788           0
0.713455 0.788116           1
0.752075 0.726349           0
0.868744 0.934052           1
0.843231 0.842499           1
0.792679 0.787445           1
0.805771 0.866547           1
0.851135 0.934280           1
0.225174 0.139557           0
0.469086 0.809708           0
0.292511 0.383713           0
0.132034 0.056610           0
0.768021 0.744537           0
0.297501 0.127594           0
0.768631 0.821259           1
0.540222 0.803787           1
0.229202 0.331635           0
0.540863 0.655060           1
0.160614 0.109421           0
0.894333 0.948975           1
0.891098 0.971222           1
0.195847 0.069321           0
0.823639 0.736237           1
0.692764 0.235397           0
0.862823 0.961945           1
0.634735 0.730911           0
0.797623 0.897003           1
0.511307 0.835541           1
0.839722 0.929672           1
0.712448 0.798874           1
0.821548 0.816071           1
0.320404 0.198502           1
0.249847 0.138367           0
0.889038 0.948441           1
0.597549 0.215775           1
0.812805 0.890396           1
0.384766 0.127914           0
0.290009 0.183014           0
0.229294 0.222031           0
0.304306 0.185501           0
0.366592 0.275192           0
0.801651 0.918579           1
0.252060 0.313629           1
0.734436 0.545837           0
0.165237 0.020493           0
0.566696 0.709229           1
0.252502 0.244507           0
0.435638 0.233078           0
0.825119 0.667084           1
0.103760 0.051529           0
0.775909 0.913208           1
0.579407 0.443222           1
0.745300 0.813705           1
0.153198 0.088562           0
0.844666 0.981842           1
0.862030 0.873627           1
0.749664 0.982269           1
0.447617 0.300430           0
0.551498 0.675125           1
0.424240 0.244141           0
0.864624 0.857162           1
0.685516 0.270508           1
0.295029 0.229630           1
0.421356 0.449722           0
0.237045 0.260727           1
0.679459 0.282486           0
0.496994 0.728836           1
0.178909 0.082672           0
0.697495 0.521103           0
0.641800 0.627502           0
0.165405 0.062958           0
0.278030 0.222260           0
0.809448 0.889862           1
0.147751 0.038254           0
0.154114 0.159515           0
0.563812 0.315460           0
0.689987 0.744186           0
0.500534 0.492676           0
0.422806 0.133896           0
0.722305 0.788422           1
0.875198 0.839157           1
0.429703 0.350739           0
0.299866 0.207596           1
0.532074 0.729263           0
0.860947 0.890503           1
0.871078 0.961685           1
0.736099 0.751129           1
0.571045 0.686920           1
0.408737 0.406158           0
0.464905 0.282272           0
0.866333 0.899216           1
0.809250 0.776443           1
0.646744 0.728439           0
0.213638 0.162598           0
0.301636 0.183243           0
0.194748 0.109512           0
0.813187 0.791138           1
0.858994 0.909378           1
0.504761 0.730789           0
0.622864 0.817627           1
0.494461 0.241440           0
0.868378 0.971878           1
0.123306 0.118195           0
0.410217 0.604218           0
0.158447 0.038239           0
0.152023 0.050461           0
0.680252 0.486069           0
0.779465 0.770859           1
0.000000 0.005981           0
0.226593 0.600723           0
0.171936 0.031418           0
0.587311 0.349503           0
0.736816 0.866608           1
0.804367 0.931366           1
0.752792 0.481903           1
0.522522 0.725525           1
0.690643 0.793289           1
0.872299 0.915924           1
0.428131 0.143387           0
0.340042 0.455765           0
0.640076 0.716766           0
0.791428 0.745758           1
0.000000 0.004807           0
0.694473 0.448334           0
0.601395 0.817169           1
0.396912 0.171707           0
0.501328 0.741074           1
0.391006 0.463699           0
0.857162 0.946198           1
0.671768 0.712402           1
0.139191 0.035095           0
0.741562 0.757278           1
0.127930 0.075058           0
0.796814 0.684402           1
0.110641 0.102036           0
0.198410 0.101837           0
0.620148 0.642700           1
0.860855 0.840500           0
0.736115 0.752899           0
0.846939 0.870346           0
0.869476 0.974426           1
0.620926 0.450760           1
0.714432 0.900101           1
0.739410 0.853271           0
0.854477 0.826447           1
0.477280 0.259018           0
0.635437 0.538086           1
0.000000 0.016998           0
0.772354 0.742340           1
1.000000 0.964493           1
0.776245 0.949249           1
0.340759 0.152802           0
0.517654 0.566895           1
0.575638 0.243332           0
0.740402 0.792068           0
0.738785 0.607803           1
0.115601 0.128693           0
0.731308 0.706238           0
0.865326 0.979141           1
0.599014 0.830536           1
0.694778 0.645523           1
0.319778 0.541153           1
0.654083 0.512329           0
0.599762 0.740875           1
0.749054 0.853851           1
0.904434 0.973434           1
0.177841 0.290253           0
0.099335 0.051865           0
0.176178 0.072479           1
0.701035 0.227707           0
0.635880 0.663498           0
0.345215 0.245972           0
0.619629 0.327057           1
0.754089 0.855743           1
0.318466 0.311951           0
0.251678 0.155182           0
0.877518 0.928223           1
0.841385 0.860947           1
0.105408 0.155792           0
0.855164 0.975174           1
0.867615 0.932388           1
0.792557 0.732117           0
0.639145 0.533066           0
0.197952 0.080551           0
0.850845 0.904953           1
0.721786 0.873688           1
0.875519 0.865692           0
0.778442 0.431564           1
0.132309 0.174149           0
0.808380 0.911453           1
0.248352 0.158661           1
0.467331 0.427231           1
0.880112 0.954346           1
0.271484 0.371719           0
0.767563 0.837601           0
0.334183 0.265686           0
0.675568 0.604858           1
0.651291 0.816040           1
0.348419 0.266296           0
0.787384 0.876129           0
0.270401 0.305725           0
0.235535 0.154648           1
0.694931 0.742432           0
0.627487 0.480484           0
0.360168 0.275543           0
0.800903 0.953354           1
0.818283 0.798309           1
0.407501 0.346344           1
0.808548 0.875671           1
0.870834 0.973602           1
0.177444 0.158234           0
0.771088 0.867859           1
0.824265 0.873138           1
0.206116 0.148438           0
0.353317 0.147491           1
0.863861 0.794754           1
0.196655 0.113251           0
0.828354 0.842514           1
0.741226 0.702560           1
0.782776 0.918335           0
0.434708 0.519516           0
0.370850 0.655258           1
0.783768 0.893555           1
0.111984 0.075470           0
0.895828 0.895020           1
0.212952 0.169510           0
0.716248 0.811035           0
0.796463 0.908112           1
0.749741 0.766815           1
0.249527 0.034454           0
0.704880 0.723465           1
0.548294 0.513916           0
0.161987 0.147354           0
0.145538 0.090652           0
0.484177 0.719131           1
0.143814 0.022522           0
0.895569 0.941742           1
0.884323 0.945145           1
0.686401 0.776794           1
0.132828 0.034744           0
0.000000 0.002014           0
0.193909 0.245850           1
0.113678 0.115295           0
0.525558 0.492233           1
0.698441 0.736160           1
0.582047 0.623810           0
0.142136 0.056488           1
0.763748 0.818680           1
0.827805 0.936234           1
0.829605 0.676712           0
0.807968 0.788864           1
0.447769 0.175629           0
0.781769 0.703735           1
0.120377 0.015625           0
0.777985 0.862167           1
0.443085 0.508209           0
0.631454 0.759552           1
0.215210 0.231018           0
0.870056 0.934433           1
0.233017 0.096802           0
0.401245 0.429825           0
0.384781 0.257675           0
0.841827 0.968140           1
0.520035 0.605743           1
0.161545 0.175751           0
0.227661 0.100296           0
0.314484 0.139526           0
0.474350 0.367096           0
0.771408 0.938843           1
0.571838 0.511734           0
0.481155 0.258667           1
0.168900 0.176498           0
0.870651 0.950684           1
0.197006 0.172394           0
0.875397 0.955597           1
0.229813 0.138168           0
0.549500 0.660049           1
0.336380 0.167664           0
0.243820 0.148773           0
0.556793 0.406754           0
0.158234 0.073547           0
0.202927 0.048035           0
0.349213 0.221512           1
0.401428 0.259628           0
0.820084 0.978683           1
0.850021 0.891098           1
0.831604 0.564880           0
0.544662 0.687515           1
0.155472 0.086075           0
0.600861 0.789764           0
0.662689 0.552948           1
0.795746 0.846420           1
0.714142 0.787537           0
0.320358 0.198318           0
0.000000 0.018692           0
0.684647 0.739319           1
0.353226 0.249619           0
0.852829 0.924606           1
0.831650 0.743301           0
0.872055 0.965485           1
0.099167 0.134186           0
0.339584 0.159378           0
0.559540 0.461731           0
0.450043 0.600128           0
0.690048 0.770981           1
0.397446 0.695480           1
0.138794 0.066559           0
0.809753 0.833267           0
0.884811 0.938431           1
0.134979 0.137314           0
0.458939 0.139786           0
0.764954 0.892227           1
0.692215 0.905807           1
0.187225 0.138275           0
0.789673 0.877167           1
0.000000 0.044617           0
0.666611 0.793518           1
0.241821 0.223572           0
0.165039 0.523270           0
0.281906 0.233810           1
0.802979 0.731659           0
0.161407 0.089798           0
0.237640 0.545166           1
0.428192 0.539429           0
0.789948 0.627472           0
0.786530 0.908737           1
0.603256 0.724304           1
0.859451 0.960388           1
0.561188 0.547882           0
0.282562 0.422516           0
0.318817 0.234283           0
0.884354 0.898102           1
0.578995 0.780258           1
0.798920 0.762329           0
0.503387 0.646790           1
0.700653 0.741577           1
0.870987 0.913910           1
0.108994 0.089600           0
0.527557 0.644180           1
0.127747 0.087708           1
0.134048 0.032654           0
0.458389 0.478775           1
0.117691 0.030716           0
0.876358 0.927231           1
0.813034 0.940964           1
0.209686 0.096664           0
0.209656 0.059418           0
0.120804 0.156418           0
0.834442 0.876724           0
0.868500 0.931503           1
0.671890 0.840027           1
0.124588 0.042297           0
0.161407 0.057266           0
0.159027 0.043686           0
0.586563 0.559082           1
0.867966 0.894897           1
0.000000 0.003220           0
0.853500 0.957596           1
0.755829 0.831207           1
0.532639 0.741333           1
0.811249 0.835251           1
0.582748 0.527115           1
0.000000 0.004883           0
1.000000 0.986969           1
0.583176 0.725174           0
0.542755 0.227768           0
0.774185 0.799881           1
0.547028 0.727219           1
0.787659 0.433258           1
0.659637 0.502869           0
0.217651 0.105423           0
0.835464 0.905960           1
0.621078 0.544189           1
0.712692 0.773392           0
0.277634 0.447693           1
0.213608 0.249649           0
0.121323 0.051498           0
0.811340 0.949921           1
0.441696 0.413239           1
0.515732 0.349716           1
0.839722 0.938995           1
0.838425 0.831528           1
0.861649 0.958389           1
0.233688 0.146057           0
0.758636 0.850266           1
0.197983 0.327698           1
0.839508 0.827393           0
0.134583 0.016144           0
0.834869 0.967941           1
0.774429 0.907578           1
0.205078 0.086166           0
0.528854 0.725021           0
0.175873 0.176773           1
0.868484 0.958267           1
0.725128 0.793625           1
0.204315 0.198669           1
0.513687 0.526733           1
0.807236 0.867554           1
0.181229 0.084473           0
0.275864 0.254471           1
0.134186 0.028198           0
0.815201 0.838806           1
0.548111 0.493607           0
0.411423 0.583237           1
0.181931 0.033798           0
0.847504 0.872940           1
0.728271 0.910080           1
0.114502 0.026810           0
0.501144 0.808533           1
0.241531 0.254395           0
0.233780 0.137207           0
0.731354 0.549866           1
0.517792 0.450439           1
0.450806 0.278275           1
0.477539 0.318069           0
0.230408 0.225510           1
0.221588 0.168869           0
0.135361 0.055466           0
0.860001 0.823578           0
0.393692 0.223404           0
0.265839 0.098373           0
0.238022 0.143997           0
0.431915 0.571991           0
0.174866 0.034088           0
0.323196 0.140060           0
0.283646 0.217300           0
0.502060 0.788086           1
0.664658 0.230759           1
0.859619 0.908432           1
0.411957 0.675293           1
0.276123 0.525925           1
0.371109 0.386932           0
0.264633 0.211197           1
0.785172 0.912933           1
0.337372 0.370346           0
0.124268 0.139923           0
0.843979 0.932556           1
0.121490 0.101181           0
0.214203 0.145218           0
0.139114 0.005051           0
0.459183 0.118378           0
0.143524 0.151077           0
1.000000 0.989532           1
0.846512 0.907211           0
0.296677 0.275024           1
0.218536 0.096436           0
0.876251 0.967651           1
0.632401 0.480453           0
0.309113 0.321091           1
0.701340 0.667023           1
0.137619 0.008728           0
0.187073 0.129929           1
0.768295 0.796280           1
0.265335 0.201706           1
0.651016 0.848206           1
0.869919 0.920731           1
0.275101 0.169357           0
0.875778 0.952347           1
0.796875 0.837799           1
0.853455 0.940353           0
0.725311 0.821960           1
0.189835 0.088470           0
0.381927 0.195862           0
0.607224 0.514938           0
0.319519 0.288177           0
1.000000 0.992249           1
0.148483 0.122192           0
0.863495 0.985672           1
0.868591 0.915207           1
0.821457 0.925217           1
0.812958 0.768311           1
0.834137 0.956848           1
0.689163 0.445419           1
0.294678 0.205399           0
0.794495 0.858688           1
0.416870 0.466339           1
0.875031 0.847290           0
0.832596 0.951340           1
0.397141 0.665131           0
0.857147 0.978989           1
0.608505 0.516922           0
0.191498 0.150360           0
0.805603 0.809006           1
0.460587 0.674179           0
0.869797 0.823135           1
0.000000 0.012711           0
0.176041 0.046509           0
0.858795 0.887329           1
0.763672 0.749893           1
0.224167 0.098602           0
0.411758 0.679504           0
0.362076 0.197021           0
0.597687 0.542603           1
0.152206 0.101334           0
0.255630 0.099670           0
0.510361 0.224930           0
0.784210 0.832184           1
0.300415 0.236771           0
0.106857 0.039932           0
0.120453 0.053772           0
0.863327 0.917648           1
0.701416 0.472916           1
0.679840 0.774231           1
0.695938 0.578613           0
0.266998 0.206650           0
0.615753 0.742020           1
0.878769 0.882248           1
0.739838 0.697739           1
0.116608 0.072449           0
0.000000 0.024368           0
0.175552 0.077408           0
0.339157 0.253952           0
0.759079 0.839401           1
0.875549 0.921234           1
0.188248 0.026825           0
0.175476 0.198975           0
0.291199 0.314560           0
0.481567 0.337982           0
0.688004 0.527878           1
0.206085 0.133026           0
0.708832 0.713120           1
0.434402 0.476700           0
0.689911 0.785324           1
0.750626 0.775055           1
0.154312 0.085632           0
0.837433 0.964935           1
0.488419 0.421112           0
0.109512 0.013199           0
0.296188 0.370422           0
0.842712 0.973511           1
0.668411 0.631607           0
0.793671 0.958466           1
0.862030 0.944244           1
0.567001 0.422653           1
0.854416 0.942017           1
0.859253 0.855759           1
0.606400 0.827850           1
0.164246 0.107681           1
0.715500 0.917023           1
0.228363 0.067825           0
0.599274 0.727417           0
0.738190 0.891556           1
0.165009 0.060974           0
0.666367 0.855164           1
1.000000 0.967316           1
0.891220 0.942657           1
0.466095 0.433670           0
0.365646 0.317291           0
0.755356 0.570404           1
0.419083 0.517029           0
0.524567 0.199188           1
0.790039 0.739929           1
0.295410 0.707367           1
0.171341 0.068634           0
0.522812 0.215775           0
0.485596 0.243317           0
0.291016 0.252167           0
0.878616 0.925385           1
0.525681 0.525726           0
0.112640 0.022430           0
0.713928 0.844650           0
0.145004 0.134445           0
0.850479 0.810272           0
0.231384 0.187225           0
0.805374 0.759552           1
0.366455 0.623520           1
0.501694 0.414795           0
0.123611 0.012787           0
0.542725 0.596451           1
0.000000 0.046829           0
0.000000 0.013962           0
0.709900 0.761658           1
0.666794 0.797073           0
0.756012 0.881287           1
0.327423 0.212173           0
0.865738 0.936401           1
0.436035 0.384964           1
0.145142 0.145157           0
0.388611 0.495071           0
0.505356 0.565781           1
0.543640 0.505325           1
0.749664 0.211670           0
0.292572 0.401138           0
0.574783 0.221954           0
0.317261 0.171249           0
0.224274 0.217621           1
0.845062 0.921570           1
0.814346 0.974167           1
0.610382 0.813126           0
0.850616 0.962311           1
0.206970 0.098862           0
0.250031 0.194595           1
0.795959 0.740723           1
0.470032 0.194870           0
0.184662 0.068283           0
0.870651 0.923599           1
0.887436 0.883942           1
0.882690 0.885986           1
0.167984 0.043350           0
0.135239 0.061172           0
0.227127 0.099091           0
0.315369 0.063004           0
0.581055 0.311417           1
0.243484 0.296921           1
0.712219 0.774963           1
0.199127 0.054916           0
0.855423 0.956329           1
0.668549 0.770386           1
0.833664 0.927200           1
0.768188 0.665115           0
0.661179 0.907944           0
0.727600 0.602631           0
0.704926 0.838669           1
0.265808 0.190094           1
0.743225 0.766006           0
0.828430 0.986084           1
0.642731 0.382721           0
0.386169 0.297775           0
0.636887 0.085724           0
0.784348 0.873825           1
0.860306 0.843506           1
0.323563 0.128326           1
0.742188 0.806305           1
0.791351 0.757202           0
0.424164 0.061249           0
0.141266 0.148636           0
0.409775 0.282379           0
0.847992 0.918839           1
0.125351 0.082489           0
0.869415 0.953384           1
0.865631 0.879700           1
0.769653 0.984497           1
0.372818 0.271698           0
0.879044 0.951889           1
0.741394 0.840836           1
0.648193 0.593307           1
0.192719 0.170425           0
0.783112 0.904800           1
0.134079 0.228699           1
0.215469 0.206985           0
0.575195 0.372223           1
0.594620 0.322052           1
0.518524 0.267014           0
0.659561 0.787064           0
0.731018 0.779922           1
0.719269 0.853500           1
0.297241 0.196198           0
0.104294 0.240204           0
0.649918 0.640289           1
0.127151 0.078354           0
0.719482 0.893311           1
0.868729 0.929642           0
0.840225 0.950195           1
0.219482 0.154770           0
0.163071 0.123398           0
0.526215 0.241928           1
0.422348 0.683411           1
0.653122 0.785339           0
0.231216 0.114151           1
0.841309 0.938766           1
0.761536 0.925400           0
0.892975 0.947968           1
0.879547 0.802521           1
0.514816 0.781036           1
0.225525 0.038071           0
0.234863 0.246597           0
0.138733 0.113586           0
0.760849 0.532166           1
0.099335 0.041199           0
0.249771 0.106613           0
0.790787 0.839188           0
0.862823 0.893875           0
0.553833 0.780258           1
0.815552 0.812607           1
0.537247 0.762497           1
0.823273 0.898956           1
0.516495 0.312180           1
0.118317 0.051758           0
0.201385 0.085342           0
0.322128 0.205200           1
0.447296 0.266937           1
0.620544 0.703247           1
0.789856 0.903702           1
0.774094 0.941345           1
0.567535 0.247986           1
0.611664 0.480087           0
0.873352 0.958618           1
0.866776 0.967636           1
0.356247 0.209824           0
0.250366 0.336655           0
0.829330 0.514694           1
0.577255 0.487823           1
0.775833 0.646164           1
0.862854 0.949860           1
0.000000 0.036133           0
0.259415 0.271240           0
0.233414 0.194504           0
0.892365 0.979156           1
0.619904 0.350266           1
0.857056 0.895676           1
0.381058 0.167099           0
0.272690 0.156891           0
0.833694 0.789154           0
0.589020 0.266556           0
0.205261 0.037384           0
0.711105 0.620453           0
0.323868 0.565475           1
0.662766 0.750534           1
0.767441 0.837494           1
0.362076 0.201309           0
0.403854 0.801712           1
0.719879 0.814697           1
0.551437 0.414932           0
0.138092 0.042160           0
0.700851 0.323471           1
0.172806 0.283249           0
0.760178 0.794357           1
0.874924 0.897202           1
0.164444 0.113022           0
1.000000 0.968033           1
0.655090 0.760315           0
0.221268 0.282440           0
0.000000 0.006119           0
0.498917 0.514587           0
0.368286 0.197617           0
0.795624 0.807373           1
0.597717 0.674194           1
0.586395 0.873703           1
0.848969 0.939453           1
0.850540 0.983139           1
0.232330 0.243454           0
0.186615 0.072784           0
0.662766 0.642181           1
0.848373 0.941971           1
0.728287 0.885773           1
0.097977 0.076019           0
0.190750 0.011536           0
0.887436 0.971939           1
0.863708 0.965057           1
0.722595 0.518036           0
0.542206 0.474899           1
0.170792 0.067474           0
0.730011 0.618301           1
0.366440 0.269806           1
0.691742 0.795410           1
0.193909 0.064789           0
0.417831 0.472275           1
0.000000 0.056122           0
0.775803 0.816895           1
0.569351 0.730728           1
0.173080 0.052933           0
0.750931 0.799210           1
0.724426 0.215408           0
0.780045 0.908920           1
0.799011 0.890717           1
0.295120 0.337997           0
0.567856 0.684631           0
0.213501 0.111084           0
0.781387 0.766785           0
0.199280 0.045914           0
0.738358 0.862930           1
0.759323 0.869705           1
0.500992 0.231537           0
0.852844 0.942215           1
0.481552 0.390244           1
0.719009 0.313431           1
0.116776 0.066910           0
0.596161 0.525803           0
0.885239 0.952438           1
0.575256 0.441376           0
1.000000 0.981842           1
0.843933 0.880661           1
0.177277 0.197433           0
0.819016 0.820679           1
0.144424 0.059647           0
0.739731 0.748428           1
1.000000 0.967346           1
0.102249 0.105347           0
0.616562 0.841568           1
0.219910 0.204193           0
0.153702 0.031876           0
0.879913 0.871185           1
0.791611 0.768600           1
0.732330 0.838486           1
0.764526 0.641785           0
0.852798 0.968109           1
0.518829 0.275925           1
0.893661 0.956482           1
0.829361 0.937881           1
0.829575 0.943985           1
0.408188 0.258820           0
0.505798 0.099701           0
0.326355 0.261917           1
0.158295 0.152466           0
0.655884 0.855270           1
0.446228 0.559708           1
0.883072 0.943329           1
0.666595 0.613785           1
0.823395 0.901688           1
0.198990 0.110794           0
0.000000 0.006607           0
0.577423 0.840500           1
1.000000 0.988235           1
0.174805 0.058640           0
0.785156 0.785751           1
0.135971 0.014236           0
0.378357 0.467697           0
0.791702 0.857651           1
0.185394 0.160141           0
0.695511 0.729614           1
0.120392 0.023788           0
0.127350 0.048462           0
0.218857 0.504776           0
0.676865 0.637939           1
0.449478 0.276550           0
0.381088 0.182816           0
0.443924 0.420151           0
0.484634 0.679443           1
0.499878 0.311325           0
0.231186 0.699783           0
0.457413 0.399994           0
0.458221 0.595551           0
0.171783 0.037430           0
0.846954 0.629730           1
0.747223 0.960785           0
0.799301 0.871979           1
0.442169 0.713699           0
0.772354 0.826706           1
1.000000 0.973450           1
0.887268 0.968857           1
0.873352 0.929459           1
0.741760 0.834152           1
0.745956 0.513657           1
0.815338 0.874496           1
0.679443 0.758865           1
0.744873 0.833130           1
0.702621 0.622894           0
0.104156 0.054688           0
0.829803 0.916748           1
0.362900 0.126846           0
0.196060 0.115707           1
0.848679 0.956070           1
0.865372 0.866333           1
0.856674 0.981308           1
0.593048 0.409851           1
0.222046 0.032425           0
0.856339 0.768753           1
0.833679 0.788086           1
0.196915 0.076721           0
0.748718 0.841766           1
0.162201 0.215012           1
0.236298 0.138870           0
0.889420 0.929642           1
0.484329 0.213715           0
0.391785 0.134308           0
0.285355 0.113663           0
0.847275 0.965652           1
0.388962 0.219772           0
0.592407 0.705566           1
0.112808 0.011124           0
0.832550 0.913101           1
0.189423 0.130493           0
0.800781 0.896530           1
0.701645 0.316513           0
0.273727 0.179276           0
0.459137 0.676682           1
0.434448 0.236649           0
0.478714 0.197723           0
0.736298 0.664703           1
0.872620 0.953629           1
0.170288 0.193954           1
0.721512 0.846451           1
0.835922 0.750214           1
0.177887 0.108810           0
0.000000 0.020340           0
0.253250 0.195282           0
0.137924 0.163589           1
0.322266 0.156647           0
0.235794 0.143311           0
0.746643 0.629501           0
0.748001 0.830627           1
0.874115 0.949341           1
0.232941 0.176804           1
0.159088 0.029770           0
0.396484 0.259277           0
0.711823 0.794510           1
0.223877 0.231491           0
0.839813 0.980591           1
0.602081 0.551453           1
0.190964 0.059921           0
0.325104 0.200653           0
0.334885 0.585876           1
0.777435 0.812546           1
0.205719 0.074097           0
0.725510 0.776505           1
0.366837 0.368027           1
0.288757 0.217453           0
0.698761 0.692322           1
0.869949 0.952652           1
0.804153 0.904160           0
0.131210 0.068634           0
0.700317 0.780411           1
0.357040 0.492020           0
0.819855 0.796341           1
0.336685 0.186401           0
0.701248 0.866455           1
0.802933 0.895355           1
0.126114 0.090256           1
0.775208 0.899460           1
0.138687 0.170883           0
0.535568 0.752228           0
0.663132 0.420425           1
0.701050 0.778748           0
0.373795 0.237671           0
0.846756 0.919113           1
0.569168 0.629730           1
0.159119 0.039062           0
0.246613 0.274033           1
0.656174 0.851929           0
0.527420 0.837570           1
0.814072 0.822830           1
0.626602 0.359772           0
0.259369 0.041321           0
0.000000 0.008240           0
0.883865 0.969879           1
0.844528 0.968109           1
0.874161 0.959854           1
0.692535 0.239899           0
0.800995 0.918961           1
0.858612 0.976425           1
0.863235 0.929428           1
0.882446 0.941681           1
0.000000 0.007568           0
0.813339 0.900391           1
0.823166 0.875626           1
0.118164 0.047302           0
0.193466 0.019882           0
0.517151 0.446472           1
0.101578 0.029465           0
0.128113 0.035370           0
0.840546 0.942932           1
0.215942 0.171783           0
1.000000 0.985199           1
0.766586 0.594070           1
0.861649 0.940903           1
0.262772 0.383667           0
0.588318 0.152054           0
0.753586 0.835892           1
0.792328 0.922195           1
0.770584 0.811707           0
0.245529 0.125717           0
0.653824 0.536255           1
0.249802 0.512222           0
0.365479 0.181900           1
0.127869 0.092636           0
0.272583 0.161163           0
0.489853 0.251205           1
0.447098 0.420532           1
0.225143 0.031158           0
0.804291 0.890625           1
0.192612 0.571381           0
0.171616 0.160583           0
0.402969 0.425766           1
0.191879 0.072876           1
0.416565 0.240906           1
0.779861 0.843140           1
0.751053 0.907547           1
0.474380 0.394485           0
0.134552 0.025986           0
0.509247 0.732590           0
0.154175 0.097229           0
1.000000 0.984650           1
0.101212 0.086349           0
0.710037 0.746140           1
0.718658 0.694656           1
0.200043 0.046844           0
0.209427 0.128204           0
0.538574 0.682739           1
0.666031 0.822113           1
0.573349 0.297653           0
0.841080 0.896378           1
0.899200 0.917969           1
0.802811 0.945343           1
0.649887 0.760696           1
0.201141 0.055389           0
0.000000 0.011032           0
0.000000 0.030441           1
0.331009 0.150284           0
0.317307 0.706268           1
0.318192 0.730682           0
0.816299 0.860168           1
0.377457 0.250259           1
0.546051 0.741104           0
0.169556 0.081512           0
0.678635 0.731552           1
0.260086 0.357315           1
0.159424 0.115707           0
0.180939 0.271561           0
0.295547 0.228149           1
0.766296 0.854904           1
0.175537 0.094498           0
0.897141 0.942429           1
0.657028 0.619598           0
0.791656 0.615646           1
0.849487 0.937134           1
0.816452 0.834106           1
0.137344 0.026703           0
0.358154 0.705109           0
0.834137 0.859375           1
0.576675 0.402924           0
0.778503 0.917221           1
0.342545 0.262329           1
0.762299 0.844360           0
0.503311 0.427261           1
0.411423 0.483261           1
0.394470 0.259094           1
0.794647 0.977310           1
0.803635 0.956055           1
0.220352 0.140503           0
0.689438 0.877380           1
0.822174 0.860825           1
0.513840 0.496201           0
0.218597 0.174622           0
0.359512 0.126282           0
0.365936 0.214142           0
0.390045 0.614578           1
0.422333 0.285553           1
0.791183 0.867798           1
1.000000 0.974197           1
0.162079 0.030975           0
0.274979 0.141083           0
0.161911 0.067688           0
0.136963 0.044067           0
0.822052 0.861710           1
0.300125 0.674072           0
0.000000 0.017273           0
0.171646 0.048981           1
0.384872 0.329254           1
0.527939 0.651718           0
0.145508 0.227707           0
0.696518 0.686203           1
0.176712 0.011597           0
0.261108 0.181046           0
0.104370 0.086945           0
0.585815 0.758514           1
0.000000 0.015656           0
0.720291 0.918381           1
0.184692 0.172287           0
0.143295 0.042526           0
0.863098 0.945786           1
0.828094 0.853592           1
0.270508 0.072037           0
0.412796 0.359406           0
0.138443 0.019501           0
0.246033 0.249069           1
0.106934 0.073502           0
0.193665 0.106033           0
0.894485 0.917511           1
0.246445 0.376602           0
0.725052 0.457626           1
0.751709 0.434708           0
0.299362 0.199936           0
0.538803 0.186050           0
0.451569 0.321152           0
0.211426 0.270187           0
0.137955 0.242203           0
0.226898 0.211807           0
0.861740 0.955811           1
0.866241 0.930405           1
0.816895 0.891632           1
0.573151 0.696335           1
0.755981 0.913406           1
0.124191 0.135849           0
0.099701 0.008499           0
0.871429 0.933578           1
0.564835 0.444168           0
0.261887 0.334686           0
0.864304 0.912109           1
0.824829 0.746124           0
0.579300 0.574982           1
0.454758 0.394089           1
0.277908 0.242874           0
0.333984 0.268921           0
0.204788 0.069763           0
0.744843 0.910629           1
0.639862 0.784866           0
0.817322 0.984070           1
0.656952 0.725327           1
0.754425 0.870712           1
0.881500 0.918411           0
0.107468 0.011673           0
0.883484 0.968475           1
0.173767 0.034958           0
0.232544 0.163879           0
0.323807 0.364929           0
0.331177 0.181320           0
0.719696 0.725891           1
0.903061 0.955551           1
0.108887 0.055161           0
0.176178 0.076889           0
0.721588 0.693680           1
0.677307 0.824066           1
0.634842 0.230545           0
0.174973 0.139191           0
0.774094 0.778763           0
0.779053 0.878128           1
0.281174 0.171127           1
0.394150 0.625015           0
0.731934 0.856827           0
0.648438 0.557907           0
0.471954 0.154251           1
0.753555 0.848221           1
0.899887 0.931198           1
0.531235 0.543396           1
0.710922 0.742844           1
0.135773 0.010986           0
0.797180 0.788879           1
0.221558 0.109390           0
0.555679 0.635178           0
0.243759 0.171188           0
0.815353 0.956177           1
0.284271 0.225525           0
0.742966 0.942719           1
0.608414 0.568161           0
0.487839 0.445343           0
0.823807 0.897110           1
0.435883 0.269226           0
0.697968 0.673187           0
0.190643 0.177505           0
0.671219 0.613434           1
0.884521 0.940720           1
0.507538 0.650085           1
0.148346 0.013245           0
0.253540 0.257034           1
0.882248 0.884979           1
0.237701 0.171219           0
0.511505 0.770691           1
0.141846 0.045792           1
0.000000 0.007172           0
0.827438 0.872604           0
0.137619 0.093918           0
0.135300 0.157227           0
0.353409 0.150879           0
1.000000 0.980804           1
0.800385 0.825104           1
0.235260 0.165421           0
0.289688 0.054001           0
0.481186 0.305893           0
0.152740 0.215317           0
0.686264 0.814453           1
0.126770 0.075150           0
0.808670 0.844147           1
0.489441 0.548065           1
0.644653 0.706757           0
0.792267 0.762848           1
0.675735 0.309769           0
0.761459 0.858704           1
0.424896 0.180389           0
0.267258 0.162888           0
0.000000 0.021057           0
0.115921 0.035049           0
0.261963 0.219757           0
0.676270 0.456909           0
0.220596 0.211288           0
0.866241 0.928238           1
0.635757 0.296112           0
0.817596 0.832001           1
0.487183 0.113281           0
0.173157 0.030228           0
0.187164 0.100586           1
0.820801 0.951950           1
0.132629 0.025574           0
0.180161 0.199005           0
0.394241 0.261063           1
0.000000 0.014969           0
0.448898 0.279526           0
0.566055 0.262482           0
0.434082 0.186691           0
0.584366 0.558426           0
0.894653 0.972916           1
0.344864 0.237228           0
0.000000 0.020020           0
0.541321 0.663559           0
0.644241 0.767136           1
0.253128 0.342331           0
0.781555 0.907913           1
1.000000 0.983505           1
0.534393 0.533783           1
0.851791 0.835068           0
0.368439 0.236725           0
0.251587 0.247223           0
0.265747 0.337173           0
0.135788 0.019363           0
0.709167 0.788757           1
0.614990 0.573608           1
0.115173 0.116684           0
0.853790 0.851395           1
0.698868 0.907211           1
0.000000 0.036514           0
0.185913 0.086380           0
0.714035 0.854980           1
0.364822 0.223022           0
0.369034 0.296402           1
1.000000 0.964294           1
0.122330 0.011780           0
0.495941 0.701553           1
0.787567 0.876740           1
0.896667 0.973999           1
0.652054 0.794174           0
0.682388 0.849335           1
0.892487 0.891449           1
0.801178 0.475311           0
0.362244 0.247177           0
0.228836 0.013580           0
0.223984 0.480469           0
0.597092 0.725830           1
0.255951 0.097244           0
0.391052 0.715179           0
0.725204 0.537430           0
0.109314 0.032074           0
0.639938 0.695602           0
0.636703 0.486374           1
0.259201 0.349442           0
0.717758 0.765457           1
0.669586 0.699921           0
0.553131 0.625900           0
0.201157 0.161392           0
0.834122 0.847046           1
0.211121 0.076157           0
0.806458 0.904099           1
0.245468 0.256058           0
0.121994 0.031555           0
0.253891 0.374573           0
0.532654 0.630981           0
0.178192 0.044373           0
0.875778 0.920471           1
0.423447 0.232819           0
0.883423 0.961792           1
0.776917 0.774277           0
0.208527 0.210556           0
0.221115 0.589859           1
0.865326 0.907211           0
0.140869 0.042755           0
0.863541 0.966858           0
1.000000 0.991226           1
0.753906 0.814285           1
0.388931 0.226028           0
0.718933 0.735458           1
0.851974 0.710709           1
0.790756 0.861755           1
0.271347 0.135895           0
0.823853 0.772141           0
0.230896 0.171021           0
0.825912 0.980667           1
0.603775 0.429916           0
0.736145 0.512680           1
0.663742 0.698761           0
1.000000 0.908951           1
0.247742 0.218201           0
0.507980 0.406067           0
0.244781 0.140945           0
0.398758 0.368958           0
0.829193 0.919464           1
0.749863 0.787415           1
0.840637 0.945938           1
0.875290 0.912766           1
0.204285 0.144699           0
0.853241 0.935455           1
0.797195 0.912796           1
0.537979 0.631927           1
0.181335 0.084152           0
0.810928 0.845428           1
0.580292 0.837830           1
0.819824 0.962463           1
0.273376 0.309448           1
0.181458 0.052002           0
0.779510 0.864838           0
0.802063 0.818405           1
0.000000 0.029175           0
0.137039 0.047943           0
0.000000 0.029297           0
0.848953 0.870285           1
0.893295 0.865326           1
0.859634 0.958023           1
0.290573 0.198517           0
0.844910 0.647415           1
0.730957 0.607285           0
1.000000 0.993790           1
0.370605 0.475647           0
0.862610 0.867386           1
0.878555 0.880737           1
0.354950 0.223389           1
0.293518 0.180237           0
0.439804 0.068390           1
0.285522 0.229340           0
0.419373 0.612900           0
0.663269 0.738495           1
0.792191 0.836792           1
0.218414 0.235352           0
0.312195 0.450378           0
0.854446 0.791977           1
0.301743 0.321945           0
0.244156 0.218979           0
0.885437 0.974030           1
0.214401 0.104706           0
0.552414 0.553406           1
0.106720 0.054794           0
0.799026 0.621307           0
0.790131 0.819656           1
0.704468 0.831482           1
0.136185 0.089539           1
0.785004 0.835892           1
0.224564 0.171188           0
0.865875 0.929886           1
0.000000 0.025085           0
0.737900 0.825027           1
0.831589 0.931610           1
0.404892 0.193298           0
0.889603 0.967621           1
0.180908 0.070938           0
0.746185 0.164795           0
0.441910 0.802078           0
0.874481 0.930786           1
0.725555 0.318710           1
0.137192 0.086884           0
0.890778 0.904892           1
0.662186 0.707886           0
0.822891 0.921921           1
0.841202 0.945374           1
0.885452 0.933395           1
0.114853 0.067963           0
0.574112 0.483139           0
0.816238 0.825195           1
0.244171 0.495010           1
0.576431 0.355972           1
0.677032 0.889923           1
0.249771 0.263504           1
0.900940 0.970795           1
0.665802 0.736862           0
0.191147 0.042130           0
0.630081 0.828888           0
0.759903 0.807510           1
0.801758 0.886032           1
0.419556 0.421906           1
0.680878 0.297745           0
0.298126 0.324387           1
0.335022 0.214554           1
0.871323 0.911545           1
0.753632 0.872833           1
0.353561 0.061890           1
0.431671 0.723511           1
0.894257 0.957428           1
0.108917 0.036804           0
0.520889 0.608536           1
0.235123 0.188522           0
0.811325 0.971954           1
0.138062 0.086746           0
0.348389 0.160873           0
0.328903 0.490692           0
0.724457 0.880905           1
0.128357 0.177567           1
0.184555 0.120285           1
0.410141 0.390839           1
0.106293 0.031204           0
0.353226 0.638382           0
0.316498 0.276901           0
0.201172 0.136124           0
0.182999 0.069611           0
0.762573 0.841919           1
0.514587 0.105835           0
0.491272 0.295197           0
0.826202 0.547897           1
0.125290 0.008743           0
0.133072 0.058411           0
0.729965 0.876923           0
0.772476 0.985184           1
0.208771 0.129715           0
0.669312 0.761307           1
0.871033 0.902786           1
0.860870 0.968033           1
0.181641 0.043213           0
0.543686 0.702148           1
1.000000 0.982376           1
0.753418 0.775330           0
0.581268 0.601028           1
0.593613 0.756714           1
0.783844 0.918457           1
0.900223 0.903412           1
0.436401 0.555557           1
0.130981 0.060562           0
0.500076 0.372131           0
0.750916 0.848129           1
0.661194 0.654800           1
0.884201 0.921432           1
0.809402 0.932510           1
0.507767 0.687958           1
0.839828 0.898193           1
0.675552 0.539062           0
0.416809 0.199387           1
0.126053 0.019943           0
0.581512 0.266922           1
0.217850 0.012589           0
0.254944 0.112076           0
0.000000 0.008163           0
0.873657 0.961212           1
0.114731 0.111557           0
0.508438 0.281158           0
0.265701 0.405304           0
0.357788 0.565796           0
0.885178 0.966492           1
0.652435 0.692978           1
0.776535 0.445938           1
0.611542 0.749969           0
0.863113 0.919495           1
0.150375 0.086365           0
0.282913 0.126053           0
0.520493 0.529129           1
0.774292 0.915955           1
0.518448 0.450134           0
0.825058 0.921875           0
0.508499 0.195877           0
0.296036 0.236252           0
0.530396 0.680695           0
0.110641 0.119110           0
0.221832 0.317795           0
0.298767 0.099411           0
0.825073 0.953796           1
0.277100 0.153793           0
0.850754 0.882706           1
0.748718 0.268845           1
0.737610 0.838669           1
1.000000 0.992325           1
0.622360 0.777451           1
0.214966 0.215012           1
0.860641 0.972260           1
0.572815 0.903839           1
0.321335 0.093674           0
0.648788 0.859695           1
0.516678 0.143387           0
0.305191 0.408752           0
1.000000 0.931076           1
0.884460 0.940048           1
0.572586 0.703995           0
0.560349 0.428421           0
0.743896 0.703354           0
0.794022 0.908508           1
0.157898 0.065079           0
0.199951 0.049255           0
0.798889 0.636276           0
0.283371 0.241714           1
0.747116 0.668793           0
0.884094 0.866379           1
0.614548 0.583603           0
0.606506 0.519165           1
0.413528 0.347916           0
0.339828 0.242538           0
0.875977 0.924744           1
0.170563 0.098022           0
0.255692 0.131516           0
0.299438 0.189819           0
0.768723 0.473511           0
0.507660 0.807251           0
0.761444 0.794281           0
0.222305 0.183212           0
0.255356 0.308716           0
0.747711 0.796005           1
0.148254 0.047104           0
0.336655 0.234436           0
0.867920 0.931351           1
0.769119 0.852386           1
0.597931 0.827103           1
0.746689 0.885513           1
0.767532 0.659058           0
0.297836 0.244507           0
0.477600 0.643967           1
0.875183 0.469849           1
0.724457 0.830826           1
0.174118 0.156662           0
0.417130 0.237991           1
0.669144 0.339493           0
0.136200 0.047974           0
0.132492 0.061050           0
0.880035 0.949921           1
0.882050 0.899170           0
1.000000 0.977570           1
0.485168 0.385925           0
0.825439 0.928299           1
0.808289 0.853699           0
0.764008 0.401215           1
0.352921 0.336990           0
0.101089 0.027573           0
0.837097 0.864075           1
0.855865 0.886536           1
0.315247 0.459732           0
0.850082 0.845947           1
0.602097 0.596191           1
0.109406 0.015732           0
0.775314 0.870544           1
0.137711 0.079849           0
0.844681 0.959061           1
0.377792 0.163635           0
0.855042 0.951965           1
0.271683 0.342422           0
0.528198 0.473923           1
0.670837 0.532242           0
0.173248 0.107529           0
0.150757 0.013550           0
0.731339 0.469055           0
0.466217 0.181732           0
0.623611 0.483444           1
0.795883 0.897537           1
0.118011 0.063995           0
0.561356 0.259750           0
0.242859 0.221802           0
0.851379 0.709976           0
0.785873 0.845566           1
0.843048 0.832184           1
0.128967 0.070953           0
0.814987 0.787643           1
0.459412 0.642181           1
0.888580 0.944092           1
0.890976 0.927460           1
0.833282 0.968384           1
0.360428 0.417542           1
0.812866 0.831161           1
0.585770 0.844208           1
0.797195 0.809906           1
0.251343 0.082611           0
0.809738 0.830246           1
0.777725 0.949432           1
0.813995 0.799286           1
0.646393 0.595596           1
0.657074 0.820892           1
0.778030 0.567993           0
0.865311 0.905106           1
0.249969 0.194824           0
0.534653 0.536179           1
0.762161 0.905502           1
0.389771 0.188614           0
0.250076 0.087555           0
0.233368 0.207458           0
0.841507 0.889160           1
0.248734 0.317261           0
0.786407 0.919647           1
0.332397 0.115311           0
0.791229 0.854996           0
0.245712 0.183563           0
0.700714 0.718155           1
0.564209 0.175888           0
0.778183 0.787704           1
0.298218 0.516296           1
0.159393 0.024063           0
0.861801 0.930862           1
0.220032 0.124741           0
0.104385 0.052750           1
0.845871 0.927948           1
0.161560 0.048965           0
1.000000 0.990097           1
0.431900 0.397552           0
0.774933 0.844086           1
0.809631 0.796967           1
0.372223 0.157959           0
0.628708 0.741440           1
0.582428 0.271561           0
0.823944 0.885437           1
0.247604 0.253479           1
0.201904 0.132370           0
0.525574 0.533005           1
0.431290 0.263611           1
0.868622 0.968750           1
0.166718 0.058792           0
0.233170 0.172699           0
0.181000 0.205338           0
0.279190 0.145706           0
0.335831 0.307434           0
0.549042 0.820892           0
1.000000 0.973038           1
0.133362 0.143967           0
0.484665 0.430450           0
0.712265 0.774918           0
0.900635 0.828156           1
0.286377 0.408371           0
0.307114 0.305115           1
0.873611 0.913513           1
0.749023 0.866959           1
0.752869 0.781082           1
0.215668 0.239471           0
0.607422 0.451157           0
0.732803 0.514786           0
0.574341 0.683121           1
0.427887 0.302567           1
0.000000 0.001648           0
0.185974 0.027908           0
0.476227 0.299255           1
0.161392 0.046478           0
0.901199 0.966568           1
0.873459 0.948563           1
0.144043 0.013168           0
0.193283 0.021301           0
0.269196 0.385590           0
0.264740 0.341034           0
0.364075 0.150742           0
0.705505 0.696976           1
0.212936 0.196487           0
0.828064 0.809998           0
0.570648 0.145370           1
0.239380 0.157364           0
0.765259 0.717392           0
0.000000 0.025146           0
0.875641 0.971893           1
0.576050 0.769806           1
0.251663 0.169907           0
0.758408 0.909760           1
0.845474 0.923065           1
0.100021 0.093140           0
0.256256 0.284409           0
0.510056 0.313507           0
0.691269 0.847702           0
0.248886 0.361008           1
0.877090 0.936523           1
0.862701 0.956177           1
0.348572 0.429108           0
0.337433 0.225235           0
0.599899 0.347870           0
0.727783 0.732986           1
0.543198 0.741943           1
0.715134 0.781006           1
0.000000 0.003296           0
0.853409 0.876968           1
0.000000 0.008743           0
0.000000 0.041367           0
0.000000 0.015488           0
0.275879 0.058243           0
0.663223 0.858276           1
0.618149 0.858047           1
0.097809 0.097336           1
0.130554 0.033936           0
0.145752 0.011703           0
0.838425 0.945007           0
0.398285 0.405884           0
0.296844 0.495361           0
0.750214 0.796326           1
0.654022 0.812515           0
0.403305 0.228683           1
0.864426 0.912567           1
0.124756 0.067078           0
0.329498 0.378494           0
0.466263 0.426453           1
0.142059 0.134140           0
0.802017 0.907120           1
0.243378 0.120255           1
0.127670 0.088104           0
0.886459 0.954620           1
0.296204 0.410568           0
0.175537 0.068863           0
0.100525 0.020828           0
0.189804 0.047836           0
0.696838 0.238556           1
0.000000 0.056473           0
0.352356 0.567032           0
0.894150 0.954498           1
0.174866 0.400162           0
0.847458 0.850586           1
0.583893 0.779327           1
0.426834 0.317596           1
0.741562 0.818207           1
0.834991 0.921692           1
0.807556 0.864792           1
0.630432 0.504822           1
0.876175 0.959824           1
0.212738 0.079575           0
0.869995 0.930954           1
0.518372 0.753540           0
0.272507 0.231720           1
0.185165 0.008606           0
0.229828 0.077057           0
0.197357 0.146896           0
0.208603 0.114975           0
0.325714 0.663910           1
0.291138 0.212524           0
0.759796 0.867157           1
0.356369 0.164337           0
0.833237 0.811798           1
0.749710 0.803726           0
0.590836 0.521622           0
0.532608 0.606735           1
0.530243 0.325485           0
0.893280 0.862869           1
0.715973 0.734756           1
0.766479 0.586212           1
0.701782 0.753845           1
0.212967 0.151703           1
0.163940 0.096741           0
0.420151 0.793915           0
0.377151 0.144699           0
0.879379 0.919388           1
0.202789 0.169128           0
0.789062 0.881927           1
0.100006 0.033203           0
0.833649 0.898743           1
0.723206 0.893890           1
0.790848 0.861603           0
0.241150 0.206863           0
0.171341 0.094025           0
0.694244 0.631134           1
0.495621 0.192352           0
0.793198 0.842102           1
0.823349 0.875046           1
0.754044 0.838654           1
0.177689 0.181488           0
0.185822 0.183014           0
0.128677 0.057755           0
0.392761 0.306000           0
0.246948 0.176102           1
0.883957 0.936600           1
0.828110 0.843521           1
0.135925 0.031906           0
0.840164 0.749817           1
1.000000 0.965866           1
0.140259 0.158081           0
0.327240 0.196167           0
0.225998 0.132477           1
0.266129 0.576782           1
0.854553 0.944122           1
0.151749 0.163742           0
0.502075 0.496002           0
0.475998 0.681244           1
0.612015 0.526901           0
0.284836 0.179047           0
0.156006 0.018005           0
0.435745 0.770233           1
0.135971 0.080780           0
0.881500 0.955261           1
0.618591 0.305557           0
0.634064 0.541245           0
0.860138 0.813660           1
0.901367 0.880203           1
0.794571 0.842148           0
0.756180 0.785522           1
0.829239 0.861496           0
0.736420 0.457993           1
0.274490 0.263504           0
0.822769 0.881668           1
0.000000 0.027832           0
0.787338 0.808548           1
0.759460 0.878372           0
0.166122 0.028717           0
0.531876 0.175369           0
0.794495 0.863525           1
0.388962 0.174957           1
0.868164 0.967911           1
0.514862 0.464661           0
0.668060 0.739151           1
0.372223 0.155838           1
0.165588 0.153320           0
0.425552 0.280075           1
0.368286 0.197617           0
0.821701 0.967987           1
1.000000 0.978683           1
0.161713 0.035400           0
0.522491 0.730225           1
0.714050 0.831863           1
0.162384 0.007248           0
0.000000 0.031876           0
0.108002 0.064041           0
0.288055 0.142670           0
0.390030 0.335358           0
0.284439 0.097092           0
0.645416 0.717255           1
0.769043 0.765778           1
0.583450 0.676788           1
0.562164 0.557343           1
0.732086 0.730835           0
0.884140 0.964691           1
1.000000 0.994202           1
0.000000 0.005997           0
0.774857 0.771545           1
0.403473 0.612640           1
0.223495 0.131409           0
0.216736 0.323837           0
0.459763 0.241501           0
0.417419 0.264267           1
0.489105 0.325317           1
0.216812 0.096375           0
0.464859 0.278671           0
0.778015 0.899994           1
0.104416 0.045303           0
0.621002 0.718979           1
0.777542 0.568909           1
0.580948 0.691162           1
0.811661 0.941574           1
0.190598 0.191666           0
0.466309 0.392136           1
0.810989 0.939026           1
0.120895 0.050171           0
0.317108 0.727097           0
0.000000 0.009384           0
0.424210 0.153397           0
0.232483 0.135010           0
0.481873 0.573746           1
0.820419 0.953522           1
0.211624 0.183624           0
0.666611 0.398926           0
0.861237 0.883743           0
0.316788 0.417770           1
0.321518 0.169113           0
0.739761 0.816193           1
0.751099 0.868347           1
0.865952 0.881027           1
0.276535 0.401520           0
0.854004 0.916260           1
1.000000 0.976303           1
0.249069 0.203079           0
0.209763 0.194275           0
0.534134 0.715668           1
0.197540 0.399521           0
0.192886 0.141342           0
0.634338 0.753479           1
0.438309 0.204498           0
0.270264 0.044006           0
0.691879 0.510651           1
0.227890 0.137604           0
0.746872 0.772018           1
0.711090 0.933777           1
0.472092 0.745972           0
0.531693 0.455429           0
0.856232 0.976974           1
0.754364 0.808319           0
0.436691 0.829010           1
0.249374 0.141266           0
0.103500 0.117844           0
0.868057 0.845322           1
0.124527 0.064865           0
0.828308 0.901321           1
0.868790 0.971375           1
0.121643 0.064453           0
0.858887 0.897278           1
0.174805 0.209824           1
0.653290 0.783646           1
0.228897 0.132370           0
0.340210 0.236588           1
0.318695 0.175400           0
0.731293 0.717361           1
0.825790 0.917999           1
0.165146 0.699585           0
0.887695 0.837357           1
0.134186 0.167450           0
0.205429 0.135559           0
0.110840 0.055588           0
0.813004 0.925690           1
0.323410 0.240540           0
0.688263 0.836212           1
0.684357 0.793976           1
0.872482 0.882599           1
0.282730 0.284164           1
0.289276 0.414154           0
0.813385 0.586151           1
0.586349 0.543915           1
0.407089 0.356903           1
0.306427 0.324142           1
0.000000 0.010788           0
1.000000 0.983337           1
0.473984 0.247406           1
0.755478 0.824753           1
0.804276 0.865234           1
0.839172 0.908890           1
0.698822 0.565155           0
0.154709 0.052261           0
0.684387 0.280685           0
0.291336 0.370392           1
0.127213 0.032700           0
0.211227 0.091736           0
0.129379 0.006897           0
0.595810 0.261841           1
0.196198 0.095413           0
0.874573 0.940582           1
0.314072 0.325531           0
0.803848 0.843033           1
0.227814 0.199753           0
0.469208 0.802567           1
0.880127 0.920197           1
0.307663 0.247910           0
0.785217 0.872284           1
0.664963 0.352737           1
0.271378 0.111588           1
0.892578 0.925827           1
0.617844 0.367813           1
0.626373 0.596695           1
0.866898 0.979309           1
0.425369 0.395020           0
0.188461 0.107010           0
0.237289 0.056793           0
0.818558 0.913406           1
0.784042 0.892120           1
0.112717 0.022156           0
0.261688 0.205536           0
0.161179 0.033722           0
0.886536 0.935165           1
0.189453 0.163498           1
0.578644 0.267975           1
0.162277 0.136505           0
0.376450 0.272186           1
0.798508 0.920380           1
0.746124 0.841446           0
0.144135 0.134521           0
0.195190 0.128952           0
0.214630 0.070282           0
0.742004 0.866959           1
0.506119 0.240952           0
0.785645 0.878372           0
0.805481 0.894135           1
0.800095 0.888687           1
0.118805 0.085037           0
0.856262 0.925842           1
0.295685 0.177414           1
0.266678 0.219009           0
0.000000 0.021072           0
0.832932 0.850449           1
0.838028 0.866684           1
0.708939 0.316757           1
0.175232 0.388351           0
0.853531 0.965225           1
0.891708 0.883789           1
0.185425 0.083099           0
0.753540 0.726746           1
0.362518 0.320709           0
0.687668 0.675262           0
0.697113 0.737274           1
0.221451 0.046692           0
0.760681 0.762573           1
0.838226 0.944992           1
0.115601 0.062836           0
0.254440 0.417145           0
0.181732 0.017441           0
0.560669 0.810608           1
0.793167 0.900223           1
0.535065 0.642029           0
0.884842 0.917816           0
0.217606 0.280960           0
0.342804 0.219940           0
0.359024 0.304001           0
0.784561 0.877991           1
0.275970 0.258896           1
0.220062 0.202423           0
0.804428 0.916992           0
0.622528 0.147415           0
0.823074 0.956207           1
0.261398 0.140091           0
0.860107 0.951279           1
0.777023 0.907104           1
0.345810 0.452698           0
0.203003 0.095551           0
0.410599 0.630112           1
0.218445 0.057312           0
0.897125 0.912048           1
0.437134 0.133041           0
0.858566 0.946091           1
0.781494 0.856537           1
0.455063 0.707947           0
0.109650 0.115875           0
0.457199 0.362808           0
0.606064 0.637405           1
0.848221 0.934753           1
0.896194 0.959671           1
0.605438 0.905167           1
0.854462 0.926437           1
0.387283 0.280655           0
0.806290 0.916840           1
0.138855 0.021225           0
0.736130 0.628494           1
0.735184 0.906586           1
0.597366 0.752380           1
0.125809 0.049942           0
0.271423 0.440414           0
0.883286 0.851776           1
0.723618 0.850616           1
0.778000 0.845627           1
0.168625 0.027634           0
0.148880 0.028885           0
0.418579 0.187531           0
0.138626 0.002258           0
0.863770 0.959808           1
0.901184 0.976410           1
0.000000 0.033447           0
0.647766 0.480682           1
0.344818 0.218597           0
0.405197 0.576401           1
0.871078 0.912613           1
0.610748 0.719620           1
0.724411 0.849960           1
0.727905 0.454987           0
0.414062 0.363312           1
0.853119 0.870087           1
0.768478 0.789108           1
0.611160 0.717941           0
0.754730 0.911743           1
0.865540 0.818085           1
0.486145 0.316132           0
0.646149 0.220230           0
1.000000 0.980637           1
0.878403 0.977753           1
0.121002 0.027603           0
0.783783 0.902908           1
0.893524 0.939606           0
0.286026 0.684937           1
0.815002 0.986633           1
0.203110 0.084473           0
0.742630 0.502365           1
0.804993 0.805786           1
0.806320 0.718842           0
0.318619 0.354553           0
0.124451 0.142319           0
0.690811 0.811691           1
0.206284 0.151825           0
0.497665 0.761734           1
0.681122 0.238861           0
0.711548 0.781570           0
0.887756 0.955872           1
0.520920 0.276978           0
0.613083 0.660126           0
0.281204 0.148682           0
0.746429 0.703827           1
0.356964 0.313965           1
0.790970 0.381454           1
0.240936 0.155884           0
0.235123 0.195312           0
0.887177 0.938828           1
0.253983 0.125534           0
0.839172 0.901596           1
0.243454 0.757889           1
0.579803 0.596222           0
0.578583 0.823212           0
0.801941 0.986084           1
0.095947 0.097061           0
0.656235 0.433441           0
0.518906 0.449570           0
0.256409 0.163452           0
0.209885 0.189270           0
0.902145 0.950317           1
0.751297 0.897980           1
0.212891 0.050858           0
0.875229 0.900406           1
0.148758 0.064438           0
0.285538 0.256882           0
0.872864 0.907394           1
0.453888 0.695404           0
0.308609 0.582687           1
0.315216 0.343781           0
0.114853 0.034851           0
0.705490 0.650421           1
0.848602 0.970306           1
0.759262 0.491867           1
0.714081 0.814743           1
0.684372 0.877151           1
0.195282 0.218613           0
0.248795 0.156448           0
0.794846 0.849030           1
0.438248 0.173233           0
0.130020 0.051514           0
0.744431 0.837830           1
0.827606 0.728577           0
0.357803 0.729050           1
0.129944 0.043747           0
0.823486 0.883667           0
0.726135 0.915543           1
0.129089 0.084335           0
0.887009 0.927200           1
0.201462 0.145477           0
0.252151 0.107513           0
0.652863 0.379303           1
0.514587 0.663971           0
0.502670 0.806778           1
0.098495 0.062195           0
0.838333 0.931015           1
0.582169 0.263214           0
0.539093 0.886642           1
0.755707 0.734314           0
0.388107 0.246277           0
0.000000 0.009216           0
0.711533 0.853027           1
0.231003 0.133896           1
0.869446 0.943054           0
0.243317 0.210724           0
0.658615 0.476898           1
0.845581 0.930191           1
0.652863 0.743713           1
0.205276 0.108582           0
0.191956 0.190170           1
0.461609 0.245377           0
0.811142 0.941452           1
0.771072 0.850082           1
0.572479 0.155075           1
0.408463 0.378296           0
0.288544 0.310059           0
0.219604 0.300186           0
0.792282 0.799393           1
0.653793 0.375275           0
0.161087 0.061600           0
0.775711 0.915237           1
0.312668 0.386566           1
0.783081 0.768539           1
0.882645 0.967484           1
0.705536 0.798233           1
0.798447 0.794708           1
0.865189 0.988510           1
0.874817 0.857910           1
0.770447 0.756851           0
0.712097 0.837006           1
0.130219 0.037384           0
0.808487 0.802994           1
0.569870 0.524139           0
0.842667 0.794861           1
0.391083 0.609818           1
0.197098 0.054428           0
0.180923 0.148911           0
0.802979 0.832733           1
0.217758 0.167038           0
0.554672 0.770447           1
0.228226 0.203232           0
0.623291 0.882950           1
0.150940 0.214767           0
0.420288 0.415207           0
0.539963 0.537354           1
0.635132 0.787033           1
0.492188 0.765244           0
0.799850 0.745499           0
0.593918 0.786987           1
0.146683 0.074432           0
0.485016 0.419296           1
0.112915 0.104187           0
0.176666 0.047760           0
0.826797 0.682648           1
0.255951 0.056656           0
0.135254 0.035843           0
0.396942 0.212936           0
0.732483 0.889816           1
0.153366 0.099823           1
0.283051 0.058609           1
0.000000 0.016113           0
0.474182 0.285797           1
0.315002 0.219849           0
0.724426 0.570465           0
0.105988 0.081314           0
0.240646 0.262741           0
0.199371 0.078735           0
0.000000 0.015945           0
0.257584 0.155640           0
0.682953 0.831680           1
0.158112 0.139481           0
0.443985 0.549637           0
0.199554 0.145325           0
0.190445 0.208664           0
0.176651 0.185730           0
0.697937 0.813293           0
0.766403 0.679016           0
0.286331 0.406326           0
0.878143 0.974579           1
0.206604 0.106110           0
0.128586 0.017639           0
0.152435 0.045456           0
0.420837 0.632202           0
0.781006 0.838791           1
0.787949 0.774811           1
0.746490 0.720734           0
0.881714 0.946136           1
0.788757 0.903152           1
0.138443 0.054260           0
0.707184 0.808060           1
0.886276 0.914658           1
0.095764 0.137207           0
0.764755 0.764969           1
0.236359 0.159348           0
0.156036 0.143036           0
0.743103 0.735001           1
0.734390 0.681427           1
0.762772 0.762222           1
1.000000 0.986877           1
0.751984 0.670181           0
0.803085 0.783096           1
1.000000 0.993362           1
0.749710 0.954666           1
0.104645 0.146179           0
0.137924 0.038330           0
0.173019 0.041153           0
0.134094 0.152313           0
0.752533 0.832687           1
0.116867 0.038773           0
0.609848 0.484375           1
0.803116 0.905167           0
0.217468 0.044815           0
0.441208 0.243088           0
0.899429 0.970993           1
0.856705 0.950409           1
0.229721 0.372559           1
0.000000 0.019638           0
0.672775 0.703583           0
0.845917 0.882950           1
0.801529 0.801956           1
0.213104 0.125977           1
0.897125 0.877853           0
0.617905 0.544525           1
0.287506 0.169327           0
0.861282 0.912537           1
0.424561 0.253265           1
0.830338 0.883987           1
0.431046 0.765198           1
0.426224 0.391235           1
0.163208 0.306778           0
0.169006 0.067566           1
0.221161 0.264557           0
0.824463 0.749420           1
0.744156 0.340164           0
0.859711 0.942551           1
0.613129 0.540985           1
0.695312 0.246231           1
0.278702 0.104904           1
0.463394 0.121796           0
0.286667 0.230316           0
0.136414 0.030869           0
0.655212 0.591797           1
0.754852 0.933609           1
0.341934 0.435440           0
0.226944 0.083984           0
0.476974 0.755600           1
0.143326 0.032547           0
0.339462 0.260056           1
0.352493 0.188629           0
0.857452 0.879150           1
0.526138 0.681488           1
0.223450 0.289658           0
0.132446 0.145416           0
0.809174 0.755280           1
0.731613 0.845230           0
0.141357 0.199280           0
0.796417 0.904572           1
0.762802 0.708633           1
0.186386 0.156555           0
0.207047 0.175415           0
0.734695 0.482010           0
0.868500 0.937164           1
0.215118 0.077530           0
0.368835 0.253632           0
0.699631 0.419098           0
0.617416 0.780441           1
0.896805 0.884445           1
0.903336 0.949020           1
0.724304 0.724075           0
0.791016 0.794586           1
0.414871 0.306763           0
0.275192 0.170212           0
0.865982 0.945267           1
0.221878 0.126129           0
0.117569 0.051712           0
0.111145 0.068390           0
0.770111 0.780960           1
0.370529 0.103180           0
0.316132 0.365356           1
0.435638 0.233078           0
0.641861 0.731720           1
0.782623 0.886398           1
0.549606 0.736816           1
0.442917 0.748901           1
0.131958 0.029205           0
0.249420 0.166779           0
0.785782 0.789917           1
0.197800 0.059280           0
0.307526 0.160187           0
0.725891 0.864456           1
0.610764 0.290909           1
0.429214 0.402206           1
0.903793 0.912064           1
0.775803 0.826126           1
0.456665 0.703186           0
0.885574 0.976852           1
0.000000 0.014160           0
0.664200 0.839905           1
0.865250 0.933380           1
0.644760 0.738815           1
0.000000 0.005432           0
1.000000 0.989822           1
0.150208 0.048279           0
0.356049 0.071716           1
0.210556 0.156219           0
0.788605 0.794418           1
0.239838 0.130020           0
0.254349 0.201614           0
0.405029 0.327850           0
0.675903 0.242798           0
0.115479 0.137909           0
0.400436 0.338226           1
0.525391 0.729095           0
0.685684 0.714951           1
0.869781 0.872498           1
0.361130 0.629440           1
0.778336 0.709198           1
0.784561 0.677765           0
0.669312 0.450195           0
0.734970 0.837234           1
0.563599 0.722397           1
0.611938 0.752136           0
0.478073 0.330307           0
0.157562 0.033951           0
0.896118 0.942688           1
0.445602 0.651520           1
0.713409 0.612213           1
0.268661 0.229477           1
0.898758 0.955643           1
0.504807 0.360092           1
0.803650 0.803040           1
0.592758 0.769440           0
0.646729 0.768112           0
0.728241 0.556274           1
0.738037 0.851700           1
0.889053 0.973969           1
0.354523 0.242584           0
0.844101 0.947647           1
0.276016 0.258423           0
0.861313 0.937790           1
0.129745 0.137054           0
0.198135 0.139496           0
0.163376 0.117264           1
0.306458 0.177444           1
0.000000 0.014389           0
0.000000 0.051529           0
0.171707 0.063446           0
0.340027 0.209869           0
0.757996 0.294189           1
0.270264 0.581253           0
0.285187 0.188675           0
0.586334 0.370758           0
0.176483 0.041702           0
0.890869 0.933823           1
0.198105 0.232300           1
0.431824 0.220322           1
0.843094 0.884445           1
0.776047 0.820480           1
0.784531 0.976120           1
0.257553 0.461243           0
0.695084 0.563538           1
0.320709 0.480209           0
0.139999 0.044052           0
0.863419 0.848877           1
0.612411 0.721634           1
0.584137 0.569977           0
0.718826 0.827423           1
0.701599 0.528336           1
0.704391 0.817307           1
0.384109 0.179153           0
0.434738 0.353928           0
0.119949 0.156174           0
0.557373 0.580994           1
0.748825 0.758667           1
0.603912 0.553009           0
0.841904 0.797577           1
0.504440 0.034775           0
0.373123 0.285370           0
0.404999 0.123474           0
0.771851 0.769485           0
0.179764 0.283020           1
0.203506 0.124802           0
0.883987 0.933548           1
0.269272 0.166687           0
0.821686 0.882172           1
0.200424 0.137909           0
0.439911 0.249557           1
0.700806 0.558594           0
0.788544 0.725082           1
0.662857 0.807404           1
0.562546 0.421356           0
0.430527 0.208359           1
0.199387 0.201096           0
0.216629 0.160095           0
0.712341 0.385941           1
0.147873 0.069397           0
0.543365 0.435455           1
0.394119 0.788284           0
0.893524 0.919510           1
0.236282 0.649918           0
0.254074 0.184097           0
0.756851 0.878342           0
0.139313 0.062790           0
0.302887 0.377380           0
0.102692 0.089249           0
0.761978 0.811279           1
0.257431 0.182098           0
0.878525 0.966370           1
0.113785 0.076157           0
0.306046 0.416321           0
0.563736 0.289551           1
0.000000 0.052841           0
0.124039 0.028625           1
0.447495 0.372147           0
0.402557 0.543045           0
0.384720 0.225525           0
0.789185 0.896011           1
0.233688 0.117645           1
0.288956 0.247192           0
0.752441 0.766098           1
0.394333 0.173325           0
0.447174 0.771622           0
0.904007 0.938507           1
0.559906 0.124863           1
0.880310 0.957977           1
0.850662 0.941956           1
0.893005 0.949051           1
0.322922 0.460861           1
0.761551 0.668472           1
0.340698 0.230820           0
0.871597 0.903641           1
0.507065 0.653809           1
0.820541 0.757401           1
0.356201 0.144806           0
0.792877 0.823318           1
0.103531 0.056351           0
0.456970 0.192368           0
0.126572 0.043625           0
0.325653 0.071030           0
0.827042 0.920685           1
0.849457 0.558502           0
0.000000 0.026306           0
0.681427 0.769684           1
0.711960 0.721222           1
0.245132 0.217545           0
0.728363 0.712082           1
0.246384 0.264511           0
0.859116 0.868484           1
0.727310 0.836151           1
0.711731 0.795380           1
0.105850 0.070175           0
0.000000 0.009262           0
0.800369 0.796036           1
0.420425 0.753601           0
0.876251 0.938080           1
0.676727 0.441895           0
0.617401 0.751801           0
0.611954 0.651352           0
0.343399 0.238647           0
0.600266 0.280350           1
0.191208 0.048019           0
0.462204 0.793030           0
0.586990 0.635300           1
0.876389 0.863968           1
0.317154 0.468964           0
0.112259 0.035965           0
1.000000 0.978165           1
0.236450 0.188599           0
0.219513 0.188400           0
0.224304 0.075653           0
0.832336 0.941925           0
0.289871 0.202942           0
0.461136 0.520462           1
0.423721 0.428467           0
0.842133 0.883087           1
0.820374 0.834137           1
0.762833 0.765182           1
0.653229 0.732986           1
0.791718 0.932892           1
0.876175 0.959167           1
0.745636 0.798981           1
0.113235 0.068619           0
0.690125 0.356461           1
0.781189 0.852219           1
0.227417 0.234665           0
0.188156 0.025589           0
0.695816 0.920578           1
0.458786 0.497955           0
0.651749 0.846069           1
0.568665 0.777466           1
0.312424 0.255020           0
0.273315 0.284470           0
0.000000 0.021927           0
0.106323 0.168610           1
0.800079 0.890427           1
0.462692 0.442032           1
0.713791 0.629456           0
0.293869 0.136490           0
0.690628 0.764389           1
0.604965 0.845764           1
0.159119 0.070984           0
0.338745 0.396835           0
0.595215 0.700333           0
0.128601 0.016724           0
0.463806 0.712341           1
0.748123 0.752701           0
0.193008 0.114395           0
0.552048 0.747635           1
0.227142 0.229858           0
0.102325 0.079666           0
0.792969 0.906281           1
0.429535 0.269348           0
0.839783 0.923096           1
0.735580 0.878876           1
0.681412 0.793945           1
0.854141 0.917450           1
0.000000 0.029556           0
0.341812 0.317963           0
0.142532 0.089264           0
0.872345 0.919922           1
1.000000 0.984116           1
0.737671 0.858414           1
0.792725 0.982239           1
0.734940 0.812103           1
0.213486 0.120087           0
0.218338 0.229584           1
0.267227 0.189896           0
0.825089 0.838440           1
0.277451 0.277451           0
0.700455 0.814484           1
0.318634 0.153290           0
0.169327 0.054520           0
0.000000 0.050156           0
0.253052 0.199921           0
0.727921 0.749893           1
0.000000 0.007141           0
0.203339 0.250336           1
0.652435 0.396225           0
0.122116 0.052032           0
0.200851 0.157288           1
0.723480 0.851379           1
0.825455 0.792267           1
0.862778 0.953156           1
0.100922 0.068512           0
0.865036 0.915207           1
0.456909 0.135513           0
0.597687 0.644730           1
0.702911 0.572586           1
0.255203 0.245483           1
0.000000 0.015579           0
0.746292 0.836227           1
0.882980 0.916855           1
0.613525 0.733688           1
0.890396 0.907364           1
0.703537 0.621185           1
0.120255 0.037643           0
0.757248 0.849045           0
0.557434 0.831787           0
0.398605 0.747803           1
0.691422 0.606796           1
0.183197 0.093979           0
1.000000 0.970490           1
0.738480 0.331345           1
0.798660 0.922348           1
1.000000 0.990936           1
0.000000 0.032120           0
0.805832 0.789093           1
0.183472 0.115753           0
0.237091 0.212769           0
0.176926 0.204956           0
0.439316 0.373566           1
0.293350 0.407639           1
0.768341 0.835480           1
0.863815 0.974213           1
0.766678 0.437729           1
0.879562 0.933884           1
0.620743 0.190720           0
0.723587 0.854248           1
0.474960 0.199310           0
0.313522 0.490265           0
0.325180 0.177536           0
0.378311 0.105362           0
0.214539 0.696564           0
0.612244 0.783127           0
0.194336 0.132538           0
0.314880 0.109436           0
0.097626 0.008713           0
0.400223 0.354828           0
0.234268 0.046982           0
0.150467 0.116241           0
0.220062 0.094757           0
0.164658 0.176483           0
0.751953 0.859161           1
0.209625 0.054962           0
0.807312 0.747757           0
0.115082 0.097717           0
0.819443 0.776215           1
0.193939 0.155029           0
0.752228 0.357239           0
0.128540 0.057816           0
0.690292 0.534515           1
0.000000 0.019226           0
0.726059 0.848343           0
0.304245 0.408783           0
0.127457 0.115997           0
0.767960 0.814682           1
0.143478 0.024948           0
0.861786 0.913116           1
0.326065 0.721161           1
0.624542 0.551529           0
0.208389 0.061249           0
0.103226 0.132996           0
0.789642 0.642532           0
0.818436 0.912354           1
0.858505 0.834564           1
0.430496 0.182922           0
0.184219 0.110886           0
0.882431 0.977997           1
0.505554 0.625504           1
0.772018 0.371902           1
0.714569 0.291534           0
0.707489 0.827057           1
0.814987 0.837921           1
0.132797 0.099960           1
0.742050 0.854706           0
0.433502 0.348038           1
0.166626 0.085449           0
0.294937 0.059952           0
0.205185 0.131668           0
0.662994 0.928238           1
0.227173 0.207855           0
0.704788 0.651031           1
0.699402 0.526260           1
0.876358 0.968201           1
0.440369 0.767761           1
0.877182 0.986023           1
0.119034 0.050537           0
0.429642 0.247757           0
0.898483 0.894669           1
0.880951 0.930542           0
0.812607 0.808044           1
0.743118 0.820999           1
0.693420 0.253525           1
0.418640 0.366638           0
0.467255 0.296036           1
0.144348 0.237671           1
0.176605 0.141327           1
0.166046 0.253876           0
0.748627 0.788406           0
0.772125 0.807419           1
0.277969 0.063751           0
0.699203 0.631744           0
0.132751 0.172119           0
0.665329 0.845718           0
0.824875 0.864319           1
0.651260 0.405838           1
0.563400 0.581436           0
0.168991 0.076141           0
0.785278 0.536438           1
0.886276 0.968079           1
0.180359 0.208694           0
0.448837 0.687057           0
0.494843 0.774933           1
0.672852 0.535065           1
0.748840 0.448990           1
0.267715 0.145538           0
0.280762 0.233078           0
0.800552 0.917084           1
0.812866 0.908859           0
0.280167 0.259384           0
0.498550 0.368134           0
0.630600 0.858078           1
0.416290 0.260010           1
0.269150 0.154968           1
0.104263 0.112137           0
0.837997 0.924088           1
0.740509 0.852859           1
0.769623 0.481277           0
0.540466 0.297348           1
0.305420 0.208481           1
0.510422 0.604172           1
0.193604 0.098022           0
0.114319 0.061935           0
0.601746 0.740051           1
0.735229 0.809128           0
0.774277 0.850174           0
0.182846 0.023239           0
0.297867 0.131531           0
0.870285 0.955475           1
0.107803 0.096130           0
0.254578 0.183624           0
0.872574 0.957581           1
0.494492 0.847107           1
0.000000 0.013031           0
0.816025 0.929794           1
0.775833 0.920990           1
0.760315 0.472183           0
0.194153 0.099686           0
0.689056 0.461517           0
0.264252 0.342941           1
0.504715 0.533142           0
0.814560 0.865387           1
0.548264 0.596191           0
0.631989 0.581192           1
0.000000 0.055634           0
0.253098 0.297516           0
0.894730 0.943069           1
0.159271 0.124176           0
0.710693 0.657867           0
0.808167 0.874039           1
0.756973 0.641724           1
0.587509 0.713272           1
0.372253 0.110809           0
0.232590 0.137680           0
0.281906 0.492371           1
0.000000 0.020676           0
0.866882 0.943832           1
0.725418 0.821854           1
0.240845 0.081467           0
0.603500 0.750137           1
0.613159 0.271027           0
0.168839 0.064667           0
0.371384 0.172806           0
0.865585 0.911285           1
0.885315 0.915939           1
0.755142 0.159927           1
0.775589 0.866318           1
0.240463 0.104568           0
0.269485 0.231476           0
0.000000 0.039352           0
0.221695 0.115189           0
0.000000 0.006424           0
0.795059 0.758545           1
0.274048 0.352646           0
0.167496 0.051804           0
0.151871 0.143326           0
0.124908 0.098236           0
0.731293 0.214783           1
0.634827 0.579056           1
0.177170 0.188263           0
0.583420 0.699982           1
0.523758 0.627853           1
0.726807 0.794373           1
0.810226 0.896454           1
0.745804 0.767181           1
0.273651 0.254791           1
0.894684 0.974014           0
0.332535 0.237106           0
0.339737 0.459488           0
1.000000 0.983551           1
0.351456 0.265793           1
0.124863 0.028030           0
0.569397 0.291779           1
0.788940 0.873032           1
0.899353 0.981384           1
0.864014 0.944778           1
0.440231 0.292221           1
1.000000 0.972305           1
0.265778 0.140335           0
0.195236 0.087326           0
0.520447 0.693909           0
0.819962 0.814865           1
0.632172 0.805191           1
0.763718 0.899445           1
0.437317 0.738098           0
0.391052 0.399155           1
0.225876 0.093307           0
0.137573 0.085129           0
0.859085 0.923935           1
0.854904 0.830124           1
0.176712 0.290421           1
0.232498 0.258865           0
0.253784 0.217819           0
0.239853 0.089920           0
0.575790 0.657761           0
0.785767 0.724304           1
0.637772 0.645309           1
0.676010 0.599564           1
0.152374 0.089630           0
0.140671 0.030930           0
0.735703 0.849396           1
0.704895 0.595398           1
0.759476 0.697556           1
0.218765 0.171326           1
0.286682 0.266281           1
0.780487 0.884171           1
0.110306 0.049789           0
0.224609 0.028305           0
0.786499 0.307404           1
0.778397 0.811234           1
0.696045 0.759155           1
0.117279 0.023132           0
0.478836 0.264374           1
0.825226 0.947342           1
0.339844 0.786591           0
0.423965 0.229691           0
0.806320 0.764282           1
0.814835 0.840790           1
0.849823 0.919464           1
0.755630 0.837936           1
0.269394 0.328079           0
0.880890 0.812943           1
0.000000 0.047821           0
0.141922 0.040695           0
0.264313 0.172348           0
0.129486 0.050339           0
0.196640 0.126465           0
0.598572 0.779327           1
0.853821 0.856979           1
0.169968 0.023224           0
0.832703 0.889099           1
0.130768 0.119354           0
0.604965 0.407501           0
0.129089 0.047165           0
0.769180 0.831940           0
0.778214 0.851639           0
0.772278 0.865387           1
0.182724 0.083252           0
0.379181 0.365936           1
0.152756 0.081467           0
0.191711 0.117142           0
0.860229 0.946075           1
0.528946 0.730057           1
0.849762 0.823044           1
0.774765 0.908005           1
0.494080 0.514725           0
0.768494 0.741837           1
0.192200 0.100327           0
0.323929 0.394455           0
0.390457 0.703522           1
0.657425 0.829605           1
0.208755 0.278198           0
0.793137 0.837936           1
0.860367 0.943405           1
0.680038 0.814941           1
0.897934 0.924850           1
0.819946 0.929611           1
0.778229 0.855865           1
0.286041 0.264053           0
0.628006 0.200058           1
0.125946 0.027130           0
0.615311 0.815826           1
0.302719 0.225922           0
0.803406 0.748611           1
0.728012 0.823944           1
0.802689 0.889053           1
0.213303 0.079926           0
0.432419 0.366730           1
0.888016 0.947998           1
0.255142 0.257858           0
0.885330 0.863724           1
0.883209 0.964386           1
0.886185 0.924255           1
0.189194 0.083786           0
0.186493 0.103516           0
0.772156 0.776810           1
0.274918 0.164841           0
0.755844 0.508331           1
0.460144 0.733536           1
0.879227 0.959366           1
0.488464 0.463120           0
0.762405 0.791992           1
0.704117 0.591095           1
0.712662 0.715408           1
0.396637 0.107208           0
0.000000 0.019226           0
0.809769 0.915909           1
0.815445 0.920441           1
0.689514 0.836365           1
0.863297 0.953217           1
0.699677 0.800949           1
0.604736 0.560196           1
0.694702 0.746689           0
0.867950 0.977875           1
0.437210 0.205994           0
0.850510 0.899185           1
0.772964 0.909668           1
0.162430 0.086731           0
0.854736 0.935944           1
0.623779 0.588074           0
0.119293 0.037979           0
0.300140 0.242340           0
0.145294 0.115143           1
0.723114 0.662308           1
0.176666 0.098068           0
0.630859 0.857941           1
0.107056 0.171417           0
0.000000 0.015137           0
0.700455 0.546371           1
0.000000 0.037537           0
0.182541 0.234879           0
0.791336 0.845993           0
0.785767 0.886826           1
0.102417 0.089996           0
0.508087 0.500458           0
0.774368 0.789001           0
0.506439 0.613358           1
0.724640 0.455139           0
0.139374 0.174774           0
0.127075 0.046707           0
0.221725 0.214691           0
0.850357 0.919632           1
0.832336 0.866592           1
0.695389 0.684372           0
0.895813 0.954056           1
0.615265 0.559769           0
0.565582 0.466156           1
0.773254 0.713943           1
0.826965 0.815399           1
0.661484 0.740875           1
0.831070 0.835922           1
0.598312 0.479477           1
0.758148 0.777817           0
0.308701 0.164032           0
0.305923 0.484100           0
0.300446 0.266449           1
0.240311 0.165268           0
0.852295 0.931259           0
0.867020 0.965042           1
0.863861 0.960541           1
0.000000 0.012878           0
0.735886 0.669159           0
0.873947 0.856064           0
0.000000 0.016464           0
0.195328 0.144394           1
0.215607 0.189606           0
0.513535 0.749329           1
0.868027 0.964737           1
0.261948 0.453918           1
0.686508 0.741745           1
0.795609 0.929016           1
0.702438 0.760223           0
0.217499 0.082489           0
0.859467 0.931046           1
0.902054 0.873215           1
0.376602 0.159134           0
0.464584 0.380341           0
0.492905 0.306671           0
0.823029 0.895737           1
0.328568 0.204895           0
0.394791 0.720184           1
0.203262 0.156097           1
0.264221 0.478821           1
0.140579 0.042694           0
0.463333 0.352280           1
0.603348 0.795013           1
0.578659 0.787064           1
0.887589 0.937042           1
0.503265 0.800171           1
0.320450 0.216064           1
0.856079 0.938034           1
0.350677 0.713272           0
0.307755 0.157883           0
0.168167 0.084534           0
0.649292 0.803268           1
0.000000 0.004425           0
0.471924 0.620743           1
0.876801 0.916992           1
0.534485 0.605347           1
0.612488 0.597549           1
0.873123 0.965149           1
0.803360 0.850616           1
0.712296 0.531265           0
0.853500 0.974564           1
0.154953 0.058136           0
0.221664 0.314911           0
0.836594 0.979797           1
0.425522 0.467148           1
0.867432 0.957092           1
0.351486 0.390457           1
0.785324 0.856369           1
0.877243 0.928360           1
0.245209 0.290466           0
0.359985 0.470444           0
0.574600 0.227661           1
0.100372 0.100906           0
0.678909 0.509079           0
0.241394 0.244675           0
0.145630 0.043701           0
0.118210 0.053009           0
0.165344 0.018356           0
0.785843 0.919937           1
0.634811 0.605072           1
0.501282 0.224152           0
0.558609 0.763672           0
0.190125 0.035522           0
0.890350 0.879715           1
0.292160 0.142700           1
0.869781 0.946030           1
0.237061 0.196274           0
0.229080 0.182785           0
0.550186 0.750900           0
0.110657 0.065079           0
0.166870 0.074387           0
0.399002 0.234940           0
0.121841 0.062454           0
0.888031 0.925095           1
0.813950 0.941055           1
0.853638 0.887222           1
0.880737 0.961258           1
0.120346 0.050858           0
0.368973 0.162720           0
0.485641 0.484558           1
0.347336 0.678741           1
0.156647 0.264297           0
0.838654 0.909775           1
0.390579 0.444519           0
0.125519 0.076904           0
0.246292 0.014648           0
0.886780 0.845749           1
0.113327 0.198883           0
0.567413 0.335922           0
0.676468 0.864883           1
0.182663 0.008514           0
0.807526 0.761673           1
0.428528 0.449829           0
0.135330 0.015259           0
0.275894 0.808990           0
0.880981 0.957123           1
0.599518 0.594391           0
0.900162 0.947830           1
0.287689 0.095383           0
0.643646 0.788223           0
0.760696 0.779099           1
0.139740 0.039963           0
0.891464 0.828171           1
0.231216 0.179428           0
0.261169 0.389191           0
0.100586 0.162872           0
0.314941 0.747116           0
0.102768 0.067627           0
0.311996 0.537064           0
0.454544 0.450043           0
0.585007 0.273590           1
0.903717 0.927582           1
0.260910 0.263229           0
0.849655 0.959473           1
0.206009 0.053986           0
0.139709 0.035400           0
0.171890 0.069351           0
0.644165 0.703598           1
0.838333 0.895340           1
0.272736 0.242874           0
0.564133 0.636414           0
0.111832 0.115250           0
0.125641 0.048553           0
0.519897 0.392639           1
0.227478 0.048889           0
0.772720 0.825012           1
0.869949 0.938599           1
0.865738 0.965332           1
0.895004 0.932556           1
1.000000 0.994080           1
0.511429 0.402664           1
0.665192 0.701279           1
0.561829 0.545380           0
0.710602 0.453659           1
0.185440 0.210358           0
0.848358 0.880600           1
0.520813 0.325500           0
0.576828 0.250504           1
0.862915 0.923599           1
0.615555 0.755157           1
0.289352 0.291977           0
0.702789 0.772339           0
0.263519 0.738586           1
0.132019 0.139511           0
0.326294 0.277039           0
0.192444 0.295181           0
0.716125 0.759781           1
0.783066 0.875259           1
0.138123 0.073196           0
0.750809 0.886978           1
0.158844 0.030075           0
0.443756 0.424774           1
0.493988 0.319702           0
0.322495 0.172180           0
0.800934 0.974731           1
0.334534 0.205307           0
0.681152 0.845139           1
0.100433 0.064682           0
0.436874 0.688553           1
0.366257 0.512146           0
0.130783 0.017563           0
0.167267 0.179337           0
0.162628 0.276550           0
0.752426 0.534363           0
0.154221 0.017105           0
0.187729 0.398865           1
0.344376 0.378586           0
0.760849 0.777435           1
0.172119 0.147705           0
0.220673 0.022873           0
0.678619 0.811569           1
0.863724 0.803207           0
0.572006 0.789749           1
0.675720 0.770401           1
0.000000 0.023605           0
0.439163 0.202850           0
0.409958 0.406036           1
0.734146 0.879990           1
0.464035 0.304657           0
0.632401 0.805634           1
0.158798 0.024811           0
0.873871 0.887085           1
0.751556 0.854004           0
0.674179 0.832153           1
0.162338 0.097412           0
0.894638 0.928436           1
0.387497 0.380356           0
0.846039 0.846298           1
0.710922 0.786697           1
0.176193 0.152939           0
0.562714 0.258163           0
0.893921 0.627350           1
0.542084 0.737259           1
0.102097 0.051682           0
0.262207 0.243927           0
0.669083 0.796783           0
0.638657 0.486954           0
0.223312 0.112534           1
0.897552 0.960663           1
0.638565 0.835464           0
1.000000 0.986221           1
0.782990 0.816711           0
0.000000 0.023865           0
0.744675 0.766983           1
0.514633 0.436371           1
0.804260 0.984680           1
0.278107 0.103607           0
0.173019 0.068008           0
0.242371 0.561569           0
0.664001 0.434799           0
0.622437 0.779617           0
0.336288 0.205658           1
0.872375 0.931046           1
0.390335 0.651566           0
0.810791 0.943939           1
0.673462 0.594803           1
0.151794 0.123383           0
0.776489 0.632507           0
0.174667 0.199005           0
0.819458 0.938370           1
0.686340 0.537109           0
0.621628 0.456039           1
0.870819 0.945923           1
0.634949 0.240662           1
0.277100 0.215027           1
0.762314 0.851227           1
1.000000 0.986664           1
0.578247 0.793549           1
0.824753 0.804947           0
0.865433 0.951050           1
0.274536 0.408417           0
0.131088 0.107407           0
0.681351 0.714706           1
0.767441 0.784851           0
0.238785 0.062790           0
0.690796 0.767395           1
0.000000 0.001709           0
0.323273 0.113266           0
0.529739 0.590637           1
0.000000 0.014297           0
0.595032 0.769974           1
0.519012 0.277481           1
0.000000 0.026230           0
0.886932 0.935822           1
0.897461 0.863022           0
0.890106 0.889954           1
0.344818 0.306976           0
0.314590 0.222244           0
0.385452 0.161087           1
0.407242 0.234818           1
0.724289 0.809784           1
0.392822 0.204819           0
0.357422 0.199982           0
0.155991 0.059525           0
0.415283 0.180054           0
0.286438 0.215729           0
0.826294 0.807480           1
0.225174 0.037949           0
0.820358 0.903900           1
0.837418 0.932373           1
0.397842 0.351730           1
0.768478 0.862488           0
0.876801 0.920929           1
0.225571 0.079407           0
0.700668 0.826630           1
0.232590 0.112778           0
0.774445 0.942062           1
0.585999 0.718201           0
0.349136 0.524551           0
0.653717 0.737808           0
0.452866 0.568619           0
0.884186 0.966995           1
0.829926 0.812531           1
0.318222 0.274353           0
0.733551 0.544922           0
0.215363 0.078430           0
0.903839 0.960892           1
0.853531 0.979019           1
0.498672 0.593735           0
0.781464 0.923248           1
0.833160 0.762375           1
0.658295 0.910309           1
0.831482 0.910400           1
0.266205 0.230255           0
0.403839 0.463364           0
0.862915 0.852036           1
0.722244 0.884857           1
0.640366 0.260666           0
0.880737 0.941391           1
0.694244 0.809631           1
0.284607 0.418564           0
0.247757 0.208801           0
0.780212 0.911667           1
0.512772 0.382141           0
0.523911 0.371765           0
1.000000 0.974365           1
0.467285 0.342148           1
0.743057 0.830994           1
0.221268 0.056396           0
0.754791 0.793045           1
0.852234 0.922028           0
0.215790 0.214157           1
0.423538 0.367081           0
0.509216 0.668549           1
0.633453 0.469299           0
0.870682 0.939987           1
0.865128 0.903259           1
0.785248 0.841690           1
0.824219 0.797607           1
0.861649 0.965088           1
0.642807 0.748367           0
0.487152 0.161057           1
0.407288 0.509445           0
0.271881 0.270386           1
0.799347 0.787354           1
0.326782 0.219681           0
0.855270 0.952499           1
0.737366 0.696121           0
0.318573 0.260239           1
0.891006 0.957550           1
0.309158 0.245178           1
0.856323 0.970200           1
0.832321 0.935211           1
0.311508 0.231155           1
0.730515 0.738205           0
0.678574 0.761353           0
0.116562 0.060883           0
0.404449 0.259232           1
0.832672 0.914703           1
0.238724 0.226868           0
0.702072 0.635651           1
0.545395 0.839142           0
0.285980 0.169617           0
0.860184 0.924927           1
0.100281 0.005875           0
0.393341 0.174637           0
0.523941 0.795624           1
0.322266 0.538025           0
0.261749 0.188278           0
0.114822 0.027481           0
0.837601 0.851547           1
0.770859 0.828964           0
1.000000 0.978729           1
0.892456 0.905441           1
0.000000 0.027481           0
0.627991 0.814835           1
0.888657 0.933411           1
0.778336 0.859131           1
0.105484 0.054626           0
0.310562 0.147537           0
0.688293 0.758011           1
0.893066 0.981644           1
0.284668 0.223587           1
0.842285 0.880035           1
0.287277 0.158890           1
0.136169 0.028854           0
0.221497 0.163391           0
0.758560 0.912186           1
0.755646 0.809708           1
0.731384 0.725601           1
1.000000 0.977005           1
0.881714 0.981033           1
0.844818 0.780502           1
0.777222 0.883102           1
0.880249 0.907623           1
0.896637 0.944901           1
0.561630 0.379684           0
0.145081 0.230011           0
0.810486 0.854599           1
0.755783 0.749680           1
0.311996 0.122421           0
0.803421 0.833038           1
0.136322 0.051361           0
0.136353 0.140488           0
0.625092 0.212463           0
0.520477 0.615921           1
0.279800 0.020203           0
0.182022 0.088608           0
0.662094 0.372147           0
0.791367 0.839645           1
0.851257 0.937393           1
0.458618 0.299454           0
0.854858 0.544357           1
0.475876 0.247330           1
0.220230 0.191605           0
0.773041 0.915543           1
0.392883 0.219849           0
0.182709 0.168823           0
0.348389 0.275177           0
0.812759 0.916153           1
0.168060 0.155930           0
0.831787 0.960205           1
0.116333 0.208252           0
0.238983 0.102768           0
0.332642 0.309265           0
0.570618 0.608658           0
0.557831 0.587799           1
0.166046 0.128128           0
0.513687 0.247620           0
0.231873 0.145782           0
0.868591 0.885208           1
0.499908 0.739914           1
0.888412 0.909988           1
0.308014 0.519791           1
0.255539 0.217056           0
0.884521 0.953079           1
0.271622 0.330826           0
0.262665 0.298660           0
0.200623 0.225311           0
0.807755 0.725388           0
0.132217 0.020935           0
0.000000 0.002792           0
0.000000 0.013916           0
0.779968 0.916168           1
0.776169 0.760651           0
0.870880 0.933029           1
0.282166 0.212692           0
0.115570 0.058533           0
0.841934 0.926865           1
0.771378 0.947495           1
0.743729 0.764130           1
0.204086 0.094208           0
0.393112 0.507568           1
0.112930 0.110367           0
0.826035 0.868790           1
0.197327 0.048828           0
0.113953 0.080841           0
0.549789 0.590103           1
0.856323 0.928741           1
0.427094 0.286285           1
0.451797 0.474915           1
0.202713 0.149048           0
0.259979 0.150925           1
0.384857 0.283737           1
0.749252 0.582474           0
0.708328 0.847839           1
0.102509 0.061890           1
0.875671 0.970230           1
0.137970 0.022049           0
0.259033 0.308212           1
0.302780 0.210388           0
0.514938 0.381775           1
0.153122 0.147873           0
0.740234 0.609711           1
0.884354 0.884323           1
0.396484 0.165070           0
0.291260 0.208496           0
0.746338 0.929108           1
0.483292 0.648758           0
0.126709 0.052795           0
0.223450 0.116898           0
0.321259 0.518921           1
0.742386 0.858521           1
0.666901 0.694092           1
0.870422 0.948471           1
0.880157 0.951859           1
0.795181 0.882034           0
0.723663 0.829163           1
0.391785 0.218338           0
0.319931 0.568665           0
0.164658 0.016388           0
0.455826 0.786301           0
0.409180 0.187134           0
0.692139 0.164337           0
0.735443 0.763229           1
0.697510 0.887268           1
0.165558 0.082916           0
0.714584 0.781006           1
0.188232 0.177216           0
0.330750 0.599960           1
0.759842 0.798599           1
0.236435 0.237381           0
0.289902 0.331146           0
0.292252 0.113693           1
0.796967 0.968994           1
0.179245 0.132248           0
0.287506 0.221252           0
0.181000 0.139450           0
0.154510 0.135971           1
0.821930 0.953613           1
0.712692 0.857117           1
0.734207 0.872284           1
0.716522 0.587296           1
0.000000 0.012054           0
0.524460 0.499390           0
0.470047 0.603134           1
0.142166 0.024628           0
0.875870 0.868347           1
0.227249 0.268173           0
0.294510 0.230347           0
0.865295 0.966248           1
1.000000 0.995209           1
0.222351 0.236679           0
0.516846 0.333694           1
0.813400 0.942657           1
0.503204 0.495331           1
0.856140 0.841965           1
0.868683 0.903290           1
0.115204 0.031952           0
0.179947 0.084198           0
0.741196 0.548920           0
0.781540 0.781891           0
0.764801 0.826523           1
0.613464 0.406372           1
0.152161 0.128021           0
0.795563 0.778717           1
0.180161 0.134430           1
0.703400 0.838501           1
0.237854 0.350998           1
0.139008 0.023895           0
0.131485 0.075409           0
0.894547 0.949768           1
0.350571 0.130142           0
0.880829 0.949356           1
0.758682 0.581497           0
0.199753 0.072235           0
0.537277 0.443527           0
0.579910 0.693054           1
0.704453 0.621552           1
0.585434 0.803619           1
0.797134 0.855118           1
0.391739 0.131317           0
0.221771 0.169983           0
0.739471 0.909683           1
0.000000 0.039978           0
0.869461 0.927231           1
0.750137 0.891312           1
0.636444 0.692596           0
0.874100 0.959610           1
0.745224 0.868942           0
0.280472 0.060104           0
0.344589 0.334503           0
0.314468 0.219589           0
0.841202 0.914642           1
0.845825 0.911926           1
0.873581 0.952271           1
0.732468 0.892883           1
0.894485 0.957611           1
0.561508 0.425461           0
0.208160 0.227234           1
0.539978 0.820663           1
0.213623 0.219101           0
0.277664 0.207184           0
0.151184 0.249771           0
0.616272 0.802017           1
0.158905 0.095062           0
0.646759 0.680130           0
0.854767 0.936783           1
0.804810 0.819733           0
0.903687 0.852432           1
0.000000 0.007248           0
0.431213 0.260681           0
0.366272 0.272141           0
0.312073 0.460037           0
0.606842 0.792206           1
0.326767 0.166519           0
0.590164 0.738144           0
0.218704 0.166199           0
0.274765 0.513702           0
0.874695 0.902344           1
0.000000 0.050583           0
0.842468 0.947220           1
0.128235 0.030273           0
0.783905 0.840790           1
0.313629 0.325607           0
0.815704 0.723831           1
0.313263 0.432281           0
0.769867 0.805267           1
0.677353 0.632080           1
0.196701 0.223465           0
0.773880 0.717102           0
0.507965 0.747421           1
0.229721 0.124557           0
0.136108 0.028656           0
0.849411 0.905411           1
0.738846 0.826675           1
0.527130 0.372696           1
0.109283 0.044174           0
0.124207 0.073151           0
0.495865 0.307510           1
0.650497 0.727463           1
0.282104 0.410797           0
0.443588 0.491928           1
0.153152 0.068192           0
0.164551 0.060852           0
0.192429 0.054230           0
0.699860 0.852875           1
0.865799 0.841232           0
0.387939 0.324234           1
0.853180 0.976944           1
0.347702 0.161484           0
0.721680 0.484253           1
0.271378 0.159607           0
0.237946 0.080093           0
0.598587 0.331863           0
0.833527 0.883942           1
0.891541 0.911804           1
0.855179 0.919891           1
0.176910 0.082520           0
0.373993 0.227966           0
0.139526 0.031006           0
0.249207 0.064453           0
0.347351 0.282440           0
0.259903 0.117599           1
0.871704 0.960327           1
0.517319 0.213242           0
0.590607 0.656799           1
0.863861 0.831879           1
0.735123 0.777847           1
0.801651 0.770279           0
0.825653 0.825134           1
0.764420 0.827499           1
0.181229 0.025116           0
0.398773 0.526733           1
0.000000 0.013504           0
0.846634 0.932343           1
0.681870 0.792404           1
0.335495 0.250427           0
0.468140 0.142639           0
0.766556 0.891632           1
0.212021 0.066849           0
0.802795 0.932465           1
0.292236 0.318359           1
0.509613 0.766602           0
0.243637 0.288513           0
0.216293 0.024643           0
0.532486 0.259674           0
0.629944 0.765747           1
0.784805 0.900421           1
0.689499 0.476425           0
0.701630 0.894043           1
0.309708 0.401016           0
0.239578 0.224625           0
0.293762 0.500793           0
0.749588 0.773026           1
0.446304 0.136154           1
0.200394 0.050858           0
0.788162 0.809387           1
0.138931 0.043671           0
0.119705 0.024063           0
0.842514 0.931778           1
0.677261 0.664886           1
0.295807 0.106049           1
0.222183 0.165237           0
0.779144 0.880096           1
0.834213 0.894089           1
0.111649 0.110977           0
0.699234 0.790314           0
0.300110 0.272430           0
0.752213 0.726959           0
0.382385 0.215652           0
0.233231 0.008408           0
0.653015 0.778091           0
0.800385 0.602661           1
0.891312 0.975006           1
0.867249 0.981094           1
0.329865 0.221298           0
0.892929 0.951813           1
0.465591 0.693100           0
0.830139 0.868530           1
0.565430 0.794617           1
0.274323 0.103119           0
0.783539 0.838959           0
0.459061 0.184540           1
0.378281 0.309708           1
0.838989 0.906998           1
0.800293 0.854584           1
0.804840 0.768646           1
0.248199 0.183640           0
0.644882 0.703735           1
0.887848 0.924698           1
0.685379 0.836960           0
0.111313 0.123123           0
0.109528 0.084320           0
0.143753 0.142319           0
0.129181 0.060013           0
0.185394 0.147705           0
0.769730 0.925354           1
0.226578 0.104019           0
0.889954 0.954819           1
0.773361 0.874451           0
0.786041 0.836502           1
0.501587 0.455597           0
0.189133 0.194397           1
0.637192 0.722107           1
0.864639 0.937851           1
0.746292 0.878860           0
0.142258 0.013214           0
0.803116 0.945999           1
0.751144 0.891815           1
0.818405 0.928055           1
0.743301 0.819412           1
0.597488 0.712357           0
0.368439 0.435455           1
0.431076 0.417068           0
0.417252 0.248734           0
0.109283 0.072250           0
0.265152 0.184311           0
0.172379 0.088394           0
0.835342 0.720123           1
0.763535 0.721558           1
0.763229 0.818512           0
0.413696 0.190323           0
0.228912 0.178314           0
0.613159 0.598816           1
0.130188 0.092194           0
0.359573 0.475266           1
0.234329 0.071579           0
0.473740 0.551804           0
0.838593 0.851257           1
0.332047 0.300690           1
0.259079 0.216446           0
0.193375 0.054245           0
0.794891 0.533997           1
0.857422 0.931610           1
0.226517 0.212997           0
0.888245 0.908432           1
0.181870 0.198273           0
0.099335 0.054413           0
0.806259 0.704651           1
0.834442 0.983780           1
0.888153 0.956787           1
0.218338 0.140503           0
0.219376 0.156677           0
0.620056 0.895874           0
0.450745 0.187012           0
0.603226 0.521973           0
0.133514 0.074356           0
0.322266 0.156647           0
0.309860 0.547226           1
0.874557 0.951752           1
0.165604 0.179550           0
0.484070 0.375107           1
0.193375 0.046570           0
0.749344 0.881378           1
0.132843 0.100113           0
0.756622 0.821213           1
0.707031 0.952866           1
0.174469 0.027740           0
0.831573 0.865814           1
0.419830 0.539108           1
0.378708 0.611343           0
0.822144 0.890427           1
0.730179 0.759888           1
0.897797 0.940186           1
0.760941 0.547455           0
0.837296 0.714844           1
0.311569 0.283875           1
0.869507 0.911514           1
0.000000 0.011627           0
0.787857 0.764420           0
0.435318 0.841675           1
0.101837 0.086548           0
0.885727 0.955933           1
0.303558 0.214706           0
0.171738 0.036789           0
0.335449 0.355057           1
0.744965 0.816940           1
0.885056 0.949493           1
0.807724 0.851410           1
0.884338 0.945328           1
0.485046 0.835251           1
0.142212 0.116333           0
0.815536 0.962509           1
0.184280 0.019272           0
0.873352 0.921753           1
0.255890 0.402878           0
0.131500 0.087814           0
0.000000 0.048004           0
0.138748 0.042053           0
0.771439 0.771820           1
0.847656 0.951233           1
0.805939 0.778870           1
0.843567 0.926788           1
0.171906 0.018433           0
0.177887 0.184189           0
0.829605 0.802856           1
0.739151 0.954254           1
0.589020 0.909424           1
0.824890 0.929916           1
0.498901 0.787598           0
0.305618 0.311493           0
0.133453 0.011276           0
0.716171 0.728806           0
0.220871 0.119888           0
0.320923 0.414642           0
0.272141 0.391357           0
0.519409 0.429550           1
0.832291 0.933365           1
0.452850 0.689377           1
0.124924 0.048386           0
0.273651 0.398849           0
0.271332 0.156601           0
0.205353 0.147125           0
0.766800 0.773376           0
0.840424 0.803955           1
0.347702 0.288559           0
0.819138 0.800507           1
0.851013 0.892517           1
0.359207 0.698441           1
0.835342 0.936890           1
0.276733 0.475693           1
0.000000 0.029526           0
0.192780 0.150940           0
0.186691 0.122513           1
0.567825 0.396103           0
0.823273 0.921524           1
0.175171 0.102890           0
0.401474 0.354477           0
0.522339 0.481888           0
0.621567 0.693283           1
0.865082 0.947479           1
0.319977 0.282043           1
0.742661 0.697998           1
0.854233 0.751572           1
0.700363 0.755646           1
0.753479 0.922775           1
0.859253 0.972382           1
0.616150 0.648056           1
0.200424 0.039963           0
0.903824 0.949310           1
0.845352 0.917374           1
0.567596 0.269943           1
0.840378 0.891174           1
0.228195 0.115906           0
0.818649 0.860321           1
0.107788 0.028625           0
0.162231 0.069382           0
0.775528 0.802002           1
0.891815 0.931152           1
0.117935 0.020432           0
0.880203 0.954666           1
1.000000 0.992050           1
0.753677 0.625488           0
0.222519 0.111679           0
0.782669 0.798813           1
0.771439 0.896408           1
0.121765 0.046188           0
0.864380 0.757446           1
0.653473 0.858032           1
0.865448 0.615509           0
0.128433 0.040741           0
0.555222 0.153854           1
1.000000 0.976654           1
0.223328 0.132462           0
0.776855 0.545395           0
0.645813 0.653320           1
0.226959 0.176056           1
0.407196 0.279037           0
0.199142 0.105713           0
0.787537 0.950882           1
0.208862 0.092651           0
0.374725 0.226578           0
1.000000 0.970779           1
0.771698 0.918961           1
1.000000 0.954865           1
0.153793 0.057480           0
0.173508 0.068146           0
0.647873 0.660797           0
0.242157 0.299774           0
0.231140 0.165070           0
0.796875 0.807159           0
0.575256 0.867081           1
0.798676 0.914139           1
0.297104 0.191605           0
0.417709 0.333099           1
0.425873 0.121414           0
0.240067 0.172012           0
0.675690 0.817932           1
0.178680 0.253067           0
0.747726 0.338348           1
0.892593 0.703217           1
0.770676 0.758453           1
0.198761 0.198349           0
0.207642 0.151123           0
0.775681 0.807480           0
0.613510 0.446487           1
0.811829 0.744141           0
0.400116 0.559601           1
0.615402 0.710983           1
0.650742 0.719818           1
0.137939 0.050690           0
0.663940 0.270477           0
0.151993 0.082870           0
0.829681 0.898727           1
0.781601 0.738266           1
0.728409 0.876785           1
0.000000 0.020004           0
0.722092 0.601959           1
0.301605 0.268219           0
0.239182 0.115112           0
0.000000 0.014175           0
0.341660 0.210785           0
0.700912 0.807266           1
0.777267 0.906067           1
0.118027 0.095398           0
0.878494 0.986603           1
0.338257 0.352615           1
0.437973 0.661392           1
0.808975 0.912628           1
0.157318 0.049393           0
0.172668 0.162231           0
0.331223 0.624191           1
0.643112 0.806320           1
0.861923 0.932175           1
0.865326 0.935684           1
0.143967 0.078629           0
0.306686 0.099106           1
0.432480 0.437927           1
0.732681 0.821030           1
0.783310 0.775345           1
0.633224 0.448578           1
0.874237 0.904800           1
0.239990 0.055817           0
0.853897 0.891937           0
0.760513 0.921249           1
0.156128 0.161148           0
0.368408 0.186295           0
0.737061 0.652039           0
0.744354 0.839142           1
0.292892 0.671265           1
0.399231 0.860382           0
0.736877 0.608017           0
0.721191 0.879700           1
0.679199 0.791870           1
0.878738 0.946701           0
0.314529 0.647141           1
0.329330 0.547150           0
0.830933 0.784485           1
0.096252 0.108154           0
0.160126 0.053894           0
0.690033 0.819977           0
0.869202 0.908905           1
0.759781 0.789764           1
0.788162 0.893005           1
0.743820 0.721848           0
0.210281 0.343719           0
0.119598 0.083984           0
0.234924 0.250610           0
0.870819 0.858475           1
0.834183 0.955093           1
0.573212 0.406738           1
0.791595 0.903458           1
0.130173 0.239212           0
0.252365 0.147324           0
0.720627 0.813873           1
0.822235 0.860428           1
0.814682 0.971878           1
0.524399 0.800797           1
0.787613 0.795349           1
0.807465 0.910385           1
0.522400 0.725143           1
1.000000 0.951859           1
0.338196 0.116867           0
0.782562 0.902069           1
0.300522 0.259995           0
0.658524 0.252563           0
0.888107 0.951355           1
0.888397 0.671265           1
0.761993 0.685059           1
0.807907 0.960098           1
0.451843 0.245438           0
0.841064 0.882446           1
0.246490 0.213470           0
0.873367 0.945923           1
0.395584 0.198624           0
0.319107 0.479645           1
0.828110 0.895996           1
0.500122 0.228241           0
0.113953 0.091370           0
0.685593 0.633148           1
0.365540 0.553268           1
0.707138 0.325302           0
0.787003 0.886566           1
0.000000 0.019958           0
0.453140 0.616531           0
0.752274 0.795746           1
1.000000 0.962051           1
0.197128 0.250259           0
0.000000 0.018250           0
0.151489 0.163895           0
0.424255 0.644043           1
0.756790 0.895447           1
0.819580 0.946884           1
0.781021 0.671341           1
1.000000 0.974487           1
0.760239 0.751358           1
0.455917 0.564499           1
0.170959 0.148193           0
0.894272 0.941360           1
0.808960 0.847351           1
0.536285 0.820084           1
0.885361 0.965729           1
0.891937 0.884750           1
0.476730 0.606049           0
0.232224 0.145798           0
0.551300 0.743057           0
0.691269 0.847702           0
0.398758 0.777786           1
0.743896 0.755920           1
0.564728 0.792389           1
0.266312 0.171005           1
0.229950 0.131470           0
0.142517 0.307861           0
0.793076 0.746414           1
0.243866 0.165192           0
0.527481 0.725204           0
0.785568 0.837189           1
0.807968 0.896545           1
0.138779 0.037140           0
0.667801 0.201263           0
0.870056 0.768082           1
0.823517 0.896042           1
0.260559 0.124207           0
0.189423 0.091904           0
0.637421 0.731216           0
0.878036 0.973236           1
0.260300 0.104767           0
0.638840 0.573318           0
0.170364 0.103897           0
0.641663 0.761078           1
0.447723 0.363708           0
0.804642 0.783188           0
0.400864 0.401535           0
0.266418 0.158096           1
0.274460 0.231201           0
0.217667 0.095062           0
0.829239 0.855103           1
0.545837 0.586655           1
0.372330 0.292007           1
0.098068 0.106186           0
0.849304 0.888794           1
0.398010 0.175903           1
0.516708 0.288391           0
0.389008 0.169632           0
0.491592 0.600876           1
0.632202 0.281464           0
0.283646 0.352692           0
0.833801 0.808975           0
0.178650 0.125153           0
0.433167 0.509171           1
0.611084 0.635269           1
0.332748 0.218246           0
0.468826 0.507797           1
0.282700 0.111938           0
0.904556 0.958252           1
0.737030 0.757080           1
0.261246 0.066864           1
0.130234 0.060730           0
0.327164 0.246155           1
0.336960 0.175247           1
0.608063 0.541245           0
0.805115 0.909973           1
0.819656 0.798584           1
0.400223 0.571716           1
0.767365 0.728516           1
0.665009 0.357742           1
0.768051 0.902649           1
0.849747 0.862213           1
0.509140 0.264816           1
0.321411 0.676636           0
0.549240 0.497925           0
0.000000 0.013428           0
0.401566 0.285690           0
0.209030 0.064636           0
0.230637 0.192230           0
0.707626 0.792816           1
0.395569 0.641724           1
0.660049 0.590439           0
0.195526 0.025986           0
0.791275 0.895889           1
0.804443 0.889511           1
0.514587 0.105835           0
0.231308 0.007828           0
0.734558 0.858536           1
0.287949 0.198013           1
0.667221 0.707306           1
0.877792 0.978836           1
0.271515 0.141022           0
0.778046 0.726334           1
0.739349 0.331863           0
0.211487 0.089233           0
0.591751 0.419708           0
0.251129 0.048416           0
0.713058 0.574432           1
0.507095 0.628159           1
0.814423 0.807480           1
0.400879 0.288162           1
0.856644 0.865005           1
0.262955 0.172165           0
0.401550 0.406860           0
0.176147 0.056229           0
0.217072 0.280151           0
0.520889 0.615524           0
0.000000 0.022308           0
0.826248 0.876099           1
0.768448 0.882812           1
0.270218 0.396362           1
0.278259 0.157120           0
0.788940 0.907318           1
0.261322 0.264572           0
0.863373 0.883484           1
0.880524 0.949554           1
0.856583 0.948898           1
0.521973 0.625015           0
0.866989 0.925476           1
0.653854 0.856888           1
0.763153 0.838303           1
0.000000 0.019531           0
0.388184 0.251816           0
0.808044 0.673019           0
0.307022 0.591858           0
0.290009 0.106094           0
0.242889 0.304153           0
0.521439 0.601807           1
0.649277 0.812653           0
0.871826 0.883331           1
0.705811 0.070618           1
0.549606 0.722931           1
0.785629 0.768066           1
0.187973 0.068848           0
0.760239 0.931213           1
0.156372 0.012497           0
0.810028 0.579468           0
0.248291 0.125702           0
0.807526 0.836716           1
0.530350 0.842422           1
0.097092 0.115631           0
0.429474 0.282913           0
0.364059 0.178314           0
0.230881 0.106583           0
0.314835 0.590515           1
0.000000 0.004715           0
0.824966 0.868317           1
0.200607 0.193573           1
0.248550 0.150299           0
0.838806 0.939453           1
0.851654 0.912292           1
0.390457 0.252167           1
0.878281 0.908264           1
0.736069 0.769882           0
0.722900 0.926163           1
0.000000 0.014450           0
0.834473 0.959473           1
0.857620 0.962158           1
0.351273 0.403534           1
0.549225 0.752151           1
0.743134 0.838562           1
0.243774 0.141235           0
0.190704 0.074860           0
0.222519 0.182068           0
0.239304 0.137512           0
0.843430 0.949509           1
0.455276 0.473846           1
0.171021 0.370560           1
0.163422 0.068130           0
0.413391 0.445801           0
0.831406 0.954285           1
0.881210 0.955765           1
0.197220 0.217041           0
0.519363 0.468185           0
0.567093 0.389954           0
0.175232 0.120087           0
0.342972 0.730484           0
0.518417 0.669785           1
0.452103 0.487976           0
0.576248 0.613739           0
0.735611 0.743988           1
0.716721 0.770584           1
0.225418 0.090363           0
0.166367 0.154327           0
0.743774 0.861389           1
0.777908 0.963516           1
0.593918 0.543304           1
0.123657 0.162048           0
0.843628 0.965714           1
0.451935 0.412170           0
0.373215 0.380020           0
0.884369 0.947708           1
0.000000 0.005875           0
0.800583 0.911362           1
0.260269 0.092941           1
0.857697 0.945297           1
0.345734 0.665451           1
0.756851 0.827774           0
0.773438 0.976364           1
0.831589 0.935364           1
0.126343 0.047150           0
0.386139 0.405869           1
0.878677 0.880112           1
0.297272 0.255157           1
0.862457 0.932739           1
0.160004 0.030182           0
0.568878 0.344482           0
0.102432 0.051468           0
0.278885 0.104416           0
0.437943 0.201813           0
0.650467 0.749023           0
0.746765 0.837967           1
0.848389 0.780518           1
0.274734 0.337341           0
0.857727 0.914688           1
0.128677 0.120239           0
0.734650 0.727158           1
0.194214 0.025040           0
0.782776 0.888748           1
0.523788 0.266495           1
0.194229 0.066406           0
0.140808 0.182983           0
0.491302 0.723648           0
0.739471 0.747635           0
0.363922 0.768707           1
0.883148 0.979889           1
0.895767 0.873627           1
0.467804 0.379837           1
0.478348 0.395401           1
0.599777 0.426590           0
0.183533 0.089218           0
0.278900 0.267380           0
0.720367 0.499832           1
0.490112 0.809647           1
0.880920 0.943787           1
0.811539 0.974838           1
0.797348 0.930222           1
0.447601 0.231201           1
0.819077 0.923904           0
0.416077 0.195190           1
0.177231 0.066162           0
0.753174 0.869537           1
0.233307 0.207275           0
0.808655 0.909348           1
0.229401 0.048080           0
0.541534 0.369690           0
0.751419 0.552078           1
0.119202 0.091766           1
0.244598 0.436386           1
0.863800 0.895004           1
0.164551 0.153183           0
0.257645 0.210556           0
0.638947 0.755219           0
0.597519 0.495102           0
0.111328 0.067383           0
0.349747 0.295670           0
0.737228 0.464630           0
0.764954 0.679062           1
0.854248 0.948639           1
0.123779 0.035873           0
0.239365 0.214264           0
0.792999 0.835495           1
0.489746 0.625977           0
0.799713 0.846191           1
0.803268 0.919647           1
0.414948 0.225418           1
0.238953 0.142456           0
0.508972 0.237762           1
0.526962 0.739288           1
0.280579 0.718628           1
0.902512 0.950989           1
0.607727 0.555130           0
0.769211 0.752869           1
0.752518 0.699005           0
0.860184 0.941513           1
0.000000 0.010513           0
0.615875 0.858719           1
0.156570 0.038925           0
0.723282 0.864349           1
0.166626 0.200638           0
0.297058 0.241867           0
0.101456 0.021301           0
0.315872 0.584045           1
0.659454 0.787140           1
0.729980 0.905075           1
0.825699 0.959137           1
0.860504 0.975494           1
0.808014 0.882736           1
0.140091 0.107025           0
0.146072 0.051987           0
0.741913 0.797668           1
0.314804 0.226761           0
0.776886 0.711609           0
0.830887 0.932907           1
0.252441 0.072464           0
0.532440 0.254440           0
0.376785 0.295013           1
0.253571 0.743164           1
0.866333 0.935974           1
0.251755 0.242554           0
0.701355 0.893799           1
0.730453 0.695557           0
0.628464 0.659119           0
0.750000 0.795441           1
0.109497 0.117996           0
0.649155 0.567749           0
0.470963 0.328751           1
0.336487 0.169418           0
0.723892 0.890137           1
0.255447 0.117996           1
0.574432 0.350693           0
0.228638 0.173935           0
0.114868 0.033524           0
0.730820 0.835358           1
0.252106 0.184036           0
0.857361 0.822739           1
0.821442 0.889465           1
0.283218 0.260025           1
0.681641 0.388046           0
0.261490 0.179123           0
0.121735 0.054672           0
0.204803 0.086029           0
0.148346 0.050201           0
0.307556 0.193512           0
0.852203 0.965576           1
0.231506 0.326721           0
0.672699 0.488480           1
0.645935 0.510406           0
1.000000 0.966965           1
0.193481 0.161346           0
0.148926 0.180298           0
0.842682 0.933655           1
0.216019 0.058365           0
0.290375 0.267517           0
0.889420 0.923386           1
0.275665 0.564163           1
0.815109 0.880859           1
0.469711 0.243240           0
0.563751 0.863083           1
0.321030 0.199554           0
0.705017 0.171524           0
0.713608 0.766907           0
0.237564 0.062439           1
0.170227 0.045975           0
0.105072 0.043701           0
0.475311 0.721191           1
0.416840 0.551666           0
0.876709 0.985779           1
0.186813 0.087555           0
0.785233 0.863541           1
0.778290 0.818268           1
0.252930 0.342148           0
0.769012 0.913635           1
0.717926 0.377441           1
0.642075 0.855942           1
0.785324 0.871704           1
0.681564 0.762329           1
0.727753 0.531952           0
0.194397 0.040573           0
0.525375 0.667313           0
0.199707 0.059830           0
0.461182 0.259567           0
0.806931 0.792038           1
0.685059 0.705246           1
0.757370 0.653107           1
0.865219 0.943512           1
0.713120 0.477097           1
0.307480 0.127579           0
0.000000 0.014542           0
0.346375 0.312607           0
0.410812 0.096695           0
0.881271 0.928726           1
0.351501 0.196121           1
0.755447 0.544739           1
0.213547 0.322739           1
0.149887 0.184280           0
0.212692 0.160034           0
0.135284 0.060318           0
0.674164 0.612396           1
0.776321 0.860626           1
0.522522 0.467728           1
0.845932 0.937729           1
0.585434 0.437912           0
0.558441 0.793045           0
0.141693 0.054123           0
0.160721 0.072769           0
0.585358 0.436600           0
0.275040 0.425644           1
0.398834 0.188583           0
0.664078 0.723618           0
0.874939 0.945312           1
0.873276 0.764023           1
0.638687 0.348755           0
0.246658 0.153778           1
0.384659 0.320526           1
0.538513 0.693954           0
0.234436 0.123581           0
0.735062 0.648941           0
0.765228 0.305099           1
0.785538 0.827438           1
0.755783 0.955994           1
0.475479 0.462128           0
0.674622 0.521149           1
0.250381 0.402908           1
0.121231 0.114792           0
0.185425 0.062668           0
0.888321 0.929611           1
0.494278 0.732971           1
0.502411 0.189407           0
0.537079 0.528976           1
0.217270 0.052917           0
0.518051 0.289459           0
0.710495 0.589355           1
0.155106 0.105286           0
0.354904 0.127304           0
0.841217 0.850983           1
0.678955 0.732147           0
0.534073 0.230713           0
0.505768 0.715027           0
0.844299 0.961060           1
0.000000 0.006653           0
0.111740 0.028900           0
0.143906 0.304764           1
0.753952 0.771484           0
0.749451 0.509201           1
0.291763 0.173630           0
0.135818 0.102783           0
0.448807 0.344040           1
0.377914 0.423172           1
0.817551 0.913010           0
0.516464 0.335526           0
0.235001 0.162796           1
0.700165 0.234558           0
0.559021 0.714645           1
0.000000 0.003540           0
0.387238 0.678558           0
0.344559 0.770279           1
0.537842 0.653336           0
0.804504 0.756729           1
0.138077 0.134003           0
0.746124 0.795990           1
0.217667 0.084808           0
0.138412 0.042633           0
0.291107 0.198776           0
0.118698 0.032257           0
0.556549 0.737320           1
0.883133 0.947281           1
1.000000 0.987442           1
0.436935 0.383087           0
1.000000 0.968781           1
0.341919 0.653152           1
0.302383 0.469910           0
0.876297 0.964325           1
0.581436 0.432861           0
0.576294 0.540939           1
0.451004 0.203384           0
0.347214 0.316513           1
0.842545 0.940002           1
0.774841 0.778091           1
1.000000 0.969757           1
0.634842 0.742935           1
0.873734 0.899811           1
0.771744 0.800461           1
0.149963 0.044220           0
0.695312 0.665665           1
0.813965 0.826294           0
0.822327 0.972198           1
0.736221 0.578644           0
0.746414 0.696777           0
0.825729 0.778824           1
0.504990 0.699524           1
0.854050 0.847443           1
0.794479 0.804459           1
0.544907 0.527740           1
0.000000 0.043823           0
0.805359 0.881226           1
0.783493 0.758286           1
0.819839 0.848709           1
0.216141 0.053772           0
0.703537 0.579514           1
0.169830 0.066971           0
0.755875 0.893784           1
0.633896 0.804184           1
0.875641 0.981384           1
0.814240 0.914948           0
0.740921 0.845764           1
0.843033 0.904282           1
0.194550 0.049484           0
0.828262 0.929291           1
0.820953 0.889908           1
0.187485 0.126297           0
0.731598 0.442215           1
0.579193 0.864914           0
0.000000 0.011246           0
0.418793 0.259216           0
0.112045 0.110947           0
1.000000 0.990906           1
0.824875 0.895844           1
0.528427 0.605789           1
0.244934 0.128464           0
0.230591 0.139908           0
0.466599 0.605164           1
0.256165 0.277771           0
0.731400 0.197739           0
0.613342 0.673584           0
0.775421 0.866913           1
0.459549 0.607071           1
0.675140 0.723236           1
0.592316 0.706787           1
0.397598 0.743454           1
0.767502 0.893341           1
0.742233 0.752502           1
0.361816 0.099808           1
0.729340 0.830383           1
0.097672 0.049332           0
0.242157 0.108429           0
0.138107 0.089890           0
0.845383 0.965790           1
0.639954 0.885956           1
0.861038 0.929459           1
0.362274 0.180908           0
0.289825 0.258194           1
0.742615 0.861374           1
0.199829 0.269440           1
0.149338 0.062805           1
0.785706 0.272751           0
0.711288 0.629761           1
0.127518 0.019211           0
0.730576 0.518097           1
0.306061 0.248062           0
0.260818 0.239441           0
0.855148 0.875717           1
0.236023 0.248428           0
0.361282 0.487061           1
0.180283 0.073807           0
0.822830 0.899841           1
0.106461 0.064728           0
0.558228 0.735413           0
0.645920 0.420685           1
0.877487 0.711517           1
0.790024 0.933929           1
0.139832 0.066513           0
0.788849 0.885422           1
0.331619 0.205261           0
0.615997 0.250961           0
0.796646 0.793182           0
0.173035 0.123779           0
0.470642 0.244675           1
0.676636 0.759186           1
0.363068 0.223984           1
0.253677 0.591858           0
0.748062 0.819458           1
0.155823 0.020294           0
0.438614 0.176132           0
0.697723 0.294876           1
0.196228 0.057495           0
0.753555 0.921265           1
0.890305 0.868790           0
0.797241 0.838531           1
0.717178 0.487488           1
0.679413 0.696716           0
0.000000 0.008621           0
0.279938 0.267273           0
0.527954 0.656219           1
0.673477 0.308533           1
0.717422 0.697708           1
0.881454 0.942596           1
0.768143 0.757904           1
0.128662 0.043320           0
0.462311 0.476990           0
0.485260 0.252991           1
0.151855 0.202820           0
0.256424 0.404007           0
0.190125 0.108200           0
0.692459 0.800903           0
0.416824 0.130356           0
0.830292 0.956268           1
0.143417 0.072952           0
0.000000 0.005951           0
0.249466 0.169495           0
0.235977 0.101273           0
0.170883 0.062042           0
0.786423 0.898758           0
0.194290 0.124588           0
0.634094 0.552017           1
0.904083 0.951614           1
0.768158 0.804321           1
0.464798 0.489975           0
0.769608 0.801987           1
0.843918 0.874512           1
0.865784 0.910126           1
0.166275 0.073105           0
0.550491 0.442322           1
0.224670 0.563141           0
0.633408 0.646790           1
0.178009 0.091644           0
0.767197 0.885147           1
0.888702 0.920166           1
0.415344 0.549530           0
0.661972 0.718384           0
0.815369 0.980713           1
0.791443 0.886887           0
0.000000 0.022156           0
0.801025 0.898865           1
0.000000 0.016373           0
0.269226 0.120102           0
1.000000 0.938004           1
0.838989 0.827850           1
0.731842 0.500916           1
0.436508 0.802673           1
0.238297 0.119812           0
0.225922 0.102417           0
0.099655 0.035339           0
0.736023 0.713715           1
0.795074 0.870941           1
0.892609 0.966232           1
0.685669 0.734131           1
0.895477 0.964981           1
0.794540 0.636169           1
0.864883 0.870773           1
0.785019 0.868103           0
0.586273 0.229416           0
0.817307 0.879211           0
0.752625 0.852722           0
0.231750 0.128098           0
0.199493 0.253403           1
0.198959 0.124481           0
0.794342 0.774353           1
0.513779 0.667419           1
0.756592 0.754349           0
0.736237 0.804596           1
0.367310 0.611862           1
0.884201 0.933350           1
0.740051 0.778610           1
0.811752 0.901230           1
0.375046 0.248703           1
0.871613 0.939941           1
0.824081 0.905869           1
0.743896 0.844879           1
0.885620 0.926331           1
0.213303 0.134827           0
0.863602 0.961792           1
0.777756 0.587891           1
0.628494 0.686539           1
0.177887 0.096832           0
0.296982 0.256332           1
0.746841 0.913086           1
0.240723 0.182022           0
0.816635 0.906433           1
0.492752 0.206436           0
0.109940 0.137329           0
0.145737 0.052902           0
0.486954 0.336273           0
0.717224 0.579498           0
0.170135 0.279449           0
0.296738 0.228928           0
0.554428 0.799698           1
0.119965 0.003647           0
0.198593 0.135956           0
0.697937 0.863922           1
0.343628 0.571060           0
0.347382 0.290497           0
0.773712 0.860260           1
0.791794 0.565460           1
0.157669 0.049652           0
0.327057 0.375458           0
0.871964 0.963562           1
0.832306 0.787048           1
0.307571 0.326508           1
0.875519 0.920395           1
0.405304 0.479721           0
0.584717 0.649887           1
0.900940 0.993759           1
0.800400 0.930267           1
0.533401 0.757706           1
0.479904 0.173492           0
0.132355 0.022446           0
0.662643 0.747238           0
0.871384 0.960648           1
0.600311 0.720901           1
0.180511 0.222275           0
0.803177 0.845306           1
0.388306 0.102905           0
0.233521 0.209381           0
0.886230 0.902832           1
0.293335 0.129684           0
0.256729 0.256424           0
0.798615 0.839401           1
0.873505 0.878540           1
0.814896 0.874573           1
0.183990 0.014664           0
0.243652 0.093430           1
0.142899 0.099319           0
0.893616 0.967850           1
0.823120 0.889511           1
0.813828 0.851562           1
0.288696 0.178116           0
0.388367 0.687134           0
0.269135 0.194565           1
0.131760 0.067780           0
0.260956 0.397858           0
0.875137 0.969070           1
0.225601 0.113586           0
0.773865 0.768265           1
0.538116 0.598068           1
0.791534 0.901993           1
0.819931 0.817001           1
0.859360 0.954865           1
0.706055 0.628204           1
0.330658 0.427505           1
0.820969 0.920059           1
0.861008 0.947891           1
0.304749 0.148285           0
0.872253 0.950333           1
0.249054 0.197968           1
0.510666 0.436752           1
0.870239 0.933609           1
0.861984 0.901825           1
0.886703 0.945511           1
0.250916 0.513687           0
0.278259 0.672638           0
0.772385 0.867020           1
0.869049 0.950058           1
0.842941 0.798401           1
0.203720 0.144821           0
0.558472 0.239227           0
0.869324 0.930328           1
0.485764 0.691071           1
0.801346 0.906906           1
0.324020 0.362320           1
0.613724 0.777481           0
0.287384 0.267944           1
0.275269 0.203064           1
0.251694 0.078705           0
0.706497 0.816299           1
0.144180 0.039490           0
0.148590 0.053802           0
0.241760 0.102432           0
0.739197 0.782150           1
0.329926 0.403625           1
0.462891 0.741287           0
0.870972 0.925751           1
0.770248 0.798126           0
0.843765 0.953812           0
0.100632 0.096222           0
0.313324 0.238876           0
0.239975 0.159286           0
0.708160 0.273102           0
0.166565 0.087006           0
0.536942 0.704819           1
0.370499 0.343353           0
0.748764 0.750763           1
0.143936 0.033386           0
0.773376 0.801315           1
0.581482 0.802231           0
0.140945 0.038986           0
0.151337 0.201263           0
0.186127 0.035309           0
0.225891 0.107666           0
0.865402 0.957657           0
0.568726 0.367081           1
0.828217 0.933533           1
0.124130 0.056473           0
0.206665 0.078781           0
0.292465 0.037216           0
0.000000 0.002014           0
0.380508 0.747833           0
0.607605 0.381790           0
0.151337 0.022003           0
0.863647 0.925507           1
0.741455 0.643250           0
0.468124 0.586456           0
0.216095 0.197739           0
0.279099 0.680450           0
0.881897 0.975143           1
0.443115 0.071426           0
0.869339 0.917313           1
0.121628 0.043198           0
0.281235 0.201645           1
0.894501 0.926834           1
0.671051 0.250732           0
0.842438 0.912735           1
0.489777 0.364182           0
0.217010 0.227081           1
0.889313 0.954742           1
0.204605 0.090164           0
0.760010 0.333191           1
0.177383 0.135956           0
0.416946 0.402588           1
0.411545 0.675247           0
0.248840 0.241913           0
0.839523 0.923904           0
0.393127 0.071243           0
0.884583 0.845322           1
0.147827 0.104630           0
0.559555 0.239105           0
0.196091 0.011337           0
0.405853 0.392609           0
0.436020 0.304611           0
0.814240 0.932022           1
0.363968 0.309296           1
0.857880 0.931152           0
0.509064 0.479874           0
0.355408 0.283859           1
0.435822 0.256454           0
0.698410 0.716278           0
0.139221 0.058228           0
0.671646 0.905350           0
0.850067 0.723618           1
0.801270 0.790344           1
0.665787 0.715759           1
0.000000 0.022720           0
0.754440 0.886856           1
0.130493 0.049103           0
0.538010 0.761810           1
0.377228 0.362808           1
0.827866 0.865387           1
0.779816 0.979538           1
0.227661 0.101318           0
0.754135 0.761490           0
0.726196 0.783585           1
0.402359 0.195511           0
0.730057 0.794601           0
0.235764 0.046585           0
0.859909 0.867447           1
0.291214 0.050644           0
0.401016 0.428665           0
0.812393 0.755219           0
0.865173 0.973679           1
0.211258 0.236618           0
0.000000 0.012924           0
0.215057 0.213486           1
0.847443 0.841522           1
0.232712 0.074371           0
0.739319 0.415680           0
0.501770 0.373947           0
0.609360 0.663635           0
0.222351 0.105591           0
0.901550 0.917221           1
0.737671 0.814209           1
0.641327 0.698898           1
0.634140 0.610046           1
0.896622 0.949677           1
0.143127 0.005447           0
0.842438 0.918808           1
0.243881 0.236298           0
0.894913 0.969788           1
0.476242 0.358658           1
0.234985 0.269730           0
0.684235 0.658661           1
0.873123 0.894150           1
0.414230 0.313019           0
0.724503 0.466705           1
0.369720 0.410751           0
0.528549 0.422928           0
0.904419 0.968658           1
0.684723 0.844086           1
0.399338 0.302917           1
0.301346 0.285889           0
0.820724 0.838654           1
0.586716 0.805176           0
0.877487 0.972595           1
0.438812 0.226471           1
0.280960 0.241577           1
0.895599 0.980042           1
0.133179 0.144516           0
0.721405 0.767807           1
0.860291 0.961029           1
0.874054 0.905243           1
0.746216 0.411880           1
0.642715 0.647812           0
0.656708 0.561401           0
0.187439 0.351013           1
0.559952 0.583786           1
0.805008 0.809784           1
0.801437 0.704651           1
0.780579 0.882294           0
0.705078 0.852158           0
0.878433 0.964752           1
0.257980 0.235214           0
0.842865 0.950424           1
0.225937 0.143768           0
0.416595 0.523605           0
0.690964 0.846130           1
0.780075 0.892700           1
0.887619 0.874329           1
0.257645 0.520721           1
0.205429 0.258255           1
0.138336 0.116745           0
0.209030 0.181549           0
0.289871 0.141495           0
1.000000 0.990036           1
0.132156 0.051132           0
0.129181 0.131287           0
0.886368 0.918915           1
0.170547 0.104126           0
0.553665 0.801758           0
0.399170 0.574249           1
0.119476 0.092606           0
0.284103 0.061874           0
0.498154 0.468094           0
0.266724 0.209091           0
0.817657 0.804123           1
0.263672 0.153427           0
0.389694 0.278351           0
0.606812 0.507278           1
0.224960 0.078171           0
0.163986 0.024750           0
0.805832 0.892960           1
0.265289 0.265930           0
0.839951 0.794266           1
0.776917 0.492172           0
0.136215 0.028656           0
0.165649 0.202896           0
0.111496 0.022064           0
0.243622 0.179565           1
0.748505 0.770187           1
0.569992 0.501312           0
0.480606 0.612518           1
0.833664 0.896103           1
0.203979 0.161713           0
0.183380 0.143173           0
0.643097 0.444794           0
0.902023 0.907028           1
0.242691 0.170502           1
0.230713 0.201065           0
0.157440 0.033310           0
0.158157 0.238556           0
0.803650 0.658646           1
1.000000 0.993958           1
0.200333 0.063934           0
0.861755 0.938278           1
0.217896 0.081970           0
0.118347 0.084488           0
0.345764 0.781357           1
0.811737 0.922165           1
0.284744 0.229813           0
0.248993 0.092316           0
0.498291 0.747559           0
0.000000 0.002335           0
0.262924 0.110687           1
0.114914 0.082047           0
0.786194 0.890320           1
0.746918 0.843307           1
0.481583 0.178772           0
0.423935 0.403107           1
0.813919 0.940720           1
0.168060 0.071930           0
0.660324 0.785019           1
0.850739 0.963333           1
0.871140 0.910660           1
0.217102 0.173096           1
0.719650 0.888229           1
0.255417 0.130081           0
0.466507 0.786072           1
0.553375 0.096191           0
0.844940 0.958588           1
0.880692 0.830978           1
0.690231 0.824982           1
0.174347 0.023560           0
0.163620 0.051498           0
0.324295 0.164825           0
0.435883 0.296997           0
0.419418 0.423233           1
0.626083 0.379486           1
0.238846 0.136459           0
0.443344 0.115112           0
0.469376 0.108185           0
0.243103 0.315552           0
0.430557 0.643616           0
0.455566 0.244095           0
1.000000 0.979706           1
0.748428 0.942047           1
0.722168 0.662903           1
0.375671 0.708649           1
0.542969 0.730194           0
0.183289 0.403854           0
0.756195 0.785995           1
0.809860 0.960785           1
0.876022 0.946503           1
0.870407 0.959305           1
0.144669 0.056580           0
0.847809 0.930756           1
0.241760 0.190430           0
0.252441 0.060547           0
0.704803 0.427521           1
0.903641 0.847122           1
0.714890 0.850586           1
0.233826 0.161194           0
0.787796 0.751190           1
0.845245 0.865845           1
0.810242 0.962372           1
0.794388 0.966080           1
0.612457 0.496201           0
0.268799 0.180557           0
0.571701 0.422684           0
0.222198 0.243210           0
0.345795 0.403275           0
0.370316 0.356567           0
0.247284 0.239761           0
0.311325 0.433472           1
0.134384 0.138596           0
0.798019 0.866043           1
0.767212 0.877731           1
0.291367 0.177261           1
0.557571 0.469757           0
0.812759 0.932678           1
0.165833 0.190964           0
0.719330 0.845856           1
0.402710 0.263077           1
0.871933 0.937515           1
0.877441 0.887650           1
0.857712 0.959488           1
0.755600 0.766296           1
0.497833 0.636032           1
0.882935 0.948792           1
0.902283 0.828201           1
0.221161 0.103653           0
0.441696 0.570404           1
0.685257 0.857880           1
0.635468 0.790421           1
0.117249 0.031799           0
0.615387 0.497467           0
0.430374 0.467285           1
0.878494 0.911743           1
0.566147 0.255753           1
0.333664 0.254807           1
0.346436 0.377182           1
0.751709 0.813049           1
0.000000 0.028473           0
0.731400 0.491867           1
0.449951 0.268890           0
0.263336 0.731964           0
0.753113 0.797943           1
0.835495 0.876114           1
0.854218 0.968140           1
0.668274 0.744308           0
0.522858 0.529907           1
0.775909 0.915848           1
0.876389 0.935181           1
0.776230 0.901840           1
0.242645 0.185898           1
0.368225 0.272232           1
0.112488 0.162811           0
0.848450 0.909668           1
0.776291 0.902237           1
0.195496 0.057175           0
0.630524 0.747925           0
0.710297 0.632278           1
0.809464 0.984695           1
0.339310 0.225922           0
0.300598 0.412247           0
0.133316 0.042526           0
0.230331 0.071167           0
0.257706 0.238632           0
0.577850 0.722382           0
0.546112 0.748840           1
0.887085 0.858658           1
0.573257 0.585083           1
0.265198 0.118759           0
0.187286 0.112625           0
0.302948 0.548431           1
0.871414 0.911743           1
0.643875 0.690018           1
0.127457 0.058853           0
0.654007 0.291321           0
0.225784 0.137497           0
0.691299 0.810028           0
0.177521 0.135315           1
0.860931 0.922958           1
0.742447 0.848587           1
0.776001 0.436096           1
0.000000 0.008743           0
0.111420 0.049149           0
0.749695 0.978409           1
0.558228 0.285477           0
0.097748 0.042450           0
0.150436 0.065079           0
0.650742 0.756805           1
0.241089 0.134705           0
0.757263 0.836746           1
0.788589 0.778381           0
0.614166 0.785797           0
0.578262 0.633850           0
0.783798 0.772186           1
0.885880 0.933273           1
0.748444 0.811310           1
0.283478 0.224060           0
0.251923 0.037918           0
0.363754 0.734924           0
0.669342 0.838837           0
0.815445 0.804031           1
0.558640 0.616974           0
0.522415 0.921524           0
0.812180 0.770172           1
0.838150 0.556503           0
0.788361 0.864044           1
0.214249 0.148422           0
0.808838 0.853607           0
0.000000 0.026443           0
0.000000 0.037125           0
0.884964 0.913345           1
0.861420 0.871674           1
0.788681 0.903931           1
0.657288 0.866302           1
0.736603 0.652573           1
0.628632 0.248474           0
0.725861 0.758011           1
0.782700 0.787079           0
0.709976 0.532791           0
0.293106 0.068863           0
0.789322 0.797363           1
0.523911 0.725479           0
0.587219 0.264175           0
0.766983 0.817184           1
0.638855 0.559647           1
0.636078 0.614517           1
0.710815 0.686279           1
0.207413 0.091614           0
0.284195 0.327560           0
0.568039 0.305756           1
0.779266 0.775284           1
0.856293 0.856491           1
0.400864 0.291916           1
0.266541 0.504822           1
0.380081 0.739914           1
0.364441 0.204453           0
0.124146 0.084946           0
0.273087 0.337006           1
0.364288 0.361420           0
0.886719 0.917618           1
0.111343 0.087570           0
0.333740 0.119797           0
0.000000 0.011459           0
0.868820 0.809158           1
0.869995 0.927124           1
0.432053 0.125900           0
0.342010 0.341812           0
0.536102 0.692810           1
0.466599 0.565445           1
0.801758 0.795746           0
0.769562 0.848465           1
0.882111 0.921875           1
0.772324 0.882050           1
0.890732 0.876907           0
0.237778 0.130127           0
0.758957 0.777252           1
0.216141 0.205276           1
0.234695 0.160980           0
0.769302 0.605133           1
0.482285 0.198730           0
0.132919 0.036514           0
0.745728 0.820343           1
0.263245 0.258896           1
0.892853 0.978302           1
0.000000 0.014297           0
0.709412 0.282013           1
0.000000 0.014404           0
0.581696 0.241806           0
0.127228 0.076050           0
0.551041 0.521698           1
0.207703 0.110016           0
0.147964 0.038742           0
0.253937 0.099152           0
0.585648 0.777145           1
0.210587 0.124283           0
0.123093 0.229965           0
0.746048 0.770004           0
0.891708 0.960739           1
0.396606 0.131058           0
0.255371 0.145721           0
0.872345 0.896667           0
0.420944 0.259857           0
0.297424 0.378464           1
0.135040 0.020279           0
0.812454 0.869171           0
0.182709 0.171417           1
0.758530 0.959900           1
0.445190 0.548950           1
0.203186 0.133713           0
0.508957 0.795685           1
0.378052 0.307465           0
0.699600 0.845901           0
0.288696 0.355209           0
0.804031 0.884125           1
0.871857 0.922043           1
0.120270 0.054626           0
0.868896 0.960342           1
0.720947 0.779861           1
0.544601 0.632980           0
0.223557 0.018616           0
0.262451 0.113724           0
0.815323 0.962036           1
0.643829 0.245560           1
0.167480 0.012085           0
0.464554 0.082397           0
0.250534 0.098770           0
0.000000 0.003815           0
0.634872 0.691895           0
0.824356 0.858078           1
0.875458 0.987976           1
0.290756 0.519531           0
0.146912 0.145325           0
0.138229 0.112991           0
0.115967 0.018005           1
0.184555 0.080185           0
0.268463 0.310760           1
0.648788 0.617401           0
0.860275 0.965118           1
0.834656 0.769180           1
0.733017 0.740524           1
0.328720 0.414627           0
0.872818 0.797943           1
0.289215 0.760406           0
0.686981 0.687225           1
0.764435 0.812256           1
0.739349 0.848953           1
0.804688 0.821320           1
0.619736 0.790619           0
0.111404 0.177963           1
0.660461 0.592102           1
0.000000 0.017670           0
0.227524 0.037827           0
0.214188 0.126495           0
0.123077 0.101410           0
0.733322 0.408859           0
0.691040 0.495697           1
0.248718 0.071045           1
0.000000 0.003830           0
0.274780 0.362473           1
0.252151 0.499313           1
0.679184 0.665680           1
0.118103 0.104797           0
0.269150 0.210464           0
0.573242 0.235703           0
0.817734 0.947449           1
0.000000 0.016998           0
0.802719 0.848923           1
0.541000 0.633194           1
0.205673 0.081070           1
0.259735 0.737732           0
0.000000 0.012222           0
0.865540 0.945694           1
0.849991 0.782181           1
0.561172 0.766815           1
0.142532 0.050156           0
0.219070 0.212967           0
0.841400 0.828217           0
0.258270 0.118134           0
0.887833 0.911087           1
0.126053 0.055573           0
0.746246 0.686157           1
0.379822 0.212479           0
0.815903 0.851318           1
0.757584 0.742813           1
0.258377 0.186523           0
0.245346 0.230347           0
0.000000 0.006943           0
0.638626 0.494446           1
0.552750 0.641556           1
0.206894 0.264313           0
0.212555 0.263931           0
0.865128 0.982376           1
0.509705 0.765793           0
0.103165 0.004486           0
0.803589 0.753754           0
0.218399 0.089981           0
0.759613 0.876572           1
0.654297 0.799118           1
0.775421 0.900864           1
0.172867 0.105087           0
0.273849 0.078323           0
0.000000 0.022949           0
0.401886 0.456268           0
0.537796 0.273895           0
0.403732 0.449203           1
0.433044 0.480804           1
0.519226 0.241837           0
0.120743 0.094498           0
0.346863 0.477386           1
0.859268 0.941299           1
0.794983 0.718582           1
0.772186 0.704193           0
0.257202 0.021042           0
0.634293 0.750656           1
0.752075 0.732483           0
0.510406 0.308670           0
0.261032 0.250244           1
0.253540 0.109650           0
0.388657 0.558563           0
0.212494 0.008987           0
0.000000 0.007217           0
0.414276 0.480957           0
0.884918 0.897324           1
0.510269 0.252640           0
0.235474 0.135712           0
0.652039 0.778183           1
0.610779 0.667862           1
0.602844 0.156418           0
0.776764 0.678085           1
0.706192 0.903534           1
0.877472 0.875702           1
0.465530 0.298752           0
0.680450 0.874344           1
0.839691 0.873901           1
0.870926 0.966995           1
0.837677 0.740524           1
0.747910 0.705566           1
0.872421 0.962006           1
0.755142 0.759369           1
0.221481 0.058487           0
0.564301 0.527206           1
0.898376 0.971146           1
0.162033 0.131500           0
0.859177 0.933273           1
0.412598 0.105270           0
0.603409 0.652023           0
0.512299 0.332672           0
0.791595 0.868195           0
0.833069 0.841415           1
0.145874 0.068848           0
0.116516 0.128860           0
0.879608 0.936325           1
0.130402 0.091324           0
0.694809 0.748550           1
0.275909 0.130585           0
0.876373 0.942459           1
0.877075 0.898102           1
0.179428 0.112259           0
0.177094 0.362015           0
0.622025 0.304260           1
0.474152 0.314117           1
0.450302 0.240585           1
0.284393 0.594162           0
0.365707 0.246002           0
0.490280 0.691757           0
0.859863 0.976364           1
0.886856 0.912888           1
0.603867 0.649216           0
0.346619 0.601913           0
0.809280 0.858932           1
0.877090 0.973343           1
0.000000 0.020187           0
0.342865 0.170471           0
0.315689 0.124451           0
0.259048 0.082169           0
0.297394 0.430511           1
0.493378 0.507904           1
0.557541 0.767242           0
0.870575 0.830307           1
0.643845 0.330322           1
0.330917 0.472366           1
0.239914 0.207520           0
0.393509 0.189148           0
0.455399 0.653046           1
0.120712 0.034607           0
0.319183 0.413773           0
0.529480 0.768127           0
0.000000 0.020691           0
0.183243 0.101120           0
0.460587 0.199738           1
0.176651 0.213333           1
0.503738 0.448975           1
0.271576 0.075211           0
0.498611 0.214417           0
0.817886 0.906143           1
0.761169 0.894501           1
0.282623 0.123764           0
0.200897 0.261398           0
0.695953 0.738998           0
0.746521 0.774918           1
0.123840 0.077362           1
0.153656 0.029831           0
0.320633 0.287552           0
0.787094 0.765488           1
0.197342 0.118713           0
0.634644 0.867310           1
0.727142 0.523438           0
0.255173 0.597092           1
0.896332 0.943497           1
1.000000 0.988876           1
0.674377 0.854523           1
0.463043 0.286346           0
0.292526 0.059052           0
0.737320 0.633133           0
0.273193 0.107544           0
0.536484 0.851852           1
0.375885 0.555008           1
0.708359 0.834610           1
0.355896 0.565353           0
0.478683 0.862335           1
0.128448 0.028412           0
0.714020 0.424042           1
0.000000 0.011780           0
0.438766 0.364655           1
0.875137 0.951645           1
0.242050 0.195526           0
0.761566 0.717056           1
0.842422 0.909561           1
0.362213 0.131317           1
0.700897 0.782379           1
0.000000 0.003433           0
0.802795 0.878647           0
0.337540 0.217850           0
0.112991 0.014679           0
0.125366 0.067764           0
0.733749 0.794037           1
0.478409 0.540741           1
0.247437 0.301971           0
0.407791 0.363556           0
0.461655 0.815857           1
0.232254 0.290695           1
0.788177 0.710632           1
0.391235 0.209000           0
0.780334 0.859222           1
0.885300 0.920746           1
0.540833 0.501175           1
0.134964 0.054062           0
0.809494 0.864075           1
0.777740 0.808701           1
0.202194 0.236160           0
0.139557 0.024536           0
0.706589 0.208237           0
0.000000 0.028641           0
0.883499 0.951538           1
0.273636 0.167725           0
0.447617 0.549408           1
0.000000 0.008789           0
0.725067 0.596603           0
0.828033 0.897995           1
0.856567 0.939972           1
0.280029 0.636673           1
0.798340 0.811005           1
0.776611 0.895142           1
0.135666 0.043533           0
0.270752 0.185699           0
0.641541 0.762970           1
0.435150 0.154770           0
0.836502 0.832123           1
0.124390 0.015213           0
0.202408 0.194275           0
0.885101 0.921478           1
0.801208 0.891235           1
0.834610 0.846085           1
0.805466 0.899826           0
0.847244 0.880783           1
0.755524 0.791962           1
0.152374 0.136337           0
0.871490 0.976517           1
0.785904 0.851379           1
0.878128 0.897781           1
0.239578 0.019394           0
0.515991 0.759171           1
0.393021 0.699432           0
1.000000 0.947357           1
0.768143 0.862000           1
0.295914 0.179779           0
0.894806 0.869278           1
0.292542 0.358246           0
0.176285 0.145554           1
0.596924 0.675812           1
0.815140 0.847275           1
0.736511 0.834457           0
0.823349 0.922852           1
0.570358 0.291321           0
0.227890 0.096619           0
0.873596 0.914062           1
0.352631 0.217407           0
0.756653 0.775116           1
0.361374 0.552277           0
0.375320 0.138123           1
0.712234 0.685928           1
0.802002 0.831543           1
0.487366 0.623322           0
0.244827 0.324142           0
0.801346 0.907761           1
0.883194 0.905304           1
0.423355 0.208145           1
0.130875 0.102188           0
0.376068 0.339066           0
0.705215 0.764145           0
0.447281 0.436310           1
0.866241 0.957596           1
0.120697 0.024628           0
0.725983 0.831619           0
0.883957 0.881180           1
0.000000 0.047852           0
0.392105 0.310089           1
0.219849 0.121796           0
0.878357 0.959579           1
0.562119 0.512009           1
0.788513 0.835541           1
0.303238 0.336136           1
0.159103 0.069443           0
0.898087 0.891312           1
0.840439 0.842087           0
0.251373 0.069550           0
0.678802 0.441437           0
0.807617 0.835068           1
0.501526 0.367645           0
1.000000 0.995590           1
0.433868 0.732162           0
0.158463 0.029648           0
0.740219 0.873962           1
0.205643 0.270218           0
0.530167 0.514481           1
0.219589 0.116165           0
0.190277 0.068619           0
0.637161 0.143326           0
0.874008 0.755981           1
0.667023 0.903931           1
0.791580 0.817581           0
0.134201 0.059097           0
0.579437 0.649033           1
0.266907 0.256607           0
0.226135 0.080078           0
0.578842 0.445572           0
0.703491 0.745041           1
0.515472 0.637436           1
0.446564 0.133057           0
0.840347 0.796844           1
0.383102 0.487473           0
0.211960 0.157806           0
0.825836 0.824829           1
0.469421 0.279739           0
0.286972 0.119720           0
0.740845 0.755936           1
0.278305 0.241791           1
0.872879 0.856689           1
0.798141 0.854675           0
0.787064 0.912018           1
0.563141 0.845352           1
0.282013 0.230515           0
0.204788 0.135513           0
0.694458 0.721146           0
0.683533 0.802002           1
0.746735 0.870682           1
0.793076 0.936951           1
0.132507 0.080582           0
0.740814 0.894424           1
0.798004 0.887741           1
0.886490 0.906906           1
0.210159 0.091095           0
0.839951 0.872726           1
0.332352 0.228989           0
0.691299 0.821503           1
0.498093 0.293274           0
0.187073 0.057480           0
0.625565 0.737732           1
0.707397 0.666809           1
0.422485 0.503128           0
0.381241 0.195724           0
0.723785 0.439941           0
0.367203 0.163361           1
0.117661 0.030426           0
0.000000 0.011444           0
0.132797 0.130325           0
0.702377 0.766968           0
0.366333 0.259766           0
0.363068 0.248108           1
0.875534 0.953735           1
0.882889 0.966507           1
0.732635 0.678223           1
0.583710 0.525436           0
0.762283 0.699280           1
1.000000 0.988358           1
0.883972 0.891876           1
0.541672 0.290268           0
1.000000 0.995941           1
0.502686 0.200180           0
0.860031 0.976532           1
0.849579 0.757095           0
0.296051 0.109528           0
0.649673 0.824127           1
0.585052 0.734711           1
0.529327 0.432907           0
0.357162 0.220139           0
0.806290 0.868652           1
0.755249 0.942108           1
0.508301 0.669464           1
0.357895 0.310211           0
0.127747 0.009232           0
0.107162 0.083359           1
0.278076 0.329102           0
0.889450 0.859741           1
0.246094 0.086411           0
0.818695 0.842346           1
0.856781 0.977432           1
0.369370 0.197281           1
0.311295 0.421219           0
0.579346 0.632980           0
0.204987 0.230545           0
0.801331 0.839951           0
0.430649 0.499893           1
0.495590 0.640350           0
0.165024 0.110046           0
0.440338 0.442215           1
0.835800 0.942749           1
0.865906 0.869919           1
0.584061 0.765991           0
0.000000 0.014160           0
0.214874 0.363831           0
0.863724 0.904114           1
0.000000 0.053329           0
0.865219 0.895859           1
0.765930 0.863693           1
0.785660 0.780472           1
0.279984 0.194000           1
0.000000 0.004730           0
0.147202 0.018356           0
0.235519 0.066879           0
0.178864 0.081238           0
0.823349 0.973648           1
0.302246 0.211227           0
0.233688 0.395584           1
0.704590 0.786438           1
0.876099 0.925232           1
0.836365 0.940903           1
1.000000 0.989746           1
0.864120 0.910568           1
0.607117 0.616196           0
0.000000 0.010849           0
0.449127 0.279251           0
0.285629 0.090561           0
0.203110 0.072098           0
0.820480 0.939514           1
0.255096 0.576157           1
0.548248 0.791550           0
1.000000 0.985153           1
0.609314 0.618668           1
0.263245 0.101120           0
0.000000 0.051605           0
0.441467 0.281433           0
0.761230 0.854187           1
0.243484 0.182022           0
0.351807 0.214661           0
0.867996 0.973572           1
0.141388 0.118103           0
0.413788 0.274658           1
0.550491 0.567581           0
0.000000 0.045258           0
0.701431 0.786270           1
0.216965 0.047272           0
0.710419 0.305206           0
0.254059 0.321594           0
0.693085 0.863968           1
0.843140 0.958893           1
0.623581 0.931503           1
0.749680 0.824860           1
0.608047 0.807358           0
0.883179 0.947052           1
0.176147 0.208878           0
0.746872 0.745850           1
0.183945 0.057938           0
0.591248 0.588058           1
0.281906 0.299377           0
0.249237 0.171738           0
0.198669 0.134872           0
0.000000 0.005569           0
0.277710 0.159729           0
0.774231 0.962326           1
0.844467 0.821304           1
0.163193 0.016785           0
0.000000 0.021957           0
0.268936 0.136841           0
0.881714 0.952698           1
0.284927 0.241577           0
0.143784 0.120682           0
0.868301 0.913452           1
0.792709 0.921036           1
0.561951 0.665894           0
0.492828 0.672775           0
0.000000 0.013840           0
0.162598 0.170654           0
0.784332 0.871475           1
0.099258 0.047104           0
0.808029 0.636078           0
0.602936 0.240860           1
0.352676 0.139557           0
0.870422 0.963425           1
0.634491 0.699753           1
0.675552 0.765305           1
0.455475 0.260040           0
0.895935 0.844376           1
0.780289 0.937225           1
0.229080 0.182785           0
0.141525 0.126511           0
0.473755 0.264313           1
0.640427 0.750549           1
0.281845 0.342987           0
0.327072 0.801559           1
0.436127 0.747223           1
0.580811 0.668167           1
0.485275 0.645691           0
0.219162 0.204193           0
0.155655 0.089981           0
0.114670 0.016846           0
0.640671 0.851685           1
0.743500 0.818588           1
0.190720 0.042145           0
0.418350 0.289963           0
0.904510 0.819992           1
0.373947 0.340500           1
0.425949 0.218689           0
0.677200 0.323792           0
0.843521 0.900314           0
0.289291 0.196960           1
0.805496 0.894135           1
0.189499 0.520844           0
0.143082 0.067337           0
0.236359 0.223648           0
0.872940 0.981644           1
0.377335 0.433777           1
0.124023 0.019745           0
0.849670 0.823990           1
1.000000 0.950851           1
0.564255 0.711456           1
0.432861 0.279465           0
0.278809 0.167404           0
0.603851 0.228134           0
0.287659 0.412384           0
0.386948 0.528992           0
0.407013 0.126160           0
0.000000 0.157913           0
0.189774 0.198700           0
0.898605 0.964020           1
0.768692 0.884918           1
0.879608 0.946594           1
0.614639 0.487091           1
0.000000 0.012375           0
0.689529 0.636887           0
0.476868 0.406738           0
0.351151 0.600372           0
0.125275 0.083481           0
0.807190 0.824051           1
0.695251 0.459778           0
0.690002 0.785126           1
0.164383 0.146362           0
0.755524 0.526886           0
0.812271 0.508484           1
0.377136 0.208969           1
0.763885 0.683212           1
0.761139 0.404465           0
0.000000 0.023438           0
0.626968 0.375229           1
0.850586 0.952957           1
0.513336 0.250107           1
0.118561 0.029694           0
0.257706 0.206909           0
0.117386 0.090317           0
0.163300 0.080185           0
0.184021 0.008148           0
0.473297 0.621796           1
0.806396 0.898148           1
0.370804 0.218170           0
0.864349 0.815186           1
0.871689 0.769394           1
0.705444 0.340073           0
0.826126 0.885712           1
0.130173 0.084564           1
0.633362 0.868073           1
0.802399 0.756790           1
0.223984 0.406479           0
0.172668 0.142502           0
0.755508 0.823044           1
0.163559 0.096329           0
0.719009 0.793106           0
0.519958 0.531967           1
0.488052 0.713028           1
0.000000 0.008362           0
0.836609 0.951736           1
0.759262 0.692703           0
0.337112 0.229431           0
0.140610 0.056717           0
0.749512 0.516052           1
0.566376 0.619370           0
0.256607 0.124985           0
0.902100 0.921982           1
0.729523 0.771790           1
0.637924 0.712708           1
0.771469 0.917648           1
0.729416 0.812683           1
0.277328 0.086960           0
0.889465 0.937622           1
0.197418 0.136581           0
0.440399 0.550095           0
0.176346 0.209000           0
0.183243 0.184143           0
0.836868 0.953217           1
0.852127 0.805954           0
0.832138 0.910492           1
0.868744 0.964310           1
0.265366 0.255264           0
0.797256 0.823929           1
0.184418 0.385849           1
0.000000 0.020935           0
0.280975 0.231735           1
0.478638 0.308807           1
0.871628 0.873398           1
0.179108 0.168655           0
0.483109 0.533783           1
0.727066 0.904831           1
0.234421 0.290741           0
0.293518 0.382690           0
0.269287 0.389633           1
0.609314 0.541794           1
0.888794 0.942261           1
0.345062 0.600708           1
0.583481 0.554321           1
0.161896 0.057114           0
0.381622 0.156357           1
0.281906 0.199158           0
0.778809 0.875687           1
0.664536 0.338379           0
0.804993 0.908081           0
0.168808 0.073318           1
0.795105 0.930420           1
0.890015 0.927109           1
0.216461 0.136520           0
0.725922 0.646530           1
0.730408 0.906204           0
0.253387 0.193710           0
0.863373 0.869934           1
0.501587 0.124863           0
0.690994 0.917252           1
0.245941 0.166992           0
0.173416 0.044861           0
0.551865 0.189636           0
0.855164 0.882507           1
0.313461 0.634369           1
0.818115 0.856232           0
0.801849 0.837936           1
0.862366 0.917542           1
0.578384 0.805832           1
0.398697 0.693741           0
0.183731 0.212692           0
0.259628 0.169098           0
0.119690 0.150818           0
0.295731 0.479279           0
0.100403 0.054001           0
0.781570 0.985260           1
0.276505 0.464035           0
0.876007 0.893433           1
0.326950 0.512909           0
0.214142 0.093216           0
0.271194 0.242996           0
0.780411 0.872650           1
0.864670 0.931717           1
0.793732 0.827698           0
0.865051 0.955887           0
0.424683 0.422577           1
0.386475 0.246567           0
0.166763 0.066208           0
0.538055 0.526703           1
0.514740 0.314545           1
0.254135 0.104172           0
0.775436 0.879135           1
0.343231 0.073135           0
0.373688 0.239578           0
0.136856 0.137222           0
0.840805 0.708664           0
0.503937 0.722046           1
0.277969 0.390320           0
0.324493 0.196884           0
0.314011 0.200790           0
0.802979 0.796066           1
0.142700 0.123993           0
0.490738 0.822601           1
0.784225 0.801498           0
0.362778 0.281052           1
0.794647 0.767563           1
0.865555 0.951523           1
0.203262 0.141876           0
0.523727 0.375534           0
0.312286 0.314011           1
0.729675 0.776093           0
0.673889 0.869049           1
0.816605 0.891891           1
0.100021 0.032074           0
0.837021 0.808594           1
0.871811 0.902802           1
0.832077 0.908768           1
0.608414 0.651062           1
0.221420 0.075516           0
0.221222 0.135880           0
0.101913 0.061554           0
0.490479 0.854996           1
0.271255 0.127563           0
0.831528 0.741959           0
0.761978 0.723236           1
0.201767 0.145035           0
0.145309 0.108414           0
0.465591 0.741318           0
0.159332 0.050949           0
0.819870 0.894440           1
0.885834 0.874481           1
0.782425 0.881195           1
0.896332 0.958725           1
0.126999 0.044617           0
0.469879 0.545654           1
0.876328 0.970154           1
0.707687 0.833603           1
0.800491 0.898773           1
0.585007 0.587555           0
0.129745 0.105087           0
0.112106 0.032303           0
0.740662 0.857056           1
0.151337 0.061737           0
0.747437 0.686920           1
0.312958 0.226471           0
0.768250 0.730301           0
0.155823 0.045212           0
0.000000 0.010117           0
0.235016 0.101547           0
0.366211 0.782104           1
0.782806 0.905060           1
0.895035 0.948547           1
0.509125 0.372757           0
0.754074 0.741241           0
0.806107 0.942230           1
0.391968 0.439270           0
0.099838 0.099762           0
0.308502 0.628052           0
0.490494 0.507645           1
0.152435 0.021988           0
0.542038 0.618271           0
0.310699 0.577789           1
0.839111 0.924210           1
0.830795 0.960098           1
0.498581 0.534668           1
0.694397 0.844696           1
0.557678 0.634003           0
0.000000 0.004745           0
0.173584 0.076004           0
0.760590 0.809235           0
0.760056 0.857956           1
0.430679 0.253845           0
0.305756 0.252319           1
0.782532 0.722809           1
0.000000 0.005768           0
0.652786 0.869705           1
0.774994 0.695221           1
0.759552 0.845825           1
0.820068 0.973541           1
0.752625 0.853500           1
0.485703 0.524048           0
0.644196 0.484360           1
0.254150 0.251770           0
0.890152 0.923630           1
0.394302 0.508301           0
0.513931 0.199814           0
0.812454 0.537430           0
0.714050 0.738739           1
0.814270 0.863388           1
0.487701 0.640533           1
0.244110 0.127838           0
0.573120 0.654907           1
0.199127 0.083633           0
0.450439 0.637238           0
0.193268 0.344788           0
0.786942 0.814865           1
0.729752 0.719910           1
0.775909 0.732590           1
0.367813 0.233948           1
0.868286 0.972778           1
0.314728 0.140488           0
0.871857 0.847137           1
0.729874 0.485565           0
0.400955 0.429688           1
0.804337 0.866638           1
0.721252 0.793900           1
0.321060 0.261337           0
0.796844 0.980377           1
0.798920 0.845474           1
0.175629 0.219696           0
0.346085 0.394775           0
0.264282 0.183121           0
0.871506 0.954819           1
0.417694 0.334259           0
0.724640 0.600571           1
0.740143 0.792374           1
0.824356 0.918015           1
0.457352 0.293198           1
0.276398 0.107071           0
0.464890 0.823181           1
0.000000 0.063690           0
0.721176 0.832123           1
0.303635 0.400940           1
0.380920 0.140961           1
0.166763 0.039459           0
0.114746 0.030579           0
0.501221 0.261688           0
0.628693 0.847168           1
0.746704 0.965027           1
0.169937 0.132263           0
0.877289 0.979568           1
0.773468 0.820007           0
0.515076 0.555283           0
0.506760 0.379700           1
0.249130 0.316757           0
0.520294 0.624146           1
0.820618 0.853134           1
0.875412 0.872375           1
0.529587 0.223099           1
0.298416 0.237671           0
0.399307 0.220505           1
1.000000 0.894226           1
0.791275 0.848160           1
0.000000 0.001892           0
0.120453 0.024719           0
0.552475 0.616135           0
0.106216 0.135712           0
0.379669 0.721893           1
0.700745 0.649048           0
0.684723 0.596558           1
0.739410 0.561249           0
0.641357 0.553604           1
0.240616 0.308960           0
0.177719 0.167801           0
0.869690 0.794846           0
0.184921 0.119690           1
0.673447 0.766724           1
0.737106 0.750198           1
0.747757 0.726456           0
0.891983 0.855728           1
0.301041 0.145111           0
0.781372 0.871490           1
0.441513 0.719162           0
0.473083 0.290131           0
0.414337 0.280334           1
1.000000 0.981216           1
0.809235 0.983414           1
0.860291 0.957947           1
0.102661 0.049286           0
0.264465 0.468124           0
0.368423 0.753815           0
0.313400 0.114365           0
0.802795 0.858505           1
0.249939 0.435226           0
0.173874 0.094940           0
0.135773 0.054932           0
0.265350 0.331131           1
0.221085 0.046463           0
0.240234 0.151031           0
0.334030 0.234451           1
0.183609 0.229279           0
0.883270 0.952026           1
0.787674 0.947540           1
0.446228 0.263977           0
0.503677 0.578705           1
0.270691 0.114471           0
0.480530 0.487640           0
0.816452 0.872879           1
0.870941 0.942093           1
0.768890 0.905136           1
0.545181 0.341034           0
0.603424 0.526260           0
0.329041 0.269043           0
0.143524 0.069061           0
0.568344 0.713242           1
0.764435 0.803299           0
0.128586 0.059219           0
0.756821 0.836121           1
0.516129 0.465271           0
0.155304 0.015747           0
0.807495 0.849014           1
0.867065 0.891861           1
0.867020 0.847656           1
0.709976 0.850113           1
0.472946 0.666870           0
0.676086 0.649063           1
0.798019 0.848312           1
0.242401 0.221603           1
0.330170 0.188034           1
0.512421 0.252365           0
0.879761 0.888611           0
0.750671 0.805984           0
0.000000 0.005051           0
0.472687 0.527740           0
0.170715 0.105957           0
0.172134 0.088318           0
0.557602 0.598877           1
0.896439 0.914917           1
0.673981 0.316025           0
0.000000 0.007660           0
0.773178 0.907364           1
0.160828 0.107986           0
0.000000 0.034485           0
0.742889 0.530579           1
0.783630 0.937195           1
0.186661 0.009171           0
0.890060 0.970230           1
0.759842 0.562866           1
0.568619 0.301254           1
0.823120 0.830963           1
0.871994 0.931671           1
0.715775 0.534103           1
0.690994 0.829956           1
0.487671 0.570953           1
0.768845 0.703751           1
0.115646 0.154037           0
0.139023 0.204987           0
0.190643 0.029495           0
0.483719 0.850571           1
0.857742 0.968155           1
0.000000 0.006424           0
0.827301 0.942596           1
0.860657 0.936340           1
0.000000 0.003372           0
0.803589 0.774582           1
0.827744 0.597366           0
0.000000 0.041443           0
0.000000 0.008560           0
0.546600 0.458679           1
0.689148 0.577209           1
0.416962 0.635620           1
0.531296 0.727249           0
0.000000 0.015457           0
0.162964 0.082214           0
0.882416 0.980820           1
0.657806 0.767776           1
0.836182 0.507126           0
0.725281 0.820312           1
0.110123 0.154144           1
0.895416 0.959427           1
0.845108 0.895508           1
0.296417 0.122467           0
0.572769 0.743393           1
0.226059 0.190109           0
0.769485 0.475510           1
0.126389 0.159195           0
0.804688 0.891754           1
0.635086 0.746811           1
0.787888 0.907578           1
0.755722 0.581696           1
0.416336 0.260971           1
0.650833 0.559341           1
0.783310 0.677200           1
0.403091 0.704285           0
0.738724 0.740128           0
0.860855 0.956482           1
0.183243 0.232864           0
0.608063 0.442230           1
1.000000 0.987320           1
0.765915 0.902573           1
0.312576 0.240372           0
0.138153 0.041428           0
0.862152 0.963196           1
0.626724 0.356766           1
0.892624 0.971085           1
0.145248 0.045486           0
0.408051 0.499786           0
0.141388 0.052994           0
0.557877 0.801819           0
0.272781 0.230301           0
0.123535 0.122589           0
0.787704 0.817581           1
0.528809 0.434799           0
0.633713 0.846283           1
0.000000 0.061249           0
0.182068 0.128067           0
0.000000 0.012878           0
0.827927 0.860275           0
0.870941 0.718460           0
0.613083 0.747467           0
0.711243 0.688721           0
0.341629 0.208374           0
0.323105 0.350021           0
0.306274 0.272690           0
0.175385 0.100784           0
0.893921 0.927307           1
0.880951 0.943405           1
0.832230 0.597214           1
0.685303 0.750443           1
0.000000 0.017181           0
0.750549 0.787064           1
0.857880 0.862839           1
0.180832 0.022705           0
0.496033 0.772827           1
0.100372 0.100906           0
0.587555 0.215576           1
0.354324 0.238907           0
0.182770 0.070114           0
0.511688 0.762573           0
0.114929 0.026459           0
0.262100 0.075653           1
0.873367 0.960098           0
0.266678 0.349792           0
0.694321 0.318344           0
0.294403 0.071213           0
0.267120 0.154907           0
0.000000 0.007523           0
0.625839 0.431183           0
0.737518 0.903061           0
0.878021 0.912979           0
0.352768 0.210587           1
0.189865 0.096848           0
0.581085 0.349136           1
0.874924 0.951019           1
0.166458 0.061859           0
0.652802 0.526245           1
0.249634 0.229996           1
0.204605 0.168640           0
0.200378 0.253632           0
0.210602 0.124634           0
0.685425 0.553009           0
0.481369 0.177017           0
0.498627 0.742966           0
0.788025 0.881989           1
0.689178 0.781647           1
0.859238 0.807266           1
0.566696 0.733200           1
0.568848 0.199707           0
0.789062 0.778488           1
0.201920 0.172226           1
0.610184 0.656204           1
0.385574 0.171661           0
0.797424 0.865936           1
0.780823 0.752090           1
0.763763 0.740479           1
0.704300 0.794983           1
0.267090 0.639816           1
0.680649 0.629547           0
0.683823 0.850449           1
0.252899 0.146118           0
0.133789 0.002579           0
0.732178 0.907791           1
0.663071 0.805252           1
0.279373 0.397400           1
0.715836 0.694565           1
0.355408 0.290054           0
0.584412 0.426788           0
0.142502 0.231506           0
0.561264 0.765213           0
0.187210 0.180527           0
0.882004 0.879440           1
0.170349 0.193222           0
0.480820 0.344818           1
0.523224 0.646027           0
0.139236 0.019348           0
0.778229 0.824783           1
0.787842 0.837616           1
0.610168 0.731705           0
0.652435 0.603806           1
0.542786 0.794067           1
0.135818 0.012146           0
0.253387 0.127441           0
0.812836 0.868958           1
0.544586 0.725296           1
0.124985 0.049667           0
0.803482 0.795486           1
0.433121 0.249557           1
0.839569 0.879715           1
0.438950 0.277451           0
0.711288 0.423859           1
0.231812 0.135925           0
0.000000 0.013794           0
0.579681 0.735031           1
0.101089 0.032227           0
0.443817 0.740479           1
0.499039 0.668488           0
0.675919 0.770325           1
0.789017 0.968216           1
0.424957 0.456482           0
0.816040 0.924225           1
0.192459 0.688354           1
0.000000 0.012177           0
0.815842 0.913254           1
0.127914 0.028748           0
0.138870 0.077606           1
0.565002 0.614716           1
0.761276 0.764191           1
0.247421 0.214050           0
0.597122 0.513077           1
0.141541 0.117172           0
0.485031 0.774017           0
0.566467 0.800018           0
0.852463 0.877289           1
0.845291 0.923798           0
0.146347 0.110458           0
0.767746 0.815048           1
0.491821 0.463562           0
0.224457 0.414505           0
0.395981 0.460037           1
0.233109 0.119095           0
0.643372 0.850098           1
0.731842 0.704849           0
0.769638 0.908554           1
0.194107 0.093994           0
0.419617 0.358887           0
0.213669 0.151871           0
0.499207 0.399429           0
0.869400 0.961700           1
0.000000 0.060471           0
0.810715 0.936340           1
0.787018 0.862320           1
0.275482 0.218979           0
0.137283 0.013321           0
0.882614 0.953415           1
0.792801 0.898422           1
0.715958 0.779099           0
0.807266 0.918304           1
0.234375 0.084808           0
0.220001 0.169006           0
0.290497 0.192337           1
0.142181 0.157547           0
0.719864 0.809113           1
0.733917 0.919647           1
0.260468 0.373535           0
0.187866 0.083923           0
0.127182 0.014175           0
0.678589 0.835266           0
0.678543 0.334015           0
0.553268 0.752457           1
0.504898 0.295929           0
0.235153 0.062927           0
0.210724 0.034592           0
0.212540 0.166687           1
0.301407 0.525925           1
0.179077 0.041565           0
0.638519 0.411240           1
0.852753 0.976791           1
0.697037 0.711349           1
0.462540 0.427399           0
0.221222 0.197983           0
0.130554 0.020645           0
0.259659 0.037460           0
0.142639 0.014816           0
0.863983 0.919815           1
0.000000 0.001633           0
0.210449 0.231262           1
0.519394 0.383820           0
0.285568 0.114594           0
0.870987 0.895599           1
0.000000 0.013947           0
0.099350 0.018127           0
0.222931 0.068207           0
0.579346 0.568146           1
0.535095 0.403809           0
0.764862 0.875458           1
0.144882 0.031158           0
0.133377 0.045197           0
0.792068 0.913544           1
0.279373 0.334259           0
0.340134 0.510925           1
0.679550 0.440231           1
0.354233 0.294510           0
0.837585 0.898239           1
0.894806 0.888885           1
0.186172 0.123657           0
0.217560 0.042984           0
0.622528 0.710419           0
0.103180 0.009476           0
0.783081 0.819839           0
0.786697 0.852432           0
0.675171 0.708557           0
0.137741 0.029205           0
0.108536 0.092194           0
0.166611 0.093155           0
0.433182 0.197021           0
0.445602 0.528214           0
0.634476 0.836609           1
0.804993 0.914307           1
0.608124 0.827957           0
0.649399 0.610916           1
0.766693 0.803116           1
0.785843 0.788086           0
0.772217 0.773132           1
0.119797 0.160934           0
0.195419 0.129883           0
0.297562 0.217758           0
0.231995 0.266251           1
0.467361 0.404037           1
0.312668 0.665939           1
0.541672 0.142899           1
0.859818 0.886887           1
0.826370 0.801331           0
0.273666 0.206177           0
0.371948 0.361969           1
0.345490 0.219894           1
0.327454 0.245285           0
0.884644 0.907593           1
0.813187 0.911713           1
0.864502 0.935425           1
0.379868 0.164764           0
0.522110 0.429108           0
0.310471 0.249374           1
0.844147 0.974609           1
0.163010 0.087296           0
0.900085 0.964783           1
0.799118 0.880051           1
0.850250 0.980515           1
0.651871 0.849533           0
0.353729 0.138504           0
0.132843 0.039215           0
0.752426 0.855438           1
0.000000 0.030624           0
0.773605 0.920776           1
0.726334 0.735474           0
0.452286 0.426819           0
0.324524 0.195724           0
0.750504 0.762955           1
0.781097 0.722549           1
0.406525 0.244629           0
0.196304 0.187485           0
0.850250 0.981232           1
0.526535 0.473053           0
0.120285 0.079239           0
0.622299 0.639618           1
0.838364 0.837555           0
0.857773 0.860748           0
0.254333 0.135452           0
0.433792 0.444580           0
0.000000 0.016068           0
0.332809 0.303909           0
0.833435 0.894592           1
0.307053 0.362030           1
0.332169 0.142212           0
0.284882 0.269608           0
0.653137 0.878983           1
0.177200 0.048798           0
0.470886 0.361450           0
0.116211 0.055679           0
0.459198 0.288559           0
0.882675 0.973724           1
0.289246 0.536499           0
0.221924 0.245224           1
0.467972 0.711060           0
0.230087 0.445328           0
0.316254 0.202377           0
0.209396 0.096497           0
0.765518 0.697540           1
0.353607 0.240860           0
0.508743 0.753647           0
0.388794 0.474365           0
0.232697 0.259613           1
0.807785 0.592072           1
0.860443 0.902435           1
0.729218 0.627914           1
0.623871 0.855545           1
0.661072 0.762634           1
0.468155 0.788696           0
0.790939 0.879288           1
0.766785 0.819778           1
0.523865 0.350723           1
0.143768 0.088669           0
0.208511 0.033554           0
0.762650 0.852646           1
0.387878 0.774872           1
0.605652 0.699326           1
0.831070 0.921707           1
0.299042 0.146240           0
0.232758 0.109314           0
0.000000 0.036804           0
0.243591 0.146469           0
0.853806 0.960220           1
0.796219 0.967361           1
0.203369 0.260834           0
0.606293 0.790878           1
0.765106 0.756546           1
0.269699 0.285919           0
0.764343 0.793472           1
0.000000 0.018707           0
0.247543 0.154358           0
0.124481 0.064224           0
0.848694 0.934952           1
0.198303 0.239639           0
0.858551 0.877274           1
0.223785 0.170532           0
0.391342 0.379211           1
0.747849 0.827789           0
0.772491 0.759598           1
0.749435 0.758835           0
0.245636 0.183716           0
0.210312 0.089050           0
0.268051 0.127884           0
0.815460 0.958984           1
0.573395 0.172836           1
0.625595 0.363785           0
0.838562 0.929886           0
0.478180 0.141266           0
0.806458 0.904099           1
0.193237 0.143661           0
0.232025 0.480423           1
0.535492 0.506958           0
0.205917 0.074783           0
0.671188 0.830795           1
0.478714 0.345581           1
0.438934 0.253067           0
0.839066 0.893341           1
0.129486 0.048798           0
0.788925 0.867798           0
0.125839 0.008560           0
0.184998 0.071152           0
0.176880 0.153580           0
0.466721 0.248642           0
0.222900 0.080933           0
0.507935 0.841843           1
0.192581 0.089417           1
0.541977 0.646759           1
0.308105 0.126419           0
0.783417 0.760513           1
0.230484 0.507645           1
0.135025 0.069168           0
0.101257 0.126007           0
0.805374 0.645462           1
0.569244 0.747482           0
0.869568 0.897385           1
0.725021 0.691437           1
0.686539 0.133514           1
0.886948 0.938004           1
0.368286 0.203674           0
0.122772 0.025726           0
0.801270 0.758240           0
0.603226 0.450806           1
0.347275 0.629471           0
0.751892 0.811859           1
0.801697 0.614410           0
0.538895 0.700363           0
0.786575 0.888535           0
0.097961 0.119064           0
0.884384 0.896622           1
0.582413 0.115692           0
0.893219 0.822632           1
0.756622 0.851501           0
0.137009 0.071426           0
0.203522 0.043839           1
0.904297 0.963440           1
0.187927 0.027496           0
0.258636 0.097122           0
0.636917 0.616364           0
0.263702 0.357040           1
0.337875 0.203308           0
0.849609 0.877975           1
0.672791 0.473312           1
0.713364 0.809555           1
0.650330 0.598602           1
0.147202 0.109360           0
0.350922 0.225266           1
0.771164 0.799744           1
0.902191 0.977249           1
0.246094 0.011566           0
0.000000 0.008148           0
0.811737 0.894516           1
0.794815 0.934875           1
0.736618 0.516678           0
0.335251 0.729309           0
0.326721 0.278442           0
0.839600 0.923019           1
0.846680 0.491531           1
0.725937 0.925247           1
0.313110 0.189957           0
0.424210 0.291763           0
0.308380 0.251328           0
0.269363 0.172775           0
0.789062 0.858429           1
0.521317 0.720444           0
0.160797 0.065063           0
0.837555 0.925522           1
0.222794 0.137802           0
0.577316 0.749451           0
0.599976 0.112152           0
0.866425 0.933502           1
0.836700 0.932098           1
0.363647 0.240021           0
0.232407 0.147888           0
0.657593 0.776627           0
0.251389 0.200607           0
0.862640 0.913620           1
0.307648 0.142014           0
0.353333 0.279449           0
0.561981 0.475937           1
0.121048 0.047394           0
0.309219 0.231369           0
0.375809 0.351868           1
0.574081 0.487350           1
0.743515 0.729507           1
0.178848 0.123550           0
0.440994 0.266647           0
0.122131 0.119186           0
0.824585 0.910110           1
0.833679 0.946075           1
0.119064 0.076370           1
0.390350 0.217667           1
0.462524 0.498077           0
0.363510 0.325195           1
0.220062 0.143204           0
0.827042 0.928055           1
0.552139 0.340485           0
0.357697 0.261078           0
0.605347 0.397064           0
0.867828 0.958618           1
0.563553 0.811981           0
0.749252 0.843704           1
0.784424 0.706741           1
0.660645 0.193985           0
0.253098 0.344757           1
0.868179 0.960083           1
0.000000 0.034439           0
0.881561 0.894196           1
0.448654 0.323166           1
0.447235 0.267181           0
0.500732 0.806671           1
0.275085 0.308273           1
0.806396 0.814148           1
0.165634 0.077438           0
0.000000 0.013748           0
0.881592 0.964310           1
0.760239 0.881561           1
0.662781 0.738892           0
0.269043 0.227936           0
0.000000 0.078888           0
0.447174 0.263336           1
0.597229 0.460754           1
0.581482 0.832733           1
0.868149 0.888199           1
0.753281 0.818695           1
0.191849 0.045532           0
0.737411 0.918320           1
0.688660 0.685638           1
0.000000 0.025085           0
0.574341 0.742905           1
0.768845 0.722855           0
0.331100 0.186966           0
0.873154 0.965118           1
0.882050 0.862625           1
0.332794 0.315857           0
0.590454 0.548294           0
0.629700 0.244095           0
0.000000 0.016190           0
0.885742 0.849121           1
0.859039 0.936935           0
0.101349 0.089417           0
0.348129 0.366959           0
0.438080 0.151871           0
0.762421 0.833374           1
0.694077 0.682434           1
0.689056 0.895630           1
0.099915 0.133194           0
0.788467 0.896637           1
0.379898 0.536133           1
0.249664 0.010300           0
0.157349 0.066925           0
0.279953 0.627609           1
0.754364 0.808319           0
0.752701 0.781143           1
0.404175 0.754944           0
0.748383 0.942917           1
0.343887 0.339722           0
0.131454 0.064178           0
0.563187 0.885178           1
0.863342 0.904175           1
0.406677 0.344254           0
0.303940 0.327469           0
0.786682 0.732254           0
0.788620 0.880676           1
0.135330 0.180893           0
0.729691 0.515411           1
0.706894 0.581924           0
0.789719 0.757538           1
0.630615 0.679077           0
0.718414 0.922455           1
0.222870 0.192322           0
0.342880 0.453461           1
0.128860 0.096649           0
0.396835 0.474380           0
0.766174 0.854294           1
0.250183 0.183990           0
0.730988 0.750961           1
0.875534 0.943985           1
0.461166 0.751511           0
0.235031 0.137558           0
0.118881 0.043503           0
0.301041 0.393448           0
0.434372 0.491364           1
0.803757 0.943314           1
0.737106 0.843002           0
0.706772 0.642990           1
0.621231 0.845062           0
0.852097 0.976685           1
0.140030 0.121750           0
0.117096 0.160767           0
0.548370 0.235153           0
0.255020 0.349716           0
0.727692 0.697388           1
0.514359 0.798920           1
0.570724 0.763809           1
1.000000 0.989471           1
0.408844 0.300522           0
0.247940 0.147964           0
0.819855 0.906281           1
0.743332 0.800415           1
0.724152 0.841370           1
0.709473 0.739365           1
0.193710 0.097183           0
0.000000 0.003815           0
0.772369 0.278519           0
0.157257 0.203934           0
0.896530 0.899719           1
0.343918 0.153305           1
0.208832 0.164169           0
0.000000 0.016800           0
0.771240 0.910355           0
0.682495 0.814285           1
0.869568 0.958054           1
0.461823 0.745667           0
0.000000 0.004913           0
0.269821 0.572632           0
0.000000 0.022095           0
0.181854 0.032120           0
0.832428 0.914398           1
0.832413 0.882050           1
0.228607 0.416870           1
0.700287 0.884079           0
0.776505 0.797318           1
0.862305 0.954178           1
0.845352 0.838684           0
0.730759 0.771622           0
0.732742 0.214539           0
0.842773 0.948364           1
0.539459 0.254501           0
0.665344 0.745468           1
0.242691 0.099808           0
0.756836 0.438065           0
0.115005 0.101181           0
0.656738 0.334503           1
0.772720 0.936768           1
0.437820 0.324158           1
0.124252 0.050598           0
0.817780 0.888550           1
1.000000 0.983978           1
0.788361 0.900131           1
0.289352 0.257370           0
0.548218 0.871704           0
0.733490 0.765396           1
0.882278 0.962082           1
0.741455 0.854309           1
0.779266 0.834518           0
0.124435 0.076447           0
0.692749 0.815216           1
0.823898 0.926758           1
0.283264 0.116699           0
0.893387 0.905975           1
0.848907 0.854233           1
0.411392 0.195969           0
0.192932 0.077713           0
0.119781 0.058609           0
0.742813 0.796646           1
0.412460 0.384796           1
0.268143 0.192841           0
0.862350 0.980148           1
0.297760 0.862579           1
0.879990 0.946442           1
0.183136 0.251617           1
0.507080 0.655777           0
0.844833 0.964951           1
0.810669 0.884262           1
0.776367 0.879013           1
0.254974 0.162857           0
0.507385 0.561050           0
0.850723 0.923294           1
0.336090 0.204819           0
0.182709 0.046722           0
0.764572 0.801666           1
0.215485 0.185776           0
0.591782 0.418045           0
0.366730 0.475220           0
0.815720 0.881485           1
0.751556 0.595612           1
0.874466 0.918869           1
0.784882 0.881897           1
0.643356 0.653641           1
0.257782 0.266174           0
0.108368 0.102783           0
0.856201 0.978088           1
0.196121 0.461655           0
0.871857 0.839005           1
0.843323 0.890320           1
0.816086 0.721664           1
0.216599 0.156342           0
0.474899 0.728073           1
0.182541 0.035095           0
0.242203 0.038834           0
0.849075 0.943314           1
0.864639 0.879120           1
0.435638 0.481903           0
0.747742 0.870285           1
0.775421 0.697723           1
0.126175 0.106049           0
0.443253 0.640793           0
0.770218 0.935303           1
0.332077 0.247818           0
0.804337 0.822052           1
0.239029 0.123016           0
0.571777 0.203720           0
0.179031 0.101013           0
0.706879 0.817871           1
0.885284 0.912155           0
0.899628 0.939682           1
0.864609 0.941406           1
0.600037 0.792740           1
0.124176 0.049942           0
0.516464 0.335526           0
0.562943 0.201385           0
0.162949 0.023453           0
0.348587 0.474686           1
0.218155 0.137222           0
0.816498 0.900146           1
0.863266 0.826401           1
0.723129 0.730286           0
0.452011 0.409653           0
0.235611 0.084335           0
0.774643 0.871689           1
0.764694 0.826172           1
0.137543 0.058807           0
0.696365 0.610535           0
0.599136 0.866806           1
0.212524 0.145447           0
0.675385 0.460098           1
0.171753 0.090607           0
0.860931 0.951309           1
0.228790 0.263443           0
0.784760 0.770630           0
0.412506 0.347351           0
0.235107 0.425476           0
0.835419 0.845474           0
0.122818 0.166580           1
0.784454 0.910522           1
0.501404 0.163834           0
0.285568 0.378647           1
0.137421 0.060226           0
0.137436 0.125595           0
0.438293 0.635071           1
0.211884 0.009613           0
1.000000 0.994324           1
0.815399 0.942276           1
0.754898 0.713013           1
0.794785 0.793854           1
0.782410 0.911560           1
0.000000 0.026871           0
0.101395 0.229568           0
0.870193 0.964035           1
0.731247 0.688370           1
0.299362 0.510300           1
0.386642 0.279617           0
0.132523 0.120453           0
0.715225 0.685043           1
0.299500 0.283630           0
0.160263 0.081070           0
0.771866 0.892487           1
0.155045 0.274612           1
0.184235 0.125107           0
0.711563 0.517303           0
0.810333 0.921082           1
0.755966 0.600128           0
1.000000 0.980469           1
0.288376 0.153717           0
0.862900 0.954132           1
0.573914 0.580994           1
0.170517 0.074692           0
0.813812 0.903214           1
0.831802 0.762970           1
0.870651 0.965363           1
0.785538 0.863770           1
0.597488 0.777298           0
0.279221 0.226364           0
0.318298 0.161865           0
0.810242 0.988510           1
0.586365 0.712570           0
0.812714 0.850143           1
0.271194 0.133636           0
0.200989 0.101059           0
0.488983 0.786270           1
0.827194 0.766785           1
0.586258 0.543732           0
0.830170 0.916183           1
0.888214 0.956680           1
0.669800 0.485382           1
0.801208 0.819336           1
0.871735 0.950668           1
0.882401 0.956833           1
0.213074 0.064301           0
0.163712 0.099960           0
0.772049 0.710709           1
1.000000 0.992859           1
0.172943 0.111450           0
0.327850 0.175873           0
0.194672 0.125153           0
0.588348 0.134567           0
0.657745 0.101425           0
0.736389 0.681976           1
0.285416 0.707962           0
0.821808 0.891586           1
0.824799 0.853500           1
0.145294 0.019318           0
0.738892 0.888962           1
0.104858 0.044495           0
0.849228 0.903946           0
0.255981 0.275681           0
0.150528 0.074646           0
0.624817 0.875259           1
0.440140 0.682846           1
0.513885 0.381592           1
0.117111 0.068298           0
0.800720 0.861053           1
0.731567 0.710464           0
0.787521 0.866257           0
0.416321 0.254028           0
0.293808 0.251297           0
0.672836 0.845642           1
0.892227 0.971588           1
0.884064 0.831909           1
0.886215 0.805450           1
0.857208 0.949142           1
0.461060 0.511963           1
0.814957 0.755936           1
0.830673 0.797745           0
0.851730 0.816620           1
0.785599 0.808014           1
0.837570 0.932266           1
0.370605 0.344574           1
0.716965 0.813675           1
0.836426 0.863724           1
0.680862 0.808304           1
0.873306 0.973679           1
0.898193 0.929428           1
0.788742 0.817612           1
0.538147 0.785065           1
0.251068 0.078033           0
0.347290 0.169693           0
0.187149 0.085403           0
0.753098 0.873367           1
0.618759 0.668182           1
0.563202 0.660919           1
0.669250 0.495331           0
0.731018 0.824875           0
0.143417 0.118713           0
0.185287 0.186066           1
0.728348 0.642975           0
0.602295 0.768417           1
0.200348 0.162735           0
0.724869 0.852310           1
0.758835 0.797134           1
0.102158 0.092590           0
0.746063 0.844788           1
