Verilog Python GroundTruth
0.220537 0.221157           1
0.615028 0.614534           1
0.779757 0.779423           0
0.898249 0.894799           1
0.317689 0.317767           0
0.890365 0.873106           1
0.852678 0.844014           1
0.293414 0.293488           1
0.713956 0.713880           0
0.633625 0.633801           0
0.638163 0.638057           0
0.912800 0.887126           1
0.327896 0.328132           0
0.234346 0.234269           0
0.204428 0.207437           0
0.267151 0.267571           1
0.630565 0.630848           1
0.853851 0.845927           1
0.300400 0.300390           1
0.662906 0.662688           1
0.565649 0.564968           1
0.601449 0.601874           1
0.483868 0.484055           1
0.748785 0.748101           1
0.714685 0.714377           1
0.883906 0.868596           1
0.531298 0.531345           1
0.776843 0.776855           1
0.731694 0.731358           0
0.268033 0.268103           1
0.599346 0.598975           0
0.407438 0.407524           1
0.430535 0.430541           0
0.249756 0.240208           0
0.823566 0.820327           1
0.615990 0.615770           0
0.441404 0.441694           0
0.311796 0.311857           0
0.265615 0.265676           0
0.609434 0.609933           0
0.210342 0.210596           0
0.249494 0.249599           1
0.241367 0.241386           0
0.305791 0.305874           0
0.732421 0.732366           1
0.309726 0.309791           1
0.709393 0.708846           1
0.734784 0.733120           1
0.785996 0.785638           1
0.327366 0.327461           1
0.269697 0.269793           0
0.842642 0.837289           1
0.778763 0.778625           0
0.925453 0.893805           1
0.423147 0.423279           0
0.808484 0.805127           1
0.228204 0.228150           0
0.875503 0.862624           1
0.648608 0.647598           0
0.408555 0.409005           0
0.237328 0.237371           0
0.835480 0.829876           0
0.212755 0.212708           0
0.402451 0.403198           0
0.890593 0.873864           1
0.446781 0.446897           1
0.574698 0.574479           0
0.766074 0.765485           0
0.588897 0.589413           0
0.561003 0.562176           0
0.256698 0.256725           0
0.290904 0.290844           0
0.389671 0.389972           0
0.400976 0.400897           0
0.763200 0.762971           1
0.328641 0.328806           1
0.271157 0.271131           0
0.565710 0.565608           1
0.550923 0.550994           0
0.639977 0.640422           0
0.240932 0.241040           0
0.253104 0.253316           0
0.692781 0.692215           1
0.358116 0.359705           1
0.482651 0.482346           1
0.790745 0.790011           0
0.962734 0.910526           1
0.827269 0.824391           1
0.811972 0.808613           1
0.253675 0.253795           1
0.260658 0.260641           0
0.255116 0.255163           0
0.395822 0.396681           0
0.235677 0.235595           0
0.262141 0.262299           1
0.868965 0.859238           1
0.587589 0.943169           1
0.610401 0.610316           1
0.922119 0.893440           1
0.987208 0.918203           1
0.652965 0.652590           1
0.211700 0.205591           0
0.230670 0.224817           0
0.697620 0.696829           1
0.209643 0.209530           0
0.828109 0.825166           1
0.328440 0.328542           0
0.245365 0.245389           0
0.883011 0.868219           1
0.205275 0.203718           0
0.460862 0.461662           0
0.214257 0.214333           0
0.216210 0.216847           0
0.297801 0.298011           0
0.281700 0.282088           0
0.476554 0.476612           0
0.311105 0.311316           1
0.991796 0.919522           1
0.897265 0.878196           1
0.767651 0.767818           1
0.368147 0.368122           0
0.823992 0.841911           1
0.656252 0.656039           1
0.868851 0.858918           1
0.592537 0.592658           0
0.660279 0.659805           1
0.867955 0.857751           1
0.240205 0.240292           0
0.520314 0.933449           0
0.622881 0.622773           0
0.338621 0.338941           0
0.478636 0.480402           1
0.521424 0.521524           1
0.444820 0.443857           0
0.456127 0.456943           1
0.307135 0.307323           1
0.574827 0.575557           0
0.546789 0.548542           0
0.614586 0.614700           1
0.921316 0.891344           1
0.309813 0.309906           0
0.746334 0.746142           1
0.781713 0.781248           1
0.608816 0.609035           1
0.260496 0.260548           0
0.721639 0.721192           1
0.313078 0.313350           0
0.847357 0.842260           1
0.267956 0.267949           0
0.866532 0.856465           1
0.541450 0.541633           1
0.324280 0.324483           0
0.285737 0.285735           0
0.603349 0.603773           1
0.234828 0.234662           0
0.602264 0.601497           1
0.786733 0.785974           1
0.297143 0.297231           0
0.571348 0.570982           0
0.419996 0.420422           0
0.669762 0.669788           1
0.520403 0.520130           1
0.953728 0.907561           1
0.379369 0.379004           0
0.359900 0.359897           0
0.743617 0.743827           1
0.591675 0.591624           0
0.500265 0.500751           0
0.336423 0.336525           0
0.718882 0.718666           0
0.940435 0.901287           1
0.709680 0.709139           1
0.327609 0.327747           0
0.650750 0.650494           1
0.257548 0.257609           0
0.656680 0.656500           1
0.584288 0.585782           1
0.771040 0.771139           1
0.674958 0.674800           0
0.512649 0.512607           0
0.280261 0.280254           0
0.458307 0.457820           1
0.653759 0.653867           1
0.644513 0.644239           1
0.630527 0.630161           1
0.775559 0.775796           1
0.553828 0.555218           1
0.452110 0.452324           0
0.627120 0.626923           1
0.310815 0.311066           0
0.314291 0.314507           1
0.456521 0.457263           1
0.644231 0.644212           1
0.828063 0.824483           0
0.876391 0.863764           1
0.227610 0.227581           0
0.455569 0.455533           1
0.332843 0.332999           0
0.470893 0.470728           1
0.280426 0.280410           1
0.354048 0.353941           0
0.246038 0.246036           0
0.243884 0.244237           0
0.885060 0.870662           1
0.245365 0.245367           1
0.329164 0.329223           1
0.843639 0.838262           1
0.854606 0.846079           1
0.643808 0.643515           1
0.308654 0.308641           1
0.424145 0.424007           1
0.851622 0.843973           1
0.777605 0.777472           1
0.676657 0.676494           0
0.976796 0.924591           1
0.295596 0.295605           0
0.809692 0.806446           1
0.322969 0.322962           0
0.269215 0.269284           0
0.626285 0.626296           0
0.355687 0.355682           1
0.236038 0.236236           0
0.566102 0.566254           1
0.498835 0.499084           0
0.401431 0.401557           0
0.294025 0.294114           1
0.689665 0.689289           1
0.762311 0.761926           1
0.319629 0.319674           0
0.565411 0.565480           0
0.605987 0.605986           1
0.379134 0.379130           0
0.275324 0.275414           0
0.971352 0.913422           1
0.304617 0.304613           0
0.253108 0.253093           0
0.589379 0.589918           1
0.743928 0.743289           1
0.278497 0.278629           0
0.391327 0.390957           0
0.329682 0.329675           0
0.221185 0.221072           0
0.620809 0.619786           0
0.742112 0.741650           0
0.281036 0.281140           0
0.225767 0.225801           0
0.759950 0.759380           0
0.609669 0.609642           1
0.303047 0.303224           0
0.532598 0.936244           1
0.611314 0.611124           1
0.760219 0.759979           1
0.303940 0.303931           1
0.200115 0.201218           0
0.575571 0.575840           0
0.196843 0.208559           0
0.320740 0.320799           0
0.330774 0.330781           0
0.311675 0.311660           0
0.802992 0.800018           1
0.297732 0.297913           0
0.327121 0.327101           1
0.343804 0.343850           0
0.257586 0.257710           0
0.391409 0.392835           1
0.651608 0.651652           0
0.644840 0.644808           1
0.333068 0.333102           0
0.874362 0.861843           1
0.819335 0.816235           1
0.318411 0.318414           0
0.332822 0.332872           1
0.297839 0.297930           0
0.288175 0.288196           0
0.349036 0.349471           1
0.292786 0.292850           0
0.626297 0.626646           1
0.487433 0.487465           1
0.891510 0.874671           1
0.531958 0.531701           1
0.182069 0.189033           0
0.908209 0.885050           1
0.744713 0.744385           1
0.402664 0.403171           1
0.501637 0.501784           1
0.342916 0.343018           1
0.761356 0.761064           0
0.878857 0.866727           1
0.274358 0.274347           0
0.477390 0.477330           1
0.240604 0.240645           1
0.307609 0.307670           1
0.817966 0.814105           1
0.646269 0.647031           1
0.312082 0.312109           0
0.416830 0.417405           0
0.321098 0.321086           0
0.310431 0.310536           1
0.661495 0.661376           1
0.590869 0.591118           0
0.255790 0.255896           0
0.908603 0.885627           1
0.406253 0.406559           0
0.291369 0.291588           0
0.805618 0.802474           1
0.723722 0.722679           1
0.746307 0.746160           0
0.236713 0.224444           0
0.189053 0.197164           0
0.287931 0.287876           0
0.574311 0.573994           0
0.319302 0.319402           0
0.857662 0.849950           1
0.318928 0.318936           1
0.204890 0.207875           0
0.765733 0.765474           1
0.380400 0.380632           0
0.716864 0.716660           1
0.783127 0.782585           1
0.365464 0.365686           0
0.659249 0.659461           0
0.296689 0.296922           0
0.482221 0.482095           1
0.326476 0.326677           0
0.254330 0.254475           0
0.354407 0.355346           1
0.331623 0.331690           1
0.395512 0.395717           1
0.746734 0.746314           1
0.517410 0.517803           1
0.713600 0.712882           0
0.272566 0.272625           0
0.261416 0.261796           0
0.840390 0.834700           1
0.415654 0.415728           1
0.756177 0.756086           1
0.321777 0.321804           0
0.650519 0.650267           1
0.249060 0.249057           0
0.625456 0.625472           0
0.772481 0.771858           1
0.606343 0.606370           1
0.267060 0.267062           0
0.228335 0.228209           0
0.432926 0.433416           0
0.390392 0.390575           0
0.323878 0.323959           0
0.230550 0.230564           0
0.360104 0.360333           0
0.796751 0.793531           1
0.343196 0.343225           0
0.514091 0.514166           1
0.367748 0.367972           0
0.716118 0.715523           0
0.396265 0.395897           0
0.510637 0.510772           0
0.733660 0.732616           0
0.826047 0.823402           1
0.614728 0.615061           0
0.299899 0.299889           0
0.333081 0.333234           0
0.803273 0.799706           0
0.303996 0.303989           0
0.410292 0.410440           0
0.317354 0.317600           0
0.700648 0.699118           1
0.838260 0.832834           1
0.244724 0.238902           0
0.720039 0.720200           1
0.365254 0.365105           0
0.275231 0.275644           1
0.822424 0.819065           1
0.865921 0.871166           1
0.546766 0.546629           0
0.882893 0.867854           1
0.707990 0.707494           1
0.505122 0.505140           1
0.270289 0.270924           0
0.317931 0.317987           0
0.496806 0.496370           0
0.583497 0.584571           1
0.502305 0.502270           0
0.827661 0.824506           0
0.316563 0.316500           0
0.480453 0.480295           0
0.558525 0.558592           1
0.338200 0.338377           0
1.000000 0.928404           1
0.446048 0.446447           0
0.651173 0.650908           0
0.324378 0.324387           0
0.340423 0.340413           0
0.403418 0.403509           1
0.626785 0.626961           0
0.254964 0.255003           0
0.328860 0.328855           1
0.757516 0.757490           1
0.377335 0.377986           0
0.546305 0.545825           0
0.677162 0.676995           0
0.756594 0.756141           0
0.279995 0.279983           0
0.531051 0.530706           1
0.520201 0.940756           1
0.366038 0.366190           0
0.678164 0.677669           1
0.591054 0.591195           0
0.447787 0.448209           0
0.300979 0.301161           0
0.753448 0.752991           1
0.355999 0.356314           0
0.239221 0.239222           1
0.701093 0.699924           1
0.238261 0.238262           0
0.455740 0.456234           1
0.249020 0.249130           0
0.765025 0.764200           1
0.269212 0.269307           0
0.719255 0.718483           0
0.916888 0.889657           1
0.797653 0.794518           0
0.204842 0.207883           0
0.768052 0.768227           1
0.940617 0.901020           1
0.803840 0.800820           1
0.242045 0.242044           0
0.762610 0.762168           1
0.273841 0.273830           0
0.320717 0.320795           0
0.278241 0.278229           1
0.293597 0.294076           0
0.645418 0.645213           0
0.328321 0.328654           1
0.285740 0.285738           0
0.859729 0.851743           0
0.270533 0.270795           1
0.269887 0.269964           1
0.557442 0.557038           1
0.319189 0.319477           0
0.740534 0.740097           1
0.315287 0.315511           0
0.317056 0.317190           0
0.683567 0.683231           1
0.806737 0.803221           1
0.322339 0.322320           0
0.933279 0.898094           1
0.237393 0.228825           0
0.295014 0.295121           0
0.760160 0.759945           0
0.570581 0.571658           0
0.586165 0.586286           0
0.700577 0.701812           0
0.889874 0.872515           1
0.805064 0.801897           0
0.620485 0.620370           1
0.309357 0.309508           1
0.240912 0.236686           0
0.492668 0.492758           1
0.591737 0.592174           1
0.569685 0.569599           1
0.526791 0.527493           1
0.189396 0.190587           0
0.357626 0.358174           1
0.851312 0.843216           1
0.298319 0.298432           1
0.471381 0.471819           0
0.554021 0.554658           1
0.272904 0.273209           0
0.896842 0.877607           1
0.621289 0.621336           1
0.892070 0.891950           1
0.884537 0.869791           1
0.312927 0.313131           0
0.279472 0.279692           0
0.337188 0.337192           1
0.262480 0.262583           0
0.328931 0.329036           0
0.244989 0.244974           1
0.466057 0.466122           0
1.000000 0.964978           1
0.827238 0.824423           1
0.846741 0.842263           1
0.199497 0.203135           0
0.305213 0.305302           0
0.371987 0.371875           1
0.384787 0.385121           0
0.476364 0.476538           1
0.815889 0.812651           1
0.925743 0.894614           1
0.971399 0.913512           1
0.677931 0.677676           1
0.358562 0.359127           0
0.336720 0.336861           0
0.516139 0.515200           1
0.438337 0.438842           1
0.427315 0.427819           0
0.261516 0.261618           0
0.365006 0.364926           1
0.304001 0.304013           1
0.397442 0.397937           1
0.510007 0.510159           0
0.867044 0.856809           1
0.619749 0.619810           1
0.295503 0.295592           1
0.547053 0.949268           1
0.568884 0.568855           0
0.814387 0.811171           0
0.308461 0.308561           1
0.262770 0.262889           0
0.235823 0.235706           0
0.621265 0.621948           1
0.219427 0.219316           0
0.898063 0.879325           1
0.294887 0.294952           0
0.350618 0.350603           0
0.274281 0.274336           0
0.342881 0.342945           0
0.482744 0.483382           1
0.810465 0.807326           1
0.224062 0.211991           0
0.753174 0.753174           0
0.390227 0.390852           1
0.285132 0.285359           0
0.353004 0.353021           1
0.908095 0.885387           0
0.560845 0.561353           0
0.907534 0.884411           1
0.335573 0.335592           0
0.979492 0.916050           1
0.257493 0.257704           0
0.275240 0.275357           0
0.701122 0.700854           0
0.365057 0.365206           1
0.563467 0.563928           0
0.720252 0.719755           0
0.595020 0.595007           1
0.200514 0.202154           0
0.878072 0.866000           1
0.268822 0.268948           1
0.821914 0.818901           1
0.398665 0.398986           0
0.739155 0.738452           1
0.224986 0.224851           0
0.432841 0.432883           1
0.269654 0.269644           0
0.883602 0.868127           1
0.424014 0.424268           1
0.305880 0.305975           0
0.323068 0.323026           0
0.603149 0.603541           1
0.776100 0.775907           1
0.296515 0.296563           1
0.484601 0.484857           0
0.586914 0.586881           0
0.439129 0.438926           0
0.824333 0.821728           1
0.690878 0.690671           0
0.503851 0.504075           0
0.614168 0.613995           1
0.884773 0.870175           1
0.181366 0.190204           0
0.274160 0.274378           0
0.613585 0.612813           1
0.772277 0.771961           1
0.253538 0.253800           0
0.241288 0.242034           0
0.360343 0.360332           1
0.773657 0.772685           1
0.301471 0.302092           1
0.578654 0.578812           1
0.897406 0.878662           1
0.355519 0.355611           1
0.816094 0.813231           1
0.250888 0.250887           0
0.301887 0.301983           0
0.396611 0.396876           0
0.435183 0.435633           0
0.777639 0.777351           1
0.675150 0.676208           0
0.281639 0.281843           0
0.547113 0.944251           1
0.274634 0.274635           0
0.282608 0.282632           0
0.285455 0.285641           0
0.652469 0.652558           1
0.341216 0.341210           0
0.308309 0.308492           0
0.755559 0.755498           1
0.668571 0.668431           1
0.229290 0.229131           0
0.858376 0.850846           0
0.358439 0.359010           1
0.748994 0.748912           0
0.268778 0.268759           0
0.240989 0.241903           0
0.913266 0.901855           1
0.324668 0.324970           0
0.981959 0.929405           1
0.233505 0.233581           0
0.555665 0.556625           0
0.304249 0.304390           1
1.000000 0.929990           1
0.895703 0.876539           1
0.684768 0.684771           1
0.321920 0.322000           0
0.456197 0.456006           1
0.342636 0.342628           0
0.269111 0.269700           1
0.343843 0.343906           1
0.335188 0.335232           0
0.224124 0.224138           0
0.795889 0.792418           1
0.276287 0.276430           0
0.355143 0.355555           1
0.926100 0.895469           1
0.397541 0.398420           1
0.775780 0.775553           1
0.841621 0.835993           0
0.668295 0.668073           0
0.728155 0.727707           0
0.929559 0.896494           1
0.273405 0.273538           0
0.534976 0.535000           0
0.813335 0.810108           1
0.610774 0.610930           1
0.492457 0.492503           1
0.816023 0.813315           1
0.303476 0.303655           0
0.891726 0.875067           1
0.261789 0.262014           1
0.452761 0.453716           1
0.471409 0.471189           0
0.420829 0.421270           0
0.582483 0.582503           0
0.656885 0.656417           1
0.426228 0.425902           0
0.885594 0.871161           1
0.485167 0.484636           1
0.338318 0.338224           0
0.641805 0.951869           1
0.587090 0.586749           0
0.239449 0.239474           0
0.197757 0.199456           0
0.568294 0.568203           0
0.874266 0.861143           1
0.461970 0.462872           1
0.306255 0.306262           1
0.231364 0.231294           0
0.343263 0.343464           0
0.413180 0.413482           0
0.359729 0.359740           0
0.359349 0.359273           0
0.261095 0.261139           0
0.552213 0.554082           0
0.248100 0.248208           0
0.488829 0.489394           1
0.469529 0.469864           0
0.795276 0.791780           1
0.459126 0.459078           0
0.508363 0.509029           0
0.568919 0.568801           0
0.254426 0.254425           0
0.866062 0.855583           1
0.344864 0.345160           1
0.298348 0.298422           1
0.698400 0.699107           0
0.504702 0.504783           0
0.242990 0.243134           0
0.752665 0.752463           1
0.929400 0.895617           1
0.822290 0.819394           0
0.252742 0.252722           0
0.220258 0.220127           0
0.467342 0.467521           1
0.826957 0.823714           0
0.265304 0.265423           0
0.238596 0.238655           0
0.260921 0.260865           0
0.700314 0.701672           0
0.714620 0.714746           1
0.275140 0.275128           1
0.807614 0.804325           1
0.304562 0.304626           1
0.943970 0.902863           1
0.319136 0.319231           1
0.273085 0.273095           1
0.279156 0.279153           0
0.912670 0.887151           0
0.956753 0.909303           1
0.344706 0.344734           0
0.223798 0.220271           0
0.539057 0.538953           1
0.444134 0.445147           0
0.340955 0.341127           0
0.720788 0.720619           0
0.270694 0.270906           0
0.737462 0.736921           1
0.229908 0.225247           1
0.885623 0.871278           1
0.296786 0.296836           0
0.303785 0.303895           0
0.311857 0.311757           1
0.716909 0.716772           0
0.676278 0.675901           0
0.457399 0.457218           0
0.337172 0.337377           1
0.392269 0.392540           1
0.272123 0.272836           0
0.657425 0.657418           0
0.913323 0.888692           1
0.197839 0.200410           0
0.368196 0.368150           1
0.511529 0.511274           1
0.699228 0.698827           0
0.279173 0.279405           0
0.618905 0.618556           1
0.280194 0.280303           0
0.451794 0.451923           1
0.625881 0.626530           0
0.672850 0.672873           0
0.702833 0.702784           0
0.306280 0.306362           1
0.907634 0.884335           1
0.732355 0.731596           1
0.524709 0.525320           0
0.550520 0.938754           1
0.744469 0.743868           1
0.350214 0.350233           0
0.340258 0.340392           1
0.265193 0.265381           0
0.505094 0.504867           1
0.763505 0.763577           1
0.239883 0.240216           0
0.321070 0.321137           0
0.657330 0.656827           1
0.764065 0.763519           0
0.864815 0.854550           1
0.315235 0.315327           1
0.688562 0.688223           1
0.332779 0.332820           0
0.907230 0.900481           1
0.268734 0.268854           0
0.624970 0.625120           1
0.331248 0.331120           1
0.575215 0.575247           1
0.563439 0.563628           0
0.591130 0.591226           1
0.287556 0.287843           0
0.722108 0.721661           1
0.269530 0.269491           0
0.429853 0.430282           1
0.236424 0.236605           0
0.273838 0.273834           0
0.495773 0.496723           0
0.268555 0.259330           1
0.878323 0.866237           1
0.314189 0.314594           0
0.257829 0.257917           0
0.273240 0.273231           0
0.310703 0.310693           0
0.228299 0.216033           0
0.607146 0.606642           1
0.606726 0.606653           1
0.468515 0.468835           0
0.253008 0.253078           0
0.338368 0.338429           1
0.417312 0.417571           0
0.600741 0.600815           0
0.416690 0.416697           0
0.290340 0.290557           0
0.832027 0.826022           1
0.277187 0.277304           0
0.357894 0.357883           1
0.776886 0.776488           1
0.907228 0.883955           0
0.299775 0.299865           0
0.425470 0.425445           0
0.411663 0.412295           1
0.680013 0.679991           1
0.626882 0.626918           1
0.578101 0.578346           0
0.659302 0.659659           1
0.660776 0.660874           0
0.254512 0.254905           0
0.234240 0.234175           0
0.263807 0.263854           0
0.665425 0.665556           1
0.754941 0.754559           1
0.295608 0.296196           0
0.281576 0.281639           0
0.682449 0.682537           1
0.569901 0.570167           1
0.604113 0.604339           1
1.000000 0.926477           1
0.643655 0.644066           0
0.850974 0.842317           1
0.283516 0.283764           0
0.291470 0.291549           1
0.329276 0.329725           0
0.714723 0.714680           1
0.912220 0.900081           1
0.248903 0.248933           0
0.352395 0.352455           0
0.815583 0.812376           1
0.319809 0.319811           0
0.579504 0.579757           0
0.293696 0.293766           0
0.701795 0.701620           1
0.781305 0.781036           0
0.355737 0.355549           0
0.714322 0.714711           0
0.319339 0.319405           1
0.284570 0.284573           0
0.226584 0.226680           0
0.604426 0.604266           1
0.613925 0.614488           0
0.530499 0.531523           1
0.300049 0.300254           0
0.201967 0.205640           0
0.269158 0.269138           1
0.243676 0.243684           0
0.281106 0.281099           0
0.304692 0.304765           0
0.695715 0.695235           1
0.266776 0.266887           1
0.704704 0.704169           0
0.299403 0.299465           1
0.616535 0.616863           1
0.737661 0.737083           0
0.240568 0.240607           0
0.385811 0.385754           0
0.500061 0.500021           0
0.275356 0.275338           1
0.950614 0.905604           1
0.680560 0.679849           1
0.271754 0.271792           0
0.508883 0.509413           0
0.256369 0.238047           0
0.525787 0.526763           1
0.322183 0.322161           0
0.283822 0.284096           0
0.211916 0.205660           0
0.827347 0.824028           0
0.675601 0.675258           1
0.692145 0.692155           0
0.736729 0.736145           1
0.708092 0.707534           1
0.509008 0.509174           1
0.921994 0.892850           1
0.749224 0.748563           1
0.298482 0.298736           0
0.551784 0.551482           0
0.813894 0.811054           1
0.402778 0.402851           0
0.415101 0.415726           0
0.273130 0.273129           0
0.498647 0.498849           0
0.494893 0.495815           1
0.340342 0.340467           1
0.263865 0.263878           0
0.883131 0.868335           1
0.349530 0.349696           1
0.224189 0.224442           0
0.268118 0.268247           0
0.555608 0.554283           0
0.599124 0.599283           0
0.298393 0.298390           0
0.237012 0.221031           0
0.395865 0.396037           0
0.400707 0.402139           1
0.908437 0.885711           1
0.640328 0.639949           1
0.601602 0.946372           1
0.979645 0.915891           1
0.442399 0.442556           1
0.680637 0.680213           1
0.326147 0.326214           0
0.670973 0.670705           1
0.327681 0.327766           0
0.625322 0.625840           1
0.478155 0.479233           1
0.203443 0.206869           0
0.232418 0.232356           0
0.773901 0.773424           1
0.868860 0.858659           1
0.308596 0.308787           0
0.212557 0.212557           0
0.400431 0.400614           0
0.330525 0.330682           0
0.262456 0.262447           0
0.305119 0.305097           1
0.577832 0.577935           1
0.256182 0.256322           0
0.224306 0.224179           0
0.558707 0.558931           1
0.599816 0.599755           1
0.536440 0.536307           1
0.698574 0.698374           0
0.319643 0.319781           1
0.283875 0.283858           0
0.235127 0.235264           0
0.268915 0.268908           1
0.842628 0.838241           0
0.483986 0.483824           1
0.626097 0.626165           1
0.593161 0.592969           1
0.885264 0.870299           1
0.523502 0.523007           0
0.245926 0.246103           1
0.422023 0.422443           0
0.240771 0.241100           0
0.789897 0.789989           0
0.510843 0.510190           0
0.898396 0.879877           1
0.598955 0.957914           1
0.563399 0.564554           1
0.319554 0.319606           1
0.947377 0.904406           0
0.863608 0.853016           1
0.283109 0.283180           0
0.307137 0.307300           0
0.608968 0.608368           1
0.639370 0.639512           1
0.486540 0.487034           1
0.220615 0.220493           0
0.647124 0.647206           1
0.627426 0.627215           1
0.580738 0.580416           0
0.549687 0.550159           1
0.307460 0.307581           0
0.290962 0.291068           1
0.642396 0.642382           1
0.328177 0.328383           0
0.812903 0.808990           1
0.283299 0.283412           0
0.790123 0.790210           1
0.286750 0.286926           0
0.827876 0.825045           1
0.311672 0.311885           0
0.818415 0.815011           0
0.314350 0.314757           1
0.592774 0.592929           1
0.228749 0.228596           0
0.491246 0.491364           0
0.303937 0.303938           0
0.275006 0.275212           0
0.531399 0.531217           1
0.427837 0.428238           0
0.855145 0.846847           1
0.238649 0.234857           0
0.219635 0.219635           0
0.499975 0.499319           0
0.754437 0.753683           1
0.337947 0.338098           0
0.623275 0.622766           0
0.764620 0.764725           1
0.345170 0.345459           0
0.364627 0.365137           0
0.306284 0.306354           1
0.637178 0.637216           0
0.761860 0.761517           0
0.593422 0.593890           0
0.310928 0.311038           1
0.547184 0.938525           1
0.426990 0.426935           1
0.376100 0.375771           0
0.336556 0.336555           1
0.242388 0.242515           0
0.377795 0.377998           0
0.345927 0.345946           0
0.726566 0.726397           0
0.846190 0.841024           1
0.195661 0.199383           0
0.304489 0.304626           1
0.223609 0.223682           0
0.416529 0.416571           0
0.441373 0.441123           0
0.320361 0.320526           0
0.772755 0.796773           1
0.239949 0.239965           1
0.276738 0.276966           1
0.329063 0.329043           0
0.753764 0.753496           0
0.667623 0.667464           0
0.296777 0.297005           0
0.794959 0.791728           1
0.807403 0.805046           1
0.519729 0.519615           0
0.320117 0.320176           1
0.329899 0.329981           1
0.512898 0.512677           0
0.382442 0.383311           1
0.318962 0.319052           0
0.298166 0.298264           0
0.211939 0.211909           0
0.266898 0.266774           0
0.210598 0.202963           0
0.679958 0.679814           1
0.762102 0.761467           1
0.209178 0.209387           0
0.596672 0.596819           1
0.636591 0.636498           1
0.289325 0.289403           0
0.438875 0.438739           0
0.630828 0.632502           1
0.622222 0.622303           1
0.638193 0.638378           1
0.366963 0.367130           0
0.232533 0.232458           1
0.427560 0.428180           1
0.602260 0.601868           1
0.378781 0.379477           0
0.341867 0.341928           1
0.184156 0.192273           0
0.644857 0.644926           0
0.858855 0.851330           1
0.530472 0.529601           0
1.000000 0.931975           0
0.281380 0.281359           0
0.827903 0.825686           1
0.569006 0.568753           0
0.259264 0.259518           0
0.282067 0.282233           0
0.907330 0.883995           1
0.515170 0.515404           0
0.288616 0.288580           0
0.391084 0.392950           0
0.446067 0.446640           1
0.312459 0.312569           0
0.594306 0.594113           1
0.292776 0.292783           1
0.290964 0.291076           0
0.901939 0.879897           1
0.271498 0.271490           1
0.660799 0.660448           1
0.273988 0.274083           0
0.343436 0.343534           1
0.350537 0.350296           0
0.264869 0.264853           0
0.269889 0.270009           0
0.347367 0.347370           0
0.695317 0.694738           0
0.240109 0.240116           0
0.297118 0.297327           1
0.675139 0.674338           0
0.286901 0.286901           0
0.272498 0.272503           0
0.821635 0.818745           1
0.208930 0.204011           0
0.982138 0.916949           1
0.237579 0.237630           0
0.503150 0.504008           0
0.292133 0.292126           1
0.628061 0.628455           0
0.883340 0.868409           1
0.243686 0.243960           0
0.239411 0.239423           0
0.442802 0.443039           0
0.228019 0.227989           0
0.806644 0.803664           1
0.267349 0.267340           0
0.532231 0.532221           1
0.789585 0.789430           0
0.828031 0.824802           0
0.723778 0.723031           1
0.766084 0.765912           0
0.320247 0.320227           1
0.314770 0.315202           0
0.277848 0.277957           1
0.295982 0.295972           1
0.515311 0.932535           1
0.543578 0.543061           0
0.332876 0.332953           0
0.302233 0.302354           0
0.628477 0.628426           1
0.494417 0.494565           1
0.295451 0.295538           0
0.226362 0.226223           0
0.232301 0.232549           0
0.797792 0.794152           1
0.301058 0.301086           1
0.257236 0.257540           0
0.347374 0.348046           0
0.538648 0.539214           0
0.265016 0.265310           1
0.846397 0.841342           0
0.254443 0.254437           0
0.662780 0.662654           0
0.718144 0.741993           0
0.709190 0.709204           1
0.866007 0.854988           0
0.898063 0.877641           1
0.520036 0.934079           1
0.651340 0.652195           0
0.512116 0.514421           1
0.321055 0.321252           0
0.742397 0.742194           1
0.651220 0.650683           1
0.555130 0.555460           1
0.345096 0.345351           0
0.584999 0.585288           1
0.219970 0.219951           0
0.844981 0.839422           1
0.782139 0.781907           0
0.259701 0.260112           1
0.943952 0.902756           1
0.297212 0.297202           1
0.297974 0.298007           0
0.605443 0.605114           0
0.812330 0.808838           1
0.317074 0.317540           0
0.588010 0.587806           1
0.767735 0.767046           1
0.477400 0.477457           0
0.925330 0.893173           1
0.659636 0.659209           0
0.269474 0.269850           0
0.297177 0.297239           0
0.413070 0.413449           0
0.343364 0.343500           0
0.351099 0.351253           0
0.624343 0.624390           1
0.345004 0.344998           1
0.461380 0.461998           0
0.552389 0.553247           1
0.683070 0.684082           1
0.554180 0.553883           1
0.346499 0.346623           1
0.522545 0.523187           1
0.409676 0.409983           0
0.292659 0.292675           0
0.706096 0.705909           1
0.609191 0.609532           1
0.392589 0.392861           0
0.884475 0.870036           0
0.763195 0.762759           0
0.874931 0.862157           1
0.588991 0.588955           0
0.265722 0.265867           0
0.195104 0.205700           0
0.608932 0.608995           0
0.361080 0.362037           1
0.236157 0.236002           1
0.806854 0.803909           1
0.638957 0.639204           0
0.465682 0.465763           1
0.242298 0.242293           0
0.403021 0.403413           1
0.485015 0.485418           0
0.663152 0.663340           1
0.375953 0.375940           1
0.718026 0.717247           1
0.349277 0.349856           0
0.307500 0.307485           1
0.736671 0.736624           1
0.312217 0.312212           0
0.515232 0.516225           1
0.428565 0.428419           0
0.649884 0.649964           1
0.225214 0.222750           0
0.741566 0.741188           0
0.506191 0.506913           1
0.303570 0.303607           0
1.000000 0.955769           1
0.288736 0.288764           0
0.725821 0.725378           1
0.197718 0.200990           0
0.349872 0.349923           0
0.620723 0.620635           1
0.751933 0.751644           1
0.917338 0.890046           1
0.403206 0.403280           1
0.272555 0.272668           0
0.336216 0.336398           0
0.959728 0.909655           1
0.582929 0.583933           0
0.820078 0.817042           1
0.238593 0.226675           0
0.841485 0.835725           1
0.916932 0.889606           1
0.619078 0.619531           1
0.222079 0.220657           0
0.286532 0.286576           0
0.362460 0.362670           0
0.262314 0.262304           0
0.851891 0.843137           1
0.853052 0.845316           1
0.808994 0.805915           1
0.694220 0.694262           1
0.392499 0.393153           1
0.559404 0.561410           1
0.451129 0.451236           1
0.232081 0.232045           0
0.547421 0.546250           0
0.785042 0.785287           1
0.917196 0.890074           1
0.274763 0.274760           1
0.326361 0.326355           0
0.265394 0.265523           0
0.263177 0.263244           0
0.473509 0.474069           1
0.442094 0.442726           1
0.790525 0.789978           1
0.536778 0.537000           0
0.315860 0.315925           0
0.272942 0.272938           0
0.209992 0.204171           0
0.495466 0.497445           1
0.643963 0.640633           1
0.773142 0.773802           1
0.342762 0.343136           0
0.897845 0.879017           1
0.614998 0.615177           1
0.661904 0.661195           1
1.000000 0.923823           1
0.297337 0.297519           0
0.754213 0.753085           0
0.301506 0.301581           1
0.365705 0.366457           0
0.250591 0.250593           0
0.504576 0.504822           0
0.387035 0.387342           1
0.696156 0.695530           1
0.332196 0.332536           1
0.474230 0.474289           1
0.219673 0.215373           0
0.305953 0.306034           1
0.662458 0.661835           1
0.889488 0.872362           1
0.435173 0.434702           0
0.230592 0.225656           0
0.245433 0.245426           0
0.876028 0.863312           0
0.389664 0.390524           0
0.287628 0.287742           0
0.249191 0.249318           0
0.471069 0.471339           0
0.381711 0.381692           0
0.454610 0.455689           0
0.266329 0.266583           0
0.213091 0.213204           0
0.252891 0.252911           0
0.409058 0.409331           1
0.301717 0.301981           0
0.528565 0.528435           1
0.410861 0.410225           0
0.235466 0.235296           0
0.288472 0.288556           0
0.284479 0.284668           0
0.337093 0.337025           1
0.418156 0.418504           1
0.839930 0.834415           1
0.719756 0.719658           1
0.334107 0.334150           0
0.577766 0.578351           1
0.278407 0.278478           0
0.662618 0.662964           1
0.600800 0.600912           0
0.728121 0.727646           1
0.452518 0.452877           0
0.313965 0.314011           0
0.340311 0.340374           0
0.457292 0.456626           1
0.284911 0.285039           1
0.364547 0.364337           0
0.450574 0.450969           0
0.314869 0.315040           0
0.751235 0.751320           0
0.630341 0.630286           0
0.971057 0.913946           1
0.307709 0.307960           1
0.328622 0.328691           0
0.852385 0.844379           1
0.352274 0.352925           1
0.820603 0.817809           1
0.535563 0.536405           1
0.281090 0.281208           0
0.635260 0.670841           1
0.596138 0.598478           1
0.373027 0.372644           0
0.937059 0.899979           1
0.780505 0.779707           1
0.547069 0.546698           1
0.376060 0.376083           0
0.476660 0.476768           1
0.778135 0.777081           1
0.590713 0.590654           1
0.844148 0.838759           0
0.889507 0.872326           1
0.925663 0.892091           1
0.263077 0.263184           0
0.340530 0.340587           0
0.324037 0.324071           1
0.825067 0.822212           1
0.239572 0.239574           0
0.329276 0.329349           1
0.527324 0.527370           0
0.748119 0.747107           1
0.759539 0.758663           1
0.223766 0.223651           0
0.648416 0.649171           1
0.728447 0.728394           1
0.350759 0.350825           1
0.289478 0.289473           0
0.799711 0.795762           0
0.312724 0.312939           1
0.868106 0.858132           1
0.523172 0.523960           0
0.254806 0.254795           0
0.956863 0.917596           1
0.591313 0.591156           1
0.733056 0.733330           1
0.661370 0.661130           1
0.356138 0.356050           0
0.790217 0.789905           1
0.290339 0.290408           1
0.585587 0.585455           1
0.809323 0.806122           1
0.409692 0.410096           0
0.746701 0.746817           1
0.837940 0.832170           1
0.496274 0.496651           1
0.332165 0.332105           0
0.630354 0.630449           1
0.326514 0.326894           1
0.318574 0.318756           0
0.720962 0.720972           1
0.257422 0.257853           1
0.192929 0.200758           0
0.324041 0.323943           1
0.278844 0.278925           0
0.554632 0.554482           1
0.460861 0.460536           1
0.285329 0.285355           0
0.590689 0.590643           1
0.976372 0.929001           1
0.705271 0.706396           1
0.816208 0.813310           1
0.230421 0.230440           0
0.226672 0.226988           0
0.265862 0.265924           0
0.245634 0.245735           0
0.702359 0.702444           1
0.621271 0.620583           1
0.409820 0.410112           0
0.633711 0.633663           1
0.500733 0.500776           1
0.291788 0.291787           1
0.256210 0.256243           0
0.515779 0.515743           1
0.317739 0.317886           0
0.706972 0.706392           1
0.723593 0.723396           0
0.244175 0.232882           0
0.568586 0.569070           1
0.332235 0.332406           1
0.766644 0.766120           1
0.283453 0.283543           1
0.845750 0.840433           1
0.245403 0.245444           0
0.428095 0.428298           1
0.717499 0.717355           1
0.599599 0.600147           1
0.717863 0.719919           1
0.725777 0.725076           1
0.200278 0.201184           0
0.612006 0.940367           1
0.227770 0.227727           0
0.526775 0.526834           1
0.202945 0.200981           0
0.236681 0.236520           0
0.664386 0.664042           0
0.956861 0.908220           1
0.616541 0.616719           1
0.490216 0.491252           1
0.233566 0.233492           0
0.818845 0.815366           1
0.734019 0.733524           1
0.228830 0.228696           0
0.575269 0.575523           0
0.221196 0.214672           0
0.731626 0.731004           1
0.444006 0.443992           0
0.714145 0.713337           1
0.211154 0.211389           0
0.377812 0.377928           0
0.301919 0.301918           0
0.443983 0.444396           1
0.678714 0.678108           1
0.771942 0.772043           1
0.764647 0.764365           1
0.279336 0.279438           0
0.684855 0.684724           1
0.284648 0.278214           1
0.315024 0.315039           0
0.301641 0.301896           1
0.596863 0.596656           1
0.631898 0.631679           0
0.854242 0.845773           0
0.212087 0.212024           1
0.454956 0.455477           0
0.372517 0.373985           0
0.625221 0.625712           1
0.226311 0.226165           0
0.421047 0.421060           0
0.781748 0.781379           1
0.596081 0.596152           0
0.453097 0.453398           0
0.296477 0.296744           0
0.649287 0.649387           1
0.326597 0.326748           0
0.482523 0.482132           1
0.269868 0.270162           0
0.929889 0.896802           1
0.593748 0.593272           0
0.340810 0.340901           1
0.278946 0.279044           1
0.224335 0.224231           0
0.224938 0.214596           0
0.298384 0.298572           0
0.254241 0.254376           0
0.289876 0.289853           0
0.261344 0.261555           0
0.873926 0.860736           1
0.822196 0.819176           1
0.190930 0.193778           0
0.218432 0.218480           0
0.438332 0.438341           0
0.584302 0.583408           1
0.349613 0.349674           0
0.408707 0.409216           0
0.307884 0.307936           0
0.742501 0.742233           0
0.383374 0.383530           0
0.270977 0.271132           1
0.230767 0.230657           0
0.381007 0.382400           0
0.454761 0.455086           1
0.276925 0.276961           0
0.540336 0.542158           1
0.368667 0.368662           0
0.354040 0.354065           1
0.602814 0.602621           1
0.364195 0.364723           0
0.925575 0.894374           1
0.344355 0.344444           1
0.742383 0.742155           1
0.420888 0.421188           0
0.925984 0.895465           1
0.329341 0.329412           1
0.243754 0.243815           0
0.845592 0.840112           1
0.275864 0.275866           1
0.224904 0.222928           0
0.403764 0.405739           1
0.331620 0.331613           0
0.869873 0.859953           1
0.438542 0.438778           0
0.362015 0.362826           0
0.228827 0.229953           0
0.854577 0.846074           1
0.576760 0.577042           1
0.679313 0.679413           1
0.307500 0.307486           0
0.824734 0.822207           1
0.248624 0.248691           0
0.327652 0.327713           0
0.226042 0.225901           1
0.890126 0.873214           1
0.301759 0.301900           0
0.485533 0.487743           0
0.727042 0.726551           1
0.421903 0.422239           0
0.425077 0.425295           0
0.696453 0.695648           0
0.550442 0.951489           1
0.379467 0.379254           1
0.776106 0.774926           1
0.315048 0.315075           0
0.982088 0.916899           1
0.453207 0.453525           1
0.750456 0.750063           0
0.956928 0.908300           1
0.720125 0.719840           0
0.338238 0.338285           1
0.732422 0.731636           0
0.869216 0.859369           1
0.619772 0.619544           1
0.340954 0.341011           1
0.366906 0.367031           0
0.801182 0.797828           1
0.281555 0.281550           1
0.484902 0.484110           1
0.601024 0.600804           1
0.184179 0.191462           0
0.342408 0.342399           0
0.251070 0.251069           0
0.640447 0.640545           0
0.439929 0.439935           1
0.500983 0.501080           0
0.725681 0.725940           0
0.601385 0.601449           1
0.907250 0.884237           1
0.875657 0.862902           1
0.591773 0.591651           0
0.735648 0.736116           1
0.334222 0.334396           1
0.446861 0.447006           0
0.971154 0.913149           1
0.917078 0.889788           1
0.322867 0.322865           1
0.548623 0.548737           0
0.267516 0.267739           1
0.865044 0.854323           0
0.464276 0.464485           0
0.479251 0.479323           1
0.543737 0.944443           1
0.516204 0.933305           1
0.328887 0.328978           1
0.249117 0.249221           0
0.750816 0.750678           0
0.639046 0.638422           1
0.560738 0.563250           1
0.314309 0.314724           1
0.482393 0.482543           1
0.658394 0.658578           1
0.813042 0.809559           1
0.283603 0.283728           1
0.338356 0.338498           0
0.482523 0.482116           1
0.671193 0.671647           1
0.605004 0.604937           1
0.321245 0.321429           0
0.452997 0.453288           1
0.260611 0.260941           0
0.216823 0.216717           0
0.234450 0.234466           0
0.573174 0.573209           1
0.387936 0.389932           0
0.477182 0.477508           1
0.610358 0.610439           1
0.310796 0.310744           0
0.840669 0.835143           1
0.369828 0.370376           1
0.494284 0.496952           1
0.401121 0.401173           0
0.584433 0.583884           0
0.877400 0.865022           0
0.665952 0.665772           0
0.632816 0.632065           1
0.256490 0.251316           0
0.331633 0.331728           0
0.962726 0.910570           1
0.697437 0.697387           1
0.288494 0.288681           0
0.642106 0.642400           1
0.344248 0.344455           1
0.429092 0.429169           1
0.330169 0.330240           1
0.214204 0.209025           0
0.987027 0.918851           1
0.302704 0.302737           0
0.339533 0.339136           0
0.514464 0.515550           1
0.671784 0.672478           0
0.316741 0.316819           1
0.509344 0.509616           0
0.337324 0.337423           1
0.329238 0.329072           0
0.603684 0.604632           0
0.201393 0.213133           0
0.692070 0.691752           1
0.724661 0.724538           0
0.382867 0.383672           1
0.225151 0.225025           0
0.396419 0.396619           0
0.483746 0.484277           0
0.333081 0.333134           0
0.411287 0.411879           0
0.468768 0.469890           0
0.253906 0.254493           0
0.891048 0.874138           1
0.322307 0.322314           0
0.341338 0.341521           1
0.776779 0.776621           1
0.327839 0.327913           0
0.602604 0.604016           0
0.855275 0.847253           0
0.795875 0.792627           0
0.369477 0.369964           0
0.688778 0.687760           0
0.486107 0.487337           1
0.201520 0.204573           0
0.717725 0.717023           0
0.210639 0.211366           0
0.430569 0.431042           0
0.246184 0.246296           0
0.224209 0.224287           0
0.341086 0.341218           1
0.398205 0.398774           0
0.441195 0.442896           0
0.460967 0.461235           0
0.314936 0.315745           0
0.210574 0.210563           0
0.350161 0.350343           0
0.628697 0.627972           1
0.375188 0.375222           0
0.868576 0.857753           1
0.329323 0.329504           1
0.885987 0.871587           1
0.496546 0.496580           0
0.281941 0.281942           0
0.615138 0.615060           0
0.250248 0.250262           0
0.504881 0.505529           1
0.536735 0.536945           0
0.212682 0.212645           0
0.842972 0.837171           1
0.595167 0.595123           0
0.662335 0.662536           0
0.597753 0.599136           1
0.768721 0.768558           0
0.674307 0.673708           1
0.291591 0.291677           0
0.864125 0.853669           1
0.338989 0.339012           0
0.627535 0.627424           1
0.387390 0.387554           0
0.644455 0.644146           1
0.281650 0.281631           1
0.827276 0.824744           0
0.642535 0.641617           1
0.218318 0.218225           0
0.599672 0.599502           1
0.814660 0.812039           0
0.912491 0.887240           1
0.711836 0.712190           0
0.477094 0.477126           0
0.566268 0.565874           1
0.396162 0.396372           0
0.467132 0.467464           1
0.683343 0.683015           1
0.334187 0.334177           1
0.698551 0.697931           1
0.280573 0.280674           0
0.333939 0.334341           0
0.394023 0.394685           0
0.770090 0.769665           1
0.441667 0.442827           1
0.730620 0.730511           0
0.443614 0.443663           1
0.267451 0.267696           0
0.780827 0.780309           1
0.270487 0.270831           0
0.448060 0.448122           1
0.281362 0.281592           1
0.342055 0.342198           1
0.903069 0.882199           1
0.773298 0.772942           1
0.726659 0.726327           0
0.418802 0.419210           1
0.614085 0.614206           1
0.345195 0.345253           0
0.755572 0.754993           1
0.269005 0.269095           0
0.477833 0.478495           1
0.247038 0.247036           0
0.384300 0.384407           1
0.238281 0.238457           0
0.333266 0.333303           0
0.443896 0.444021           1
0.317983 0.318506           1
0.762140 0.761776           1
0.850805 0.842772           1
0.241804 0.241816           0
0.510905 0.511041           0
0.627271 0.626962           1
0.209015 0.209005           0
0.233103 0.229164           0
0.284398 0.284495           0
0.345326 0.345387           0
0.807282 0.804366           1
0.921050 0.891556           1
0.294970 0.295098           0
0.347617 0.347609           0
0.725213 0.724116           1
0.912763 0.887512           1
0.908542 0.883927           1
0.701619 0.701656           1
0.802974 0.827021           1
0.901679 0.880195           0
0.342392 0.342486           1
0.775064 0.774770           1
0.851687 0.843533           1
0.719925 0.719546           0
0.229626 0.217205           0
0.466497 0.466649           0
0.281114 0.281229           0
0.279576 0.279666           0
0.860042 0.852136           0
0.496298 0.496338           0
0.700100 0.699377           1
0.442326 0.442520           0
0.456952 0.456999           1
0.624326 0.624178           0
0.937207 0.900637           1
0.759376 0.758946           1
0.685180 0.684908           1
0.215932 0.216042           0
0.324601 0.324628           0
0.439428 0.439807           1
0.344621 0.344730           0
0.211516 0.211530           0
0.349261 0.350063           0
0.577763 0.578007           0
0.968543 0.912925           1
0.372230 0.372648           0
0.678328 0.677943           0
0.362161 0.363254           0
0.345637 0.345685           0
0.416346 0.417599           1
0.267292 0.267275           0
0.766549 0.767123           1
0.364381 0.364425           0
0.864314 0.853762           1
0.472822 0.473112           1
0.774941 0.774542           1
0.297006 0.296991           0
0.425370 0.425777           1
0.375756 0.376039           0
0.730818 0.730608           0
0.281927 0.281926           0
0.819687 0.816778           1
0.228260 0.228185           0
0.295654 0.295675           0
0.836631 0.830179           0
0.304189 0.304042           0
0.224226 0.224237           0
0.321482 0.321706           1
0.331600 0.331854           1
0.214848 0.212649           0
0.658866 0.658908           1
0.902141 0.880943           1
0.315882 0.315780           0
0.316452 0.316442           0
0.195244 0.205031           0
0.733866 0.733170           1
0.685512 0.685819           1
0.609085 0.609578           1
0.239907 0.239912           1
0.292172 0.292313           0
0.322751 0.322785           0
0.326319 0.326475           0
0.735160 0.734918           1
0.604664 0.604708           1
0.664938 0.664609           1
0.301076 0.301118           1
0.305656 0.305702           0
0.275878 0.275920           0
0.655875 0.655799           1
0.608781 0.608806           1
0.679823 0.680494           1
0.338621 0.338941           0
0.231134 0.217468           0
0.479005 0.478875           1
0.326379 0.326474           0
0.610410 0.610300           1
0.854909 0.846571           1
0.503631 0.502543           0
0.787961 0.787130           0
0.318962 0.319052           0
0.937324 0.900723           1
0.845124 0.839594           1
0.649671 0.649548           1
0.258570 0.258616           0
0.367964 0.367968           0
0.399166 0.399743           1
0.728704 0.728420           0
0.639295 0.639740           1
0.683053 0.682684           1
0.626517 0.626389           0
0.564175 0.565901           1
0.335199 0.335179           0
0.262274 0.262592           0
0.264629 0.264720           1
0.573601 0.573317           1
0.720564 0.721283           0
0.460301 0.460480           1
0.318054 0.318584           0
0.679674 0.680686           1
0.666275 0.666724           1
0.507560 0.508840           1
0.714303 0.713649           1
0.324517 0.324663           0
0.610838 0.610426           1
0.227385 0.227242           0
0.630027 0.630398           0
0.581872 0.581519           0
0.499220 0.500488           1
0.608343 0.608562           1
0.685676 0.684720           1
0.636625 0.635905           0
0.603036 0.602605           0
0.535140 0.535126           1
0.579212 0.579143           1
0.671756 0.671750           1
0.222996 0.223073           0
0.699774 0.698255           1
0.271168 0.271365           0
0.353674 0.353720           1
0.733808 0.732988           1
0.681012 0.681616           0
0.611871 0.950852           0
0.576623 0.577320           1
0.335175 0.335529           0
0.314705 0.314738           0
0.403771 0.404218           1
0.690387 0.690365           0
0.605601 0.605375           1
0.264324 0.264438           0
0.265255 0.265275           0
0.532272 0.935889           1
0.759504 0.759288           1
0.355262 0.355350           0
0.427382 0.428337           1
0.734376 0.736820           1
0.568220 0.568532           0
0.267921 0.268189           0
0.264960 0.265132           0
0.343807 0.343881           0
0.959967 0.909135           1
0.254604 0.254782           0
0.253510 0.253572           1
0.278987 0.279066           1
0.225791 0.225740           0
0.439645 0.444304           0
0.504170 0.504079           1
0.898317 0.880151           1
0.334263 0.334255           0
0.460206 0.459962           0
0.845773 0.840434           1
0.421201 0.421134           0
0.329798 0.329957           0
0.674806 0.674593           1
0.947471 0.903443           1
0.386853 0.387809           0
0.247790 0.248043           0
0.278947 0.278969           0
0.874630 0.861711           1
0.965695 0.911480           1
0.759648 0.759336           1
0.714965 0.714924           1
0.407239 0.407328           0
0.595962 0.596635           1
0.815868 0.813019           1
0.278403 0.278582           0
0.473326 0.473588           0
0.585342 0.585382           1
0.375026 0.375267           0
0.282595 0.282835           0
0.337400 0.337560           1
0.510241 0.510372           1
0.597574 0.597148           1
0.710071 0.710215           1
0.306404 0.306482           0
0.268341 0.268326           0
0.307918 0.307923           0
0.334124 0.334121           0
0.263146 0.263130           0
0.547863 0.546175           0
0.463550 0.463718           0
0.897570 0.878987           1
0.268275 0.268359           0
0.299081 0.299230           0
0.462117 0.462261           0
0.913018 0.888158           0
0.307638 0.307725           0
0.839036 0.832703           1
0.540137 0.540221           0
0.266620 0.266614           0
0.372477 0.372318           1
0.308333 0.308343           0
0.651433 0.650634           0
0.317354 0.317228           1
0.298891 0.298960           0
0.921905 0.893250           1
0.246929 0.247610           0
0.586742 0.587357           0
0.271353 0.271345           1
0.681647 0.681509           1
0.611652 0.611683           0
0.821004 0.818019           0
0.676399 0.676411           1
0.532446 0.942422           1
0.344977 0.345472           0
0.289123 0.289311           0
0.594634 0.594319           1
0.401573 0.403944           1
0.333236 0.333152           0
0.852084 0.843791           0
0.558960 0.558712           0
0.254655 0.251636           0
0.787009 0.786717           0
0.745259 0.745153           1
0.876026 0.863553           1
0.853531 0.844985           1
0.633711 0.632864           1
0.699836 0.699500           1
0.868712 0.878271           1
0.772615 0.771830           1
0.626362 0.626089           0
0.355691 0.356894           1
0.303732 0.303719           1
0.702763 0.702371           0
0.738766 0.738050           1
0.756158 0.755604           0
0.431574 0.431765           0
0.205014 0.208487           0
0.291444 0.291528           0
0.266403 0.266460           0
0.657059 0.656992           1
0.245017 0.245022           0
0.316453 0.316386           1
0.686983 0.686884           1
0.595805 0.944622           1
1.000000 0.924981           1
0.653230 0.653573           1
0.463037 0.463729           0
0.332555 0.332652           0
0.255958 0.256148           1
0.594845 0.596160           1
0.271484 0.271475           0
0.333014 0.333091           0
0.700403 0.699918           1
0.897155 0.878456           1
0.292133 0.292126           0
0.631286 0.631562           0
0.239208 0.239343           0
0.217117 0.217343           0
0.305929 0.305929           1
0.333184 0.333618           1
0.351287 0.351804           1
0.248694 0.248695           0
0.539026 0.539776           1
0.665333 0.664598           0
0.807687 0.804385           1
0.537166 0.536888           0
0.588081 0.588091           1
0.566923 0.952033           1
0.305668 0.305771           1
0.272986 0.273009           0
0.912251 0.886696           1
0.890333 0.873042           1
0.629522 0.629446           1
0.953799 0.906986           1
0.605169 0.605317           0
0.326581 0.326807           0
0.568385 0.567483           0
0.921570 0.892726           1
0.322495 0.322586           0
0.270171 0.270279           0
0.353454 0.353467           1
0.300764 0.300798           0
0.248783 0.248907           0
0.342606 0.342756           1
0.322017 0.322080           1
0.248838 0.248829           0
0.198688 0.210875           0
0.850953 0.842254           1
0.287155 0.287204           1
0.242394 0.242484           0
0.624501 0.624142           1
0.921864 0.893182           1
0.425863 0.426718           0
0.338992 0.339209           0
0.438323 0.439047           1
0.563439 0.563275           1
0.784901 0.784568           1
0.258895 0.259243           0
0.621573 0.621556           1
0.661843 0.662207           0
0.813130 0.809694           1
0.770393 0.770327           1
0.540549 0.540851           0
0.561310 0.561368           1
0.633472 0.633267           1
0.395138 0.395802           0
0.238638 0.238714           0
0.504564 0.504701           1
0.925395 0.894131           1
0.298025 0.298368           0
0.299897 0.299990           0
0.760139 0.759764           1
0.296997 0.297074           0
0.674612 0.674383           0
0.739764 0.739180           1
0.925623 0.894155           1
0.814735 0.811543           1
0.937008 0.900231           1
0.319657 0.319741           1
0.334694 0.334687           0
0.716610 0.715831           1
0.358568 0.359240           0
0.245928 0.245965           0
0.442622 0.443475           0
0.853288 0.845300           1
0.846016 0.840728           1
0.737983 0.737437           1
0.302279 0.302269           1
0.586043 0.585919           0
0.889259 0.872074           1
0.833202 0.827363           1
0.751059 0.750831           1
0.811291 0.808090           1
0.234088 0.231481           0
0.203773 0.207075           0
0.738427 0.738329           1
0.262753 0.262754           0
0.779478 0.778843           1
0.454399 0.453301           1
0.778247 0.777990           1
0.286294 0.286554           1
0.203319 0.216830           0
0.307919 0.308117           0
0.336398 0.336063           0
0.461766 0.461867           0
0.898212 0.879448           1
0.591293 0.591395           0
1.000000 0.925887           1
0.347147 0.348450           1
0.268396 0.268548           0
0.757733 0.757426           1
0.689209 0.688926           1
0.386663 0.386918           1
0.629318 0.957544           1
0.402529 0.402554           1
0.293140 0.293299           1
0.635253 0.634993           1
0.252596 0.252614           0
0.236677 0.236506           0
0.249705 0.249703           0
0.597842 0.597633           1
0.947361 0.905396           1
0.783569 0.783118           0
0.716292 0.716157           1
0.690845 0.690482           0
0.302927 0.302918           0
0.269168 0.269230           0
0.310382 0.310482           1
0.841227 0.834653           1
0.224583 0.225606           0
0.197831 0.209852           0
0.440220 0.440602           0
0.251485 0.251597           0
0.339688 0.339757           0
0.428282 0.429139           1
0.213986 0.213998           0
0.840266 0.834242           1
0.355925 0.355963           1
0.843416 0.837075           1
0.551717 0.551482           1
0.265288 0.265299           0
0.408545 0.408680           0
0.751085 0.750903           1
0.683034 0.682750           1
0.828105 0.824798           1
0.713049 0.715247           1
0.281805 0.281800           0
0.869776 0.859138           1
0.605987 0.605986           1
0.679749 0.679277           1
0.611338 0.611526           1
0.508388 0.507897           1
0.384695 0.385266           0
0.245537 0.245528           0
0.301900 0.303330           0
0.523591 0.522967           1
0.672931 0.672767           1
0.621432 0.620729           1
0.907542 0.884117           1
0.382598 0.382606           0
0.334869 0.334852           0
0.299276 0.299370           0
0.227376 0.227757           0
0.686177 0.685604           0
0.543141 0.542383           1
0.584022 0.584766           1
0.774656 0.774375           0
0.237071 0.237157           0
0.758386 0.757484           0
0.304809 0.304698           0
0.336646 0.336641           0
0.590259 0.590362           1
0.711595 0.711234           1
0.232581 0.232402           0
0.272116 0.272106           0
0.750416 0.750101           1
0.419209 0.419392           1
0.234356 0.219046           0
0.780901 0.780786           1
0.281427 0.282254           0
0.647680 0.648136           1
0.270392 0.270425           1
0.857225 0.849590           1
0.621464 0.621652           0
0.315578 0.315534           0
0.583798 0.584037           0
0.778651 0.777777           1
0.717825 0.717321           0
0.280721 0.280745           0
0.519704 0.933486           1
0.500661 0.501440           1
0.618981 0.620152           1
0.821706 0.818975           1
0.583051 0.584507           1
0.735588 0.735501           1
0.846566 0.840593           1
0.355682 0.357044           1
0.214168 0.214163           0
0.364370 0.364670           0
0.897073 0.878123           1
0.438068 0.437675           1
0.722676 0.721822           1
0.884035 0.869144           1
0.347037 0.347197           0
0.720137 0.719837           1
0.253901 0.253889           0
0.846366 0.841022           1
0.815186 0.812015           1
0.820464 0.817859           1
0.321193 0.321313           0
0.246318 0.246321           0
0.245325 0.245334           1
0.674585 0.674044           1
0.612515 0.612704           0
0.797034 0.792920           0
0.304310 0.304389           0
0.478773 0.481654           1
0.342076 0.342138           1
0.397796 0.398109           1
0.327160 0.327230           1
0.618804 0.618634           1
0.845854 0.840024           1
0.565170 0.565140           1
0.474522 0.474376           1
0.273442 0.273532           0
0.637691 0.637754           1
0.333783 0.333785           0
0.755703 0.755238           1
0.320387 0.320369           0
0.217450 0.217366           0
0.764849 0.764514           1
0.271629 0.271628           0
0.518016 0.518881           0
0.225061 0.214107           0
0.251476 0.251558           0
0.245023 0.245117           0
0.627446 0.626669           0
0.595631 0.596125           0
0.865209 0.854632           1
0.281961 0.281945           0
0.605574 0.605285           0
0.318983 0.319135           0
0.570033 0.937755           1
0.248641 0.248913           0
0.839067 0.833387           1
0.843217 0.837671           1
0.332918 0.332902           0
0.451398 0.451692           0
0.254836 0.254952           0
0.956822 0.908041           1
0.561513 0.561854           0
0.740191 0.739383           1
0.741797 0.741753           1
0.212179 0.212278           0
0.352549 0.352732           1
0.536329 0.536117           1
0.241082 0.241087           0
0.723352 0.723421           1
0.603477 0.603549           1
0.609432 0.609494           0
0.306643 0.306746           0
0.453327 0.454635           1
0.956721 0.911341           1
0.227457 0.216554           0
0.292820 0.293055           1
0.633547 0.633430           0
0.593405 0.594454           1
0.381381 0.380844           0
0.329231 0.329400           1
0.801154 0.797959           0
0.350603 0.350619           1
0.560383 0.561002           1
0.752359 0.751645           1
0.678060 0.677496           1
0.324811 0.325052           1
0.282767 0.282756           0
0.883406 0.868644           1
0.921604 0.892408           1
0.715540 0.715164           0
0.569269 0.568253           0
0.518037 0.518437           1
0.219311 0.213189           0
0.667645 0.667628           1
0.538467 0.539061           1
0.254176 0.254169           0
0.761294 0.761084           1
0.749361 0.749051           1
0.742301 0.741805           1
0.335241 0.335446           0
0.707830 0.706953           0
0.338324 0.338326           1
0.369876 0.369938           1
0.755076 0.754575           1
0.209317 0.209302           0
0.503519 0.502622           1
0.393501 0.393424           1
0.359221 0.359852           1
0.325284 0.325273           0
0.341923 0.341915           1
0.572683 0.572770           0
0.436824 0.437340           1
0.672984 0.673011           1
0.216402 0.226296           0
0.266247 0.266312           1
0.349481 0.349495           0
0.583949 0.584171           1
0.729940 0.729576           1
0.280365 0.280433           0
0.820217 0.817276           0
0.826836 0.823667           1
0.713444 0.712884           1
0.667388 0.667313           1
0.761419 0.761069           1
0.736893 0.736703           1
0.486616 0.486805           1
0.959863 0.909502           1
0.368092 0.368862           1
0.464910 0.465609           0
0.377847 0.378163           1
0.209168 0.207025           0
0.907714 0.884504           1
0.724054 0.723764           1
0.937274 0.900959           1
0.258640 0.258624           0
0.281807 0.282802           0
0.612557 0.612844           1
0.530494 0.530452           1
0.254187 0.254184           0
0.762603 0.763486           0
0.277434 0.277418           1
0.247837 0.248739           0
0.514369 0.514043           1
0.501121 0.501171           1
0.530498 0.530764           0
0.685488 0.685276           0
0.325219 0.325278           1
0.842337 0.836771           1
0.752068 0.751808           1
0.383476 0.383748           1
0.349472 0.349633           0
0.679989 0.679771           1
0.512436 0.513466           0
0.617416 0.938523           1
0.281473 0.281582           0
0.819332 0.815518           1
0.600824 0.600850           0
0.646547 0.646601           1
0.882598 0.867302           1
0.685547 0.685224           0
0.683062 0.682792           0
0.262034 0.262307           1
0.882829 0.867943           1
0.515578 0.515512           1
0.398792 0.399124           1
0.229211 0.229210           0
0.312068 0.312557           0
0.273277 0.273369           0
0.219823 0.219723           0
0.353892 0.354423           0
0.404186 0.405482           0
0.223931 0.224029           0
0.338874 0.338939           0
0.224104 0.224156           0
0.307860 0.307995           1
0.326208 0.326204           0
0.551361 0.551258           1
0.660086 0.659954           0
0.369710 0.370275           1
0.925580 0.894153           1
0.398894 0.399358           1
0.725339 0.725431           1
0.303054 0.303127           0
0.622153 0.622074           1
0.322506 0.322584           1
0.768049 0.767622           1
0.811333 0.807863           1
0.234735 0.234637           0
0.616431 0.617361           1
0.753709 0.753211           1
0.603517 0.603392           0
0.386575 0.386895           1
0.612250 0.612516           1
0.822029 0.818888           1
0.707590 0.706936           1
0.820365 0.817562           0
0.373614 0.373777           1
0.701532 0.701560           1
0.601292 0.601373           0
0.247198 0.247206           0
0.269966 0.269945           0
0.826753 0.824190           1
0.496014 0.495936           0
0.333250 0.333283           0
0.332019 0.332020           1
0.216566 0.217244           0
0.389552 0.390115           0
0.669117 0.669046           0
0.754043 0.753648           1
0.293701 0.293733           0
0.522136 0.522141           1
0.321066 0.321064           0
0.651726 0.651690           1
0.332306 0.332363           1
0.729297 0.729047           1
0.633748 0.633216           0
0.859027 0.850852           1
0.822259 0.819086           1
0.700374 0.701206           1
0.786366 0.786165           1
0.679268 0.679508           1
0.243946 0.244007           1
0.808182 0.805318           1
0.844304 0.838669           1
0.646905 0.646582           0
0.267663 0.267948           0
0.603276 0.603175           0
0.530495 0.534853           0
0.377487 0.377598           0
0.345004 0.345083           0
0.503898 0.504156           0
0.795194 0.791237           1
0.311097 0.311282           1
0.278509 0.278490           0
0.603490 0.603488           0
0.809296 0.805894           0
0.203037 0.206542           0
1.000000 0.931820           1
0.332082 0.332261           0
0.406277 0.406868           0
0.767171 0.766622           1
0.544718 0.544846           1
0.258420 0.258510           1
0.264237 0.264369           0
0.367599 0.367647           0
0.375329 0.375802           1
0.295999 0.295975           1
0.280889 0.281254           1
0.785063 0.784607           1
0.310045 0.309956           0
0.243349 0.243645           0
0.641597 0.641963           1
0.530595 0.531304           0
0.614422 0.614615           1
0.214963 0.214889           0
0.638047 0.637565           1
0.345658 0.345628           0
0.392698 0.392555           1
0.481410 0.481395           1
0.738662 0.738429           1
0.319574 0.319660           1
0.655958 0.656268           0
0.320947 0.321153           0
0.397682 0.397920           1
0.804284 0.800796           1
0.776598 0.776024           1
0.276052 0.276315           0
0.236082 0.235915           0
0.428323 0.428399           1
0.409113 0.410724           0
0.337884 0.337972           1
0.800265 0.796647           1
0.834309 0.828456           1
0.764306 0.764132           0
0.345804 0.345844           1
0.875788 0.863517           1
0.741444 0.740446           1
0.304711 0.304910           0
0.550050 0.550320           1
0.878315 0.866524           1
0.286257 0.286509           1
0.600426 0.600538           1
0.878886 0.867096           1
0.896136 0.876606           1
0.803692 0.800085           1
0.351199 0.351060           0
0.929819 0.895897           1
0.677700 0.677653           1
0.237769 0.238813           0
0.676894 0.676869           1
0.439259 0.439147           1
0.356422 0.356436           0
0.723500 0.723090           1
0.445810 0.445985           1
0.284766 0.284710           0
0.338681 0.338823           0
0.272555 0.272850           0
0.204731 0.201254           0
0.216930 0.214448           0
0.256783 0.257027           0
0.824088 0.820913           1
0.610991 0.610765           0
0.400569 0.400656           1
0.407385 0.408294           0
0.860263 0.852696           1
0.693996 0.696313           1
0.606863 0.606459           0
0.291314 0.291416           0
0.636491 0.636168           0
0.707853 0.707779           0
0.244171 0.244162           0
0.202783 0.205958           0
0.845740 0.840467           1
0.635733 0.636300           1
0.257284 0.257370           1
0.570191 0.570088           1
0.767799 0.767678           1
0.644342 0.644375           1
0.316918 0.316926           1
0.639550 0.638387           0
0.234639 0.220269           0
0.732428 0.732190           1
0.638290 0.638338           1
0.638516 0.638376           1
0.234246 0.234079           1
0.290260 0.290578           0
0.809850 0.806254           1
0.351066 0.351613           0
0.320129 0.320230           0
0.855264 0.846389           1
0.412385 0.413314           0
0.226753 0.226599           0
0.956794 0.907755           1
0.773724 0.773014           1
0.742958 0.742483           1
0.324766 0.324847           1
0.787340 0.787343           0
0.463789 0.463912           1
0.745321 0.744521           1
0.671786 0.671655           1
0.387803 0.388215           0
0.350163 0.350239           0
0.419227 0.419069           0
0.238473 0.238480           0
0.224127 0.217072           0
1.000000 0.929983           1
0.807412 0.804113           1
0.846687 0.841227           1
0.706512 0.705927           0
0.376836 0.377224           0
0.738642 0.738001           1
0.614481 0.614294           1
0.451083 0.451247           0
0.896299 0.876755           1
0.535299 0.535054           0
0.221594 0.210838           0
0.670443 0.669194           1
0.435938 0.436036           1
0.781255 0.781513           1
0.749065 0.748748           1
0.200921 0.199975           0
0.648928 0.648850           1
0.397580 0.397511           0
0.200935 0.197633           0
0.673161 0.672921           1
0.907434 0.883869           1
0.816592 0.813727           1
0.520495 0.520727           1
0.292758 0.292838           1
0.947471 0.905048           1
0.597952 0.597754           1
0.336284 0.336176           1
0.395437 0.395841           0
0.624685 0.624647           0
0.232338 0.232348           0
0.697029 0.697128           1
0.328471 0.328556           1
0.538211 0.538819           1
0.709002 0.709101           1
0.337855 0.337732           0
0.488867 0.488917           1
0.868013 0.857642           1
0.560893 0.560334           1
0.607953 0.607544           1
0.670352 0.669784           1
0.290160 0.283799           0
0.238679 0.238868           0
0.989821 0.919127           1
0.476868 0.476712           0
0.356928 0.357066           1
0.859336 0.851830           0
0.820040 0.816536           1
0.394359 0.394247           0
0.499372 0.499539           0
0.377897 0.377952           0
0.312450 0.312438           1
0.756969 0.756450           0
0.373827 0.373989           0
0.475455 0.475234           1
0.686325 0.686384           1
0.950643 0.917102           1
0.578269 0.578595           0
0.334332 0.334733           0
0.717595 0.717163           0
0.757443 0.756973           1
0.690341 0.690067           1
0.345805 0.345894           0
0.364479 0.365074           0
0.965663 0.911406           1
0.399572 0.399894           1
0.274241 0.274313           0
0.631295 0.630886           1
0.256599 0.256604           0
0.320292 0.320374           0
0.596604 0.597509           1
0.253401 0.253655           0
0.597713 0.597486           0
0.318380 0.318507           0
0.440205 0.440659           0
0.852878 0.844725           0
0.799282 0.795875           1
0.631351 0.631045           1
0.495121 0.495283           1
0.665559 0.665559           1
0.642887 0.643031           0
0.521262 0.521825           0
0.229431 0.220684           0
0.755618 0.754937           1
0.491692 0.491892           1
0.286785 0.287100           1
0.696979 0.697070           1
0.701761 0.701784           1
0.611965 0.611999           1
0.746272 0.746229           1
0.220291 0.220255           0
0.217245 0.217349           0
0.435980 0.436263           0
0.814589 0.812155           1
0.581994 0.954971           1
0.339301 0.339382           0
0.303679 0.303892           0
0.487420 0.487861           1
0.454669 0.455191           1
0.922168 0.893647           1
0.631485 0.631103           0
0.281450 0.281542           0
0.603594 0.603947           1
0.686101 0.686771           1
0.538723 0.539879           1
0.418119 0.418051           0
0.203804 0.207027           0
0.265127 0.265211           0
0.513968 0.514649           1
0.746917 0.746228           1
0.818236 0.815066           1
0.194254 0.204823           0
0.670023 0.669331           1
0.305150 0.305249           1
0.340833 0.340836           0
0.249116 0.249224           0
0.204540 0.207602           0
0.580997 0.581034           0
0.748531 0.748041           1
0.606864 0.945418           1
0.287238 0.287342           1
0.728930 0.728004           0
0.777803 0.777904           0
0.319929 0.319913           1
0.663105 0.662611           1
0.225596 0.225756           0
0.611378 0.611388           1
0.480191 0.479955           0
0.290004 0.289995           1
0.834283 0.828088           0
0.577972 0.577736           1
0.609366 0.950517           1
0.322114 0.322182           0
0.815995 0.812769           1
0.944147 0.903371           1
0.649923 0.649517           1
0.604357 0.604446           1
0.285838 0.285837           0
0.774201 0.773462           1
0.228273 0.228124           0
0.494971 0.496933           0
0.292836 0.292939           0
0.583099 0.583177           0
0.691642 0.691236           1
0.562429 0.562621           1
0.255695 0.255700           0
0.606414 0.605940           1
0.473779 0.474284           1
0.430890 0.431177           1
0.463896 0.464378           1
0.245290 0.245282           0
0.750238 0.750098           1
0.840705 0.834642           1
0.780175 0.779800           1
0.272156 0.272156           0
0.618809 0.618441           1
0.691495 0.691863           1
0.765848 0.765178           0
0.709577 0.709599           1
0.730643 0.730435           1
0.623430 0.623703           1
0.684139 0.683445           0
0.254431 0.254550           0
0.479582 0.479184           1
0.219416 0.219400           1
0.487422 0.487768           1
0.235452 0.235286           0
0.483899 0.484281           0
0.285220 0.285336           0
0.851225 0.842967           1
0.780670 0.780420           1
0.342075 0.342129           1
0.284257 0.284429           0
0.300846 0.300966           0
0.947236 0.918813           1
0.268248 0.268354           0
0.773331 0.772941           0
0.542573 0.542167           0
0.413346 0.413406           0
0.256605 0.256686           0
0.562574 0.563132           1
0.573299 0.573023           1
0.656290 0.656081           0
0.768554 0.768070           1
0.218032 0.217934           0
0.617253 0.616979           1
0.753129 0.753305           1
0.763210 0.762817           1
0.271781 0.272196           1
0.624486 0.951683           1
0.687508 0.686899           0
0.329339 0.329511           0
0.513242 0.513145           1
0.327577 0.327697           1
0.378363 0.379506           0
0.664400 0.664257           0
0.877644 0.884699           1
0.191240 0.184703           0
0.254751 0.254736           0
0.460489 0.460401           1
0.410165 0.410228           1
0.621450 0.621356           1
0.815697 0.812694           1
0.657619 0.658728           0
0.407563 0.408129           1
0.394647 0.394944           0
0.308054 0.308185           0
0.820280 0.818446           1
0.440054 0.442352           0
0.717685 0.717058           1
0.769623 0.769556           1
0.676694 0.675913           1
0.262306 0.262393           0
0.547252 0.547285           0
0.417630 0.417751           0
0.289967 0.290034           0
0.264307 0.264430           1
0.330506 0.330540           0
0.857175 0.848994           1
0.321893 0.322276           0
0.644182 0.643404           1
0.587095 0.587157           0
0.288990 0.289120           0
0.330635 0.330601           0
0.244159 0.244287           0
0.541530 0.541292           1
0.281538 0.281530           1
0.247036 0.247148           0
0.291690 0.292126           0
0.289311 0.289955           0
0.420846 0.420494           1
0.272508 0.272507           1
0.770421 0.769479           1
0.339895 0.340300           0
0.569780 0.570099           1
0.334313 0.334580           0
0.670987 0.670788           1
0.223962 0.223898           0
0.680923 0.680781           0
0.594829 0.594492           0
0.736286 0.736118           0
0.278314 0.278417           0
0.269620 0.269731           0
0.457120 0.456410           0
0.710603 0.710042           1
0.916991 0.889425           1
0.275820 0.275852           0
0.343576 0.343571           0
0.372750 0.372979           1
0.304859 0.305393           0
0.832011 0.826138           1
0.859603 0.852016           1
0.332121 0.332093           0
0.825790 0.823237           0
0.353117 0.353549           1
0.237521 0.238398           0
0.224976 0.224949           0
0.669126 0.669384           0
0.346526 0.346652           1
0.944145 0.914562           1
0.315386 0.315438           0
0.282780 0.282767           0
0.709113 0.709044           1
0.859421 0.851504           1
0.681354 0.682883           0
0.240789 0.240791           0
0.502501 0.502630           0
0.513282 0.513386           1
0.342817 0.342976           0
0.329134 0.329301           1
0.262615 0.262647           0
0.844891 0.839434           1
0.676532 0.676446           1
0.504109 0.504721           0
0.215869 0.213495           0
0.593881 0.594206           0
0.797051 0.821348           1
0.278021 0.279521           0
0.433729 0.434965           1
0.713206 0.712690           1
0.336351 0.336238           0
0.804916 0.801592           1
0.743127 0.742942           1
0.619684 0.619740           1
0.395265 0.395345           0
0.616278 0.616244           0
0.635673 0.635966           1
0.634532 0.953125           1
0.246404 0.246412           1
0.776368 0.776304           1
0.660510 0.660837           1
0.312389 0.312335           0
0.631530 0.632190           0
0.386076 0.387179           0
0.779104 0.779067           1
0.237755 0.237775           0
0.245365 0.245351           0
0.342245 0.342355           1
0.291053 0.291168           0
0.289838 0.289886           0
0.802737 0.800663           1
0.496306 0.496426           1
0.347262 0.347271           1
0.220570 0.221035           0
0.699667 0.699909           1
0.299740 0.299807           1
0.278311 0.278248           0
0.233649 0.233827           0
0.344214 0.345184           1
0.535490 0.536393           0
0.815409 0.812789           1
0.321751 0.321798           0
0.275676 0.275740           0
0.563626 0.563058           0
0.263577 0.263586           0
0.455633 0.455338           1
0.326575 0.326658           0
0.337910 0.338150           1
0.330642 0.330560           0
0.233245 0.220897           0
0.310238 0.310227           1
0.933318 0.897195           0
0.479699 0.480642           0
0.620216 0.620237           1
0.317283 0.317345           0
0.236865 0.237026           0
0.329543 0.329545           0
0.447974 0.448001           1
0.789389 0.788259           0
0.334566 0.334715           0
0.439671 0.440289           0
0.357786 0.357622           0
0.812005 0.808910           0
0.481124 0.480917           0
0.631358 0.630974           1
0.328945 0.329154           1
0.594609 0.594362           1
0.711455 0.711409           1
0.204057 0.216019           0
0.319651 0.319742           1
0.364945 0.365681           0
0.921548 0.892516           1
0.182736 0.190060           0
0.239022 0.239034           0
0.419511 0.419583           1
0.897704 0.878955           1
0.339046 0.339321           0
0.357731 0.357865           1
0.588821 0.588263           1
0.237422 0.221442           0
0.224126 0.224114           0
0.523022 0.523105           1
0.225414 0.225543           0
0.322694 0.322700           0
0.441581 0.441626           1
0.668052 0.667337           0
0.491889 0.491941           1
0.742597 0.741782           1
0.811202 0.808011           1
0.380226 0.380888           1
0.763024 0.762471           1
0.425940 0.426280           1
0.327065 0.327260           0
0.275778 0.275901           0
0.217303 0.217268           0
0.341006 0.341159           0
0.472776 0.473929           1
0.343600 0.344618           1
0.283462 0.283570           0
0.366277 0.366072           0
0.426681 0.426987           0
0.782191 0.782203           1
0.658362 0.658216           0
0.755835 0.755251           1
0.232244 0.232104           0
1.000000 0.927062           1
0.936865 0.899222           0
0.661450 0.660963           0
0.417946 0.417895           1
0.312619 0.312797           0
0.600005 0.600465           1
0.494794 0.495958           1
0.546680 0.548169           1
0.226788 0.226777           0
0.541861 0.542985           1
0.482215 0.482271           0
0.280909 0.280906           0
0.638568 0.638456           1
0.582318 0.582393           1
0.275643 0.275898           0
0.825176 0.822618           1
0.251321 0.251449           0
0.780236 0.779589           1
0.780612 0.780113           1
0.762661 0.762317           1
0.395175 0.395157           1
0.551409 0.552789           0
0.663311 0.662438           1
0.943906 0.902021           1
0.399160 0.399149           0
0.631607 0.631620           1
0.335317 0.335313           1
0.283728 0.283732           0
0.499552 0.498997           0
0.319080 0.319151           1
0.572423 0.572671           1
0.305999 0.306077           0
0.782915 0.782443           0
0.235068 0.235038           1
0.778303 0.778464           1
0.215331 0.215297           0
0.313683 0.313666           0
0.251256 0.251629           0
0.656684 0.656892           0
0.536447 0.942005           1
0.453234 0.453062           0
0.276133 0.276230           0
0.229357 0.230480           0
0.287037 0.287012           1
0.244203 0.244362           1
0.884695 0.870090           1
0.228860 0.226230           0
0.341512 0.341664           1
0.363514 0.364589           1
0.643917 0.643845           1
0.850754 0.842646           1
0.251487 0.251511           1
0.816786 0.813562           1
0.238953 0.226013           0
0.370177 0.370318           0
0.313632 0.313908           0
0.566833 0.955721           1
0.258781 0.259152           1
0.501364 0.501586           0
0.200945 0.200081           0
0.270767 0.270807           0
0.741706 0.742034           1
0.637569 0.637464           1
0.933459 0.897722           1
0.393837 0.393974           1
0.442706 0.443922           0
0.493046 0.493239           1
0.635093 0.634637           1
0.543244 0.543280           0
0.695755 0.695272           1
0.508187 0.508071           1
0.757492 0.757200           1
0.336047 0.336204           0
0.442870 0.442775           0
0.728169 0.727606           1
0.600894 0.601920           1
0.682070 0.682003           0
0.702627 0.702728           1
0.501831 0.502227           0
0.282334 0.282333           0
0.648648 0.648247           0
0.318150 0.318765           1
0.574356 0.574190           0
0.889979 0.872513           1
0.655358 0.655055           0
0.803336 0.799836           0
0.436261 0.436336           1
0.729431 0.729557           1
0.287999 0.288129           1
0.495595 0.495653           0
0.406079 0.406141           0
0.543436 0.937294           1
0.238401 0.238399           0
0.276269 0.276284           0
0.250364 0.248112           0
0.371977 0.371654           0
0.808555 0.805209           1
0.809813 0.806569           1
0.690240 0.689941           1
0.720192 0.719723           0
0.259531 0.259631           1
0.436011 0.436408           0
0.604430 0.604169           1
0.588473 0.588279           1
0.950648 0.905220           0
0.577255 0.577159           0
0.770241 0.769885           0
0.494722 0.494403           1
0.330158 0.330166           1
0.280981 0.281341           1
0.328403 0.328746           0
0.355414 0.355421           0
0.279122 0.279112           0
0.816933 0.813534           0
0.303213 0.303472           1
0.212826 0.212859           1
0.267189 0.267320           0
0.245427 0.245444           0
0.821583 0.818332           1
0.267679 0.267676           0
0.392275 0.392423           0
0.582024 0.582045           0
0.833032 0.827161           0
0.664844 0.664875           1
0.342078 0.342278           0
0.581790 0.582282           0
0.445834 0.446398           0
0.256836 0.256833           0
0.237352 0.222085           0
0.345668 0.345890           1
0.761232 0.760129           1
0.844774 0.839163           0
0.413843 0.414054           1
0.414253 0.414192           1
0.302883 0.303077           0
0.613594 0.614717           1
0.329639 0.329631           1
0.432571 0.432790           0
0.921920 0.908925           1
0.884231 0.870032           1
0.726844 0.726826           0
0.233015 0.232867           1
0.728006 0.728083           1
0.620005 0.620152           1
0.331707 0.331788           0
0.542078 0.542563           0
0.777602 0.779086           1
0.503841 0.503634           1
0.608062 0.609083           1
0.630591 0.629966           1
0.402866 0.402935           1
0.265702 0.265705           0
0.788104 0.787912           1
0.896327 0.892720           1
0.650916 0.650414           0
0.488414 0.488416           0
0.303692 0.303604           1
0.295010 0.295118           1
0.225356 0.225279           0
0.280624 0.280865           0
0.232071 0.231913           0
0.256846 0.256896           0
0.298718 0.298838           0
0.485947 0.486661           1
0.338156 0.338255           0
0.305091 0.305139           1
0.311797 0.311784           0
0.753001 0.752838           1
0.285866 0.285886           0
0.521231 0.521496           0
0.327545 0.327691           0
0.309676 0.309772           0
0.278657 0.278615           0
0.650508 0.650135           1
0.808904 0.805715           1
0.335620 0.335625           0
0.650420 0.649980           1
0.289725 0.289879           1
0.441292 0.441309           0
0.234817 0.229653           0
0.526910 0.527837           0
0.689729 0.688998           1
0.227980 0.229057           0
0.895982 0.876140           1
0.332791 0.333295           0
0.592953 0.592888           0
0.237134 0.237310           0
0.866285 0.855834           1
0.458843 0.459657           0
0.492356 0.492379           1
0.667870 0.667264           0
0.854094 0.846155           1
0.760180 0.759963           1
0.877715 0.865177           1
0.250812 0.250990           1
0.615883 0.615906           1
0.587748 0.588283           1
0.855933 0.847996           1
0.858822 0.850901           1
0.670841 0.670673           0
0.343411 0.343800           1
0.757597 0.757265           1
0.323216 0.323207           0
0.476192 0.476288           1
0.772559 0.771889           1
0.576112 0.576213           0
0.679817 0.679217           0
0.274592 0.274704           1
0.300915 0.301105           1
0.665392 0.665368           0
0.332910 0.332941           0
0.785268 0.784665           1
0.834852 0.829188           1
0.459553 0.460889           1
0.370666 0.370872           0
0.341394 0.341540           0
0.767790 0.768383           1
0.661500 0.661191           1
0.286360 0.286351           0
0.745248 0.744639           1
0.510123 0.509898           0
0.630407 0.630132           1
0.421283 0.421875           1
0.219866 0.219932           0
0.674025 0.673897           1
0.638714 0.639577           0
0.309573 0.309561           0
0.771330 0.771213           0
0.659608 0.660202           0
0.959835 0.909384           1
0.216984 0.210881           0
0.819087 0.815981           1
0.325688 0.325863           0
0.637447 0.637060           1
0.858179 0.850116           1
0.332645 0.333008           0
0.757982 0.757763           1
0.692613 0.692355           1
0.581504 0.581328           0
0.287585 0.287813           1
0.425027 0.425140           1
0.224059 0.221971           0
0.489662 0.489671           0
0.953787 0.907184           1
0.572134 0.572590           1
0.541580 0.541860           0
0.655982 0.655637           1
0.312372 0.312427           1
0.392933 0.393900           1
0.244887 0.244886           0
0.728855 0.728708           1
0.375829 0.375963           0
0.267806 0.267891           0
0.562450 0.562851           0
0.192481 0.202109           0
0.411970 0.412053           1
0.896067 0.876588           1
0.219779 0.220176           0
0.580890 0.580574           0
0.243036 0.243148           0
0.765105 0.764939           1
0.234424 0.234389           0
0.711307 0.711030           1
0.864500 0.853651           1
0.715564 0.715782           0
0.636419 0.636168           1
0.424320 0.424289           1
0.699426 0.698844           1
0.424291 0.424630           0
0.304715 0.304775           0
0.340243 0.340281           1
0.343612 0.343689           0
0.343097 0.343192           1
0.286343 0.286457           0
0.348917 0.349705           1
0.299232 0.299221           1
0.784451 0.784338           0
0.276655 0.276957           0
0.777200 0.776723           1
0.238540 0.229514           0
0.902102 0.880812           1
0.364612 0.365888           0
0.878242 0.866280           1
0.577701 0.577448           1
1.000000 0.924333           1
0.382294 0.382370           1
0.603224 0.602950           1
0.622038 0.621639           1
0.639118 0.639372           1
0.369600 0.370205           1
0.594735 0.594656           1
0.760169 0.759840           1
0.288656 0.288649           0
0.878585 0.866598           1
0.867182 0.856905           1
0.413046 0.413853           0
0.653045 0.652525           1
0.336240 0.336610           1
0.245955 0.246547           0
0.729933 0.729720           1
0.237195 0.237244           0
0.837150 0.831114           0
0.636832 0.635969           0
0.683061 0.685842           1
0.426603 0.426878           1
0.399825 0.400139           1
0.473903 0.474074           1
0.736657 0.736593           1
0.449734 0.450258           0
0.273962 0.276833           0
0.989439 0.919542           1
0.241508 0.241873           1
0.313452 0.313404           0
0.266684 0.267002           0
0.841386 0.835747           1
0.710069 0.710087           1
0.345194 0.345336           1
0.596124 0.596056           0
0.569931 0.957700           1
0.229631 0.221883           0
0.925957 0.912985           1
0.249488 0.249514           1
0.231106 0.230949           0
0.710853 0.710313           0
0.814978 0.811754           1
0.270990 0.271100           0
0.281312 0.281405           1
0.896562 0.877573           1
0.255790 0.255790           0
0.564999 0.565566           0
0.290503 0.290727           0
0.304978 0.304972           0
0.414310 0.414700           0
0.439364 0.439645           0
0.306977 0.307143           0
0.262170 0.262326           0
0.432328 0.434278           1
0.803485 0.800157           1
0.344066 0.344182           0
0.589086 0.588865           1
0.526733 0.527083           0
0.816254 0.813191           1
0.674028 0.674378           1
0.663742 0.663790           1
0.586500 0.586506           1
0.921913 0.892604           1
0.394306 0.394316           0
0.379113 0.378803           0
0.283082 0.283174           0
0.216027 0.216045           0
0.369398 0.369146           0
0.300312 0.300366           0
0.896576 0.877423           1
0.625859 0.625709           1
0.246481 0.246489           0
0.465527 0.465614           1
0.281069 0.281181           0
0.802705 0.798881           1
0.947349 0.917049           1
0.340732 0.340742           0
0.858149 0.850458           1
0.818706 0.815772           0
0.826735 0.823732           1
0.704500 0.703608           0
0.837971 0.831956           1
0.329041 0.329080           1
0.677457 0.677063           1
0.452432 0.452495           1
0.810752 0.807508           1
0.812948 0.810165           1
0.309234 0.309397           0
0.925681 0.894540           1
0.695750 0.695673           1
0.504808 0.504802           1
0.786765 0.786289           0
0.652249 0.652200           0
0.281483 0.281633           0
0.333599 0.333649           0
0.327343 0.327422           0
0.534809 0.535642           1
0.329311 0.329463           1
0.797439 0.793752           0
0.191393 0.194905           0
0.320877 0.321149           1
0.234861 0.234685           0
0.491871 0.491822           0
0.809602 0.806384           1
0.275905 0.275986           0
0.756196 0.756121           1
0.351528 0.351629           1
0.380386 0.381181           1
0.318254 0.318510           0
0.543357 0.937370           1
0.703394 0.704354           1
0.865966 0.855546           1
0.353929 0.354382           0
0.336929 0.336924           1
0.422328 0.422649           0
0.795389 0.791852           1
0.542127 0.543882           1
0.344058 0.344129           1
0.517773 0.517837           0
0.297387 0.297382           1
0.750802 0.750518           0
0.352874 0.352905           1
0.361918 0.362019           0
0.687725 0.685907           0
0.521337 0.521649           0
0.242907 0.242948           0
0.468842 0.468433           0
0.324256 0.325742           1
0.668898 0.668731           0
0.209719 0.209558           0
0.430397 0.430457           0
0.733421 0.733052           0
0.507074 0.507457           0
0.322248 0.322309           0
0.708389 0.707863           1
0.833776 0.827862           1
0.300848 0.300944           0
0.308921 0.309166           1
0.313961 0.314266           0
0.756161 0.755563           1
0.751072 0.749623           1
0.548732 0.548865           1
0.790447 0.790223           1
0.293679 0.293728           0
0.757926 0.757140           0
1.000000 0.928018           1
0.718826 0.718461           1
0.553181 0.552656           0
0.263348 0.263479           0
0.339027 0.339448           0
0.321698 0.321884           0
0.853027 0.844550           1
0.690074 0.689840           1
0.341443 0.341581           0
0.347390 0.347711           1
0.642778 0.642774           0
0.336583 0.337161           1
0.204964 0.208063           0
0.229129 0.229617           0
0.246948 0.235641           0
0.282463 0.283064           0
0.316976 0.317054           0
0.402514 0.403974           1
0.250725 0.251050           0
0.213327 0.211414           0
0.323231 0.323397           0
0.917247 0.890074           0
0.342217 0.342236           1
0.614471 0.614421           1
0.511087 0.511545           1
0.606586 0.606280           1
0.589991 0.589824           1
0.752554 0.751869           1
0.765364 0.765128           0
0.594719 0.594593           0
0.704512 0.704561           0
0.554570 0.555456           1
0.204483 0.199967           0
0.925927 0.894857           0
0.329934 0.330099           1
0.418151 0.418239           0
0.707349 0.706271           1
0.578560 0.578307           0
0.256741 0.256867           1
0.645861 0.646354           1
0.585579 0.585760           0
0.666760 0.666494           1
0.295789 0.295787           0
0.523384 0.523748           1
0.222875 0.222738           0
0.280770 0.280817           0
0.396604 0.398203           1
0.659814 0.659685           0
0.317622 0.317801           0
0.805674 0.802651           0
0.670256 0.670219           1
0.747119 0.746535           1
0.587831 0.588597           1
0.487963 0.488067           0
0.717090 0.716681           1
0.834916 0.829073           0
0.756899 0.756296           1
0.259915 0.259947           0
0.838374 0.832857           1
0.992130 0.931261           1
0.747588 0.746389           1
0.340504 0.340611           0
0.729966 0.729599           1
0.643918 0.643933           0
0.599848 0.599865           0
0.615077 0.615015           1
0.232720 0.232564           0
0.590663 0.590727           0
0.840549 0.835017           1
0.607291 0.607412           1
0.709514 0.710019           1
0.618512 0.618584           1
0.366882 0.366853           0
0.404173 0.405328           1
0.625707 0.625537           1
0.648024 0.647438           1
0.233048 0.232907           0
0.252430 0.252426           0
0.645724 0.646196           1
0.641233 0.641334           0
0.745353 0.744824           0
0.303155 0.303151           0
0.707654 0.706963           1
0.672378 0.672019           1
0.307018 0.307173           0
0.607567 0.607600           0
0.704051 0.730813           1
1.000000 0.928710           1
0.227992 0.215242           0
0.936990 0.899792           1
0.892097 0.875887           1
0.687972 0.687693           0
0.818042 0.813895           0
0.362931 0.363047           0
0.813167 0.809862           1
0.598009 0.598021           1
1.000000 0.929406           0
0.427782 0.431346           1
0.219399 0.219303           0
0.693249 0.692620           1
0.265446 0.265550           1
0.597543 0.597540           1
0.697320 0.696911           1
0.293822 0.294032           0
0.382099 0.382736           0
0.297860 0.298032           0
0.839555 0.833316           1
0.308107 0.308120           1
0.546376 0.546400           0
0.719488 0.719885           0
0.265063 0.265059           0
0.299122 0.299193           1
0.308119 0.308120           0
0.705505 0.705120           0
0.509580 0.509556           0
0.485258 0.485060           1
0.719690 0.719736           1
0.525025 0.525173           1
0.747761 0.747206           1
0.345638 0.345784           1
0.275805 0.275831           0
0.579079 0.578954           1
0.723311 0.722657           1
0.298822 0.298863           0
0.318537 0.318555           1
0.852834 0.843902           1
0.274524 0.274667           0
0.653036 0.653129           1
0.342827 0.342944           1
0.667932 0.667656           0
0.450088 0.450532           0
0.542070 0.541776           1
0.355532 0.355640           1
0.240577 0.240763           0
0.989402 0.919358           1
0.313494 0.313520           0
0.385551 0.385369           0
0.595884 0.957855           1
0.438148 0.438437           1
0.189251 0.192538           0
0.642046 0.642082           1
0.541284 0.541441           0
0.240477 0.240535           0
0.291050 0.291342           0
0.248453 0.248568           1
0.284431 0.284428           0
0.790743 0.790854           1
0.775863 0.775478           1
0.499318 0.500734           1
0.378062 0.378464           0
0.190002 0.198783           0
0.279609 0.279706           1
0.252720 0.252723           0
0.364526 0.364856           1
0.752090 0.751026           1
0.612143 0.612382           0
0.270777 0.270838           1
0.822269 0.818941           1
0.361478 0.361993           1
0.822754 0.819952           0
0.874816 0.861966           1
0.387308 0.387574           0
0.771304 0.771387           1
0.289402 0.289471           0
0.297157 0.297293           1
0.616851 0.617185           0
0.737855 0.737377           1
0.249752 0.249749           0
0.778489 0.778491           1
0.480016 0.480371           0
0.294279 0.294316           0
0.300607 0.300691           0
0.521486 0.522153           1
0.674344 0.674464           1
0.245009 0.245013           0
0.296361 0.296376           0
0.313463 0.313693           0
0.679863 0.678954           0
0.316155 0.316139           1
0.306218 0.306682           0
0.355670 0.356190           1
0.266879 0.266904           0
0.992274 0.919663           1
0.249262 0.249260           0
0.874472 0.861373           1
0.262668 0.262792           0
0.565783 0.565704           1
0.273554 0.273663           0
0.454692 0.454869           0
0.724467 0.723844           0
0.213303 0.213648           0
0.538351 0.538412           0
0.466894 0.466961           1
0.244846 0.244842           0
0.528352 0.934863           1
0.623140 0.622927           1
0.813816 0.810574           0
0.405180 0.405965           1
0.526681 0.527049           0
0.666928 0.666275           0
0.544921 0.545164           1
0.744078 0.744356           1
0.471375 0.472269           0
0.666792 0.666556           0
0.228878 0.219996           0
0.521843 0.522469           1
0.319347 0.319575           0
0.834071 0.828637           1
0.790092 0.789696           0
0.496385 0.496647           1
0.304659 0.304654           0
0.396782 0.397230           0
0.504430 0.504349           0
0.270058 0.270232           0
0.393570 0.394552           1
0.278135 0.278160           1
0.280928 0.280949           0
0.771307 0.771362           0
0.921539 0.891738           1
0.217069 0.217077           0
0.311931 0.312267           0
0.494784 0.494922           1
0.416259 0.416250           1
0.233880 0.233714           0
0.452707 0.452512           1
0.249601 0.245282           0
0.365470 0.365328           1
0.291762 0.291756           0
0.241407 0.241417           0
0.314925 0.315116           1
0.968424 0.911572           0
0.346220 0.346303           0
0.251630 0.251688           1
0.388411 0.388896           0
0.795858 0.792646           0
0.596756 0.596788           1
0.432908 0.433644           1
0.564933 0.565058           1
0.609649 0.609472           0
0.372239 0.372224           0
0.359986 0.360095           0
0.884142 0.869078           1
0.654346 0.653812           1
0.634223 0.634062           0
0.429683 0.430196           1
0.665393 0.665384           1
0.676194 0.675954           1
0.271332 0.266275           0
0.631841 0.631621           1
0.227824 0.227686           1
0.256681 0.256644           0
0.611193 0.610946           1
0.243295 0.243319           0
0.658324 0.658717           1
0.652447 0.652209           1
0.265756 0.265989           0
0.283672 0.284176           0
0.262627 0.262679           0
0.684759 0.684401           0
0.903020 0.881990           1
0.639886 0.639625           1
0.252741 0.252746           0
0.269837 0.269829           0
0.222737 0.219043           0
0.816594 0.813034           1
0.552246 0.552610           1
0.235659 0.220940           0
0.308905 0.309010           1
0.477520 0.478569           1
0.397208 0.397361           1
0.867676 0.857024           1
0.485595 0.485889           1
0.227554 0.215708           0
0.764774 0.764301           1
0.511698 0.512099           0
0.635980 0.635321           0
0.543535 0.544052           1
0.328968 0.329040           1
0.615025 0.615353           1
0.562786 0.563110           0
0.311860 0.311917           0
0.999105 0.922369           1
0.561671 0.561756           1
0.672293 0.672304           0
0.310437 0.310584           1
0.302848 0.302804           0
0.444909 0.444915           0
0.617492 0.617280           1
0.482184 0.482279           1
0.478613 0.479526           1
0.642780 0.642099           1
0.586198 0.586082           1
0.483705 0.483856           1
0.517188 0.517347           0
0.779355 0.778539           1
0.246469 0.246520           1
0.858378 0.850534           0
0.204095 0.207327           0
0.622272 0.622234           1
0.446373 0.446477           1
0.841621 0.836076           0
0.337466 0.337495           0
0.265966 0.265972           1
0.463340 0.463511           1
0.772803 0.772245           1
0.586489 0.586025           1
0.289750 0.289780           1
0.943874 0.902835           1
0.262250 0.262409           0
0.305282 0.305382           1
0.258757 0.258861           0
0.522821 0.523058           1
0.644763 0.643970           0
0.234383 0.234224           1
0.503492 0.503618           0
0.857199 0.849436           1
0.810144 0.806874           1
0.419460 0.420606           0
0.337467 0.337593           1
0.304372 0.304283           0
0.249171 0.249296           0
0.606098 0.605945           1
0.411736 0.411733           1
0.652285 0.651749           1
0.417776 0.418675           0
0.289794 0.289998           1
0.420367 0.420422           0
0.255698 0.255707           0
0.842006 0.836460           0
0.263090 0.263169           0
0.354335 0.354748           0
0.393503 0.394260           0
0.333395 0.333414           0
0.237154 0.237249           0
0.593381 0.593122           0
0.328194 0.328215           0
0.293579 0.293844           1
0.673387 0.673282           1
0.752844 0.752780           1
0.257270 0.257264           1
0.341371 0.341534           1
0.293277 0.293596           0
0.307559 0.307640           1
0.342406 0.342556           1
0.473907 0.474748           0
0.239180 0.232430           0
0.626253 0.627070           1
0.239044 0.223085           0
0.510503 0.511283           0
0.291774 0.291843           0
0.584628 0.585350           0
0.234839 0.234988           0
0.947332 0.905214           1
0.843649 0.838380           0
0.306654 0.306879           1
0.323744 0.323782           0
0.523762 0.523540           1
0.475085 0.475810           0
0.658866 0.658842           1
0.378562 0.379773           1
0.444164 0.444301           0
0.308811 0.308968           1
0.504082 0.504370           1
0.784103 0.783443           1
0.594777 0.594354           1
0.520406 0.933892           1
0.258252 0.258694           0
0.779291 0.778744           1
0.468066 0.469280           1
0.501798 0.501916           0
0.753642 0.753033           1
0.293501 0.293499           0
0.735666 0.735290           0
0.528558 0.528504           0
0.475802 0.476272           0
0.940499 0.901362           1
0.309529 0.309604           0
0.841448 0.835473           1
0.722831 0.722305           1
0.815450 0.812291           1
0.912824 0.888010           1
0.661611 0.661610           1
0.776089 0.776024           1
0.283071 0.283120           0
0.723811 0.723414           1
0.326472 0.326558           1
0.842345 0.836667           0
0.878355 0.866542           1
0.336570 0.336645           0
0.940596 0.901484           1
0.651382 0.651395           0
0.271735 0.271736           0
0.566978 0.567633           1
0.654630 0.653776           0
0.971313 0.913586           1
0.212544 0.209536           0
0.448137 0.447875           0
0.839284 0.833292           1
0.564287 0.565780           1
0.276484 0.276466           0
0.291947 0.292020           0
0.301784 0.301875           0
0.843586 0.837989           1
0.237247 0.237395           0
0.580755 0.580827           0
0.467092 0.466679           0
0.611989 0.612208           1
0.350992 0.351103           0
0.599770 0.598899           0
0.258052 0.258178           0
0.795862 0.792710           1
0.555638 0.555926           1
0.408448 0.408998           1
0.620177 0.620186           0
0.284009 0.284146           0
0.333237 0.333261           1
1.000000 0.931190           1
0.727989 0.727691           1
0.215034 0.214990           0
0.231520 0.231399           0
0.579820 0.579737           0
0.464781 0.464783           0
0.495506 0.495028           1
0.857493 0.849602           1
0.306860 0.306931           0
0.276061 0.276068           0
0.315304 0.315373           0
0.434709 0.435193           0
0.655223 0.654738           1
0.309973 0.310069           0
0.604741 0.604584           1
0.593399 0.593242           0
0.801102 0.797610           1
0.800664 0.797648           1
0.311244 0.311913           0
0.335416 0.335488           1
0.312519 0.312508           0
0.294662 0.294898           0
0.314672 0.314990           0
0.515790 0.933286           1
0.601042 0.600511           0
0.369706 0.369816           1
0.706823 0.706120           1
0.438095 0.437432           1
0.717873 0.717279           1
0.562973 0.563280           1
0.497164 0.497669           1
0.358996 0.358816           1
0.380092 0.380852           1
0.319908 0.319897           0
0.576718 0.576730           0
0.686861 0.686631           1
0.283014 0.283102           0
0.451806 0.452230           1
1.000000 0.916254           1
0.803210 0.799875           1
0.323504 0.323666           0
0.665204 0.663747           0
0.660245 0.659957           1
0.309527 0.309512           0
0.353485 0.353826           1
0.844605 0.839020           1
0.407937 0.407354           1
0.323859 0.323856           0
0.303710 0.303959           0
0.286373 0.286848           0
0.336285 0.336427           0
0.832780 0.826955           1
0.446687 0.446828           0
0.310924 0.311000           0
0.326471 0.326500           0
0.274680 0.274707           0
0.710281 0.709773           0
0.333893 0.333902           0
0.790544 0.790549           1
0.322771 0.322631           1
0.347169 0.347196           0
0.222721 0.222603           0
0.648551 0.648041           1
0.213984 0.211247           0
0.197387 0.208608           0
0.325931 0.325929           1
0.325870 0.325994           0
0.810571 0.806898           1
0.559158 0.558455           0
0.700721 0.700239           1
0.507028 0.507372           1
0.274788 0.274807           0
0.309694 0.309835           0
0.576211 0.576234           1
0.291824 0.291934           1
0.711306 0.710673           0
0.336356 0.336478           0
0.775307 0.775260           0
0.541769 0.541715           0
0.325756 0.325808           1
0.818454 0.815461           1
0.579058 0.954024           1
0.379534 0.379616           0
0.688789 0.689116           1
0.240721 0.240915           0
0.283204 0.283302           1
0.665802 0.666622           1
0.439579 0.439909           0
0.289048 0.289124           0
0.629789 0.632147           1
0.760401 0.760843           1
0.461587 0.462724           1
0.254395 0.254524           0
0.227418 0.227270           0
0.350111 0.350835           0
0.507457 0.507569           0
0.614389 0.614574           1
0.251071 0.251180           1
0.897643 0.878724           1
0.736239 0.735774           0
0.297883 0.297963           1
0.553661 0.553521           1
0.326119 0.326103           1
0.831897 0.825914           0
0.403564 0.403888           0
0.429959 0.431016           0
0.780641 0.780382           1
0.509453 0.509651           1
0.621785 0.621668           0
0.929610 0.896682           1
0.727955 0.728294           0
0.332311 0.332304           0
0.683279 0.683192           0
0.472972 0.473173           1
0.715762 0.715288           1
0.561191 0.561133           1
0.470802 0.471042           1
0.645999 0.646261           0
0.811542 0.808148           0
0.295880 0.295879           0
0.315570 0.315729           0
0.765842 0.765452           1
0.230065 0.229929           0
0.748613 0.748455           1
0.715574 0.715187           1
0.913462 0.888733           1
0.342725 0.342723           0
0.789086 0.789211           1
0.453686 0.454797           1
0.706358 0.706094           1
0.289254 0.289287           0
0.670111 0.669570           1
0.255886 0.245593           1
0.286662 0.286762           0
0.540692 0.540724           1
0.873923 0.860841           1
0.673743 0.673428           0
0.528551 0.527910           0
0.642446 0.642093           1
0.559202 0.559261           1
0.591170 0.591655           0
0.216882 0.216856           0
0.806255 0.802780           1
0.229899 0.222010           0
0.500057 0.500213           1
0.440506 0.441087           0
0.298923 0.298900           1
0.260961 0.261031           0
0.265577 0.265553           0
0.702463 0.702142           1
0.828213 0.825242           1
0.575505 0.575629           0
0.594455 0.594129           1
0.515893 0.516191           1
0.487371 0.488398           0
0.883685 0.868968           1
0.976479 0.915026           1
0.480025 0.479077           1
0.492617 0.492980           0
0.657028 0.656972           0
0.259114 0.259112           0
0.604803 0.604814           1
0.242334 0.242472           0
0.259788 0.259904           0
0.657862 0.657472           0
0.649222 0.649418           0
0.784589 0.783640           1
0.843574 0.837901           1
0.300222 0.300205           1
0.476815 0.477039           1
0.582614 0.583243           1
0.290322 0.290457           0
0.209463 0.209414           0
0.686846 0.686587           1
0.577364 0.576948           1
0.535688 0.534996           1
0.319857 0.319847           1
0.631079 0.631874           1
0.452733 0.452832           1
0.784454 0.784248           0
0.759266 0.758587           1
0.870043 0.860173           1
0.368524 0.368250           0
0.339777 0.339865           0
0.722207 0.722088           1
0.443824 0.443732           1
0.651354 0.651236           1
0.811704 0.808901           1
0.217828 0.218352           0
0.472353 0.474175           0
0.305343 0.305337           0
0.837345 0.831248           1
0.337552 0.337610           1
0.734978 0.734486           1
0.446545 0.447048           0
0.458482 0.458597           0
0.865242 0.855046           0
0.507960 0.508394           0
0.316061 0.316630           0
0.425792 0.425870           0
0.300482 0.300669           1
0.306121 0.306275           1
0.800588 0.797294           1
0.569434 0.568813           0
0.370415 0.370265           1
0.347506 0.347958           1
0.603885 0.603247           0
0.225806 0.225829           0
0.903095 0.882121           1
0.291892 0.291938           0
0.856953 0.849154           1
0.999669 0.921661           1
0.253763 0.253755           0
0.750611 0.751027           1
0.699070 0.698969           0
0.330182 0.330214           0
0.189908 0.191777           0
0.773961 0.773892           0
0.634152 0.633804           0
0.477676 0.478179           1
0.514582 0.514984           1
0.651493 0.650882           1
0.708178 0.708526           1
0.883072 0.868772           1
0.290010 0.289953           0
0.427996 0.428171           0
0.544649 0.544893           1
0.285285 0.285352           1
0.567366 0.567449           1
0.229094 0.229130           0
0.397644 0.397764           0
0.669441 0.669056           1
0.312121 0.312162           1
0.704837 0.704495           0
0.296287 0.296386           1
0.318557 0.318986           0
0.738166 0.738175           1
0.608057 0.607967           1
0.458181 0.458792           1
0.315360 0.315543           0
0.351765 0.352327           1
0.197462 0.198302           0
0.528685 0.532856           1
0.817647 0.814303           1
0.349075 0.349160           0
0.755724 0.755386           1
0.674504 0.673824           0
0.536390 0.536831           1
0.656089 0.655687           1
0.308815 0.309059           0
0.367248 0.367411           0
0.491895 0.491696           0
0.787239 0.787158           0
0.190855 0.194554           0
0.740345 0.739707           1
0.515142 0.515022           1
0.908852 0.886182           0
0.574674 0.574680           1
0.344451 0.344492           1
0.929500 0.896093           1
0.214319 0.214400           0
0.302934 0.303047           0
0.753581 0.753239           1
0.342959 0.343216           0
0.860265 0.852604           1
0.868848 0.859184           1
0.258396 0.258484           0
0.856198 0.848206           1
0.255351 0.255451           0
0.586608 0.587657           1
1.000000 0.930129           1
0.266986 0.266977           0
0.344901 0.344827           1
0.227893 0.227876           0
0.264105 0.264608           0
0.853351 0.845024           1
0.822011 0.818873           1
0.462127 0.462278           1
0.681273 0.680940           0
0.801090 0.797900           1
0.907919 0.885188           1
0.842015 0.836489           1
0.524236 0.525648           1
0.558981 0.559166           1
0.555996 0.556203           0
0.326541 0.326789           0
0.323884 0.323982           1
0.233847 0.233687           0
0.315934 0.316164           1
0.532833 0.532512           1
0.566772 0.940731           1
0.668248 0.667967           1
0.763441 0.762740           1
0.304251 0.304961           0
0.186574 0.187938           0
0.262259 0.262256           1
0.901598 0.880396           1
0.292119 0.292350           0
0.778091 0.777689           1
0.352279 0.352439           0
0.260281 0.260439           0
0.625392 0.625468           1
0.327054 0.327065           0
0.444834 0.445215           1
0.255989 0.256164           0
0.226358 0.227423           0
0.251532 0.251623           0
0.582125 0.582347           1
0.365085 0.365831           0
0.459946 0.460212           0
0.426069 0.427640           0
0.318840 0.318759           1
0.700501 0.700174           0
0.247718 0.247725           0
0.408626 0.409255           0
0.343295 0.343375           0
0.336540 0.336530           0
0.712591 0.712861           1
1.000000 0.927837           0
0.731210 0.730713           1
0.258312 0.258574           0
0.721188 0.720887           1
0.827823 0.824591           1
0.929749 0.895977           1
0.867040 0.856687           1
0.336667 0.336736           1
0.634970 0.635151           1
0.625451 0.626508           1
0.307534 0.307579           1
0.671930 0.671668           1
0.857533 0.848528           0
0.235732 0.235559           0
0.599930 0.599886           1
0.464914 0.465008           0
0.489746 0.490066           1
0.788919 0.788589           1
0.968369 0.912490           1
0.889389 0.871946           1
0.590995 0.590431           1
0.229432 0.229270           0
0.739749 0.739564           1
0.691906 0.691261           1
0.193158 0.203376           0
0.706059 0.706040           1
0.250123 0.250274           1
0.266639 0.266967           0
0.411688 0.413911           1
0.646435 0.646453           0
0.382178 0.382349           0
0.410625 0.410224           0
1.000000 0.925549           1
0.803305 0.799621           0
0.515063 0.515485           1
0.335569 0.335715           0
0.686634 0.686101           1
0.687611 0.687123           0
0.340872 0.341332           1
0.325063 0.325431           0
0.264307 0.264295           0
0.436688 0.436639           1
0.318214 0.318266           0
0.334172 0.334382           0
0.798048 0.793845           1
0.940435 0.901071           1
0.284947 0.284951           1
0.440452 0.439860           1
0.760935 0.760761           1
0.272386 0.272456           0
0.199549 0.203180           0
0.284021 0.284112           0
0.262321 0.262345           1
0.350652 0.351731           0
0.283859 0.283937           0
0.358862 0.359503           0
0.597141 0.597086           1
0.968425 0.912074           1
0.387915 0.387857           1
0.270989 0.270983           0
0.628677 0.628350           0
0.621951 0.621891           1
0.240904 0.241043           0
0.979482 0.916042           1
0.551159 0.552327           1
0.493462 0.492940           0
0.297949 0.298052           0
0.316935 0.316988           1
0.581112 0.581270           1
0.372809 0.373033           0
0.451336 0.452186           1
0.285454 0.285453           1
0.323771 0.323804           0
0.537097 0.537417           1
0.832708 0.826551           1
0.336554 0.336637           0
0.245641 0.245756           0
0.653615 0.653136           1
0.706356 0.705100           0
0.580061 0.580230           1
0.364201 0.365978           0
0.291528 0.291513           1
0.314879 0.314930           1
0.322350 0.322390           1
0.806690 0.803073           1
0.199077 0.211607           0
0.436085 0.436170           0
0.747248 0.746393           1
0.412941 0.413097           0
0.397704 0.397732           0
0.663031 0.664285           1
0.672259 0.671947           1
0.288443 0.288486           0
0.241747 0.241749           1
0.601009 0.599447           0
0.443396 0.443782           1
0.749721 0.749614           1
0.366364 0.367352           0
0.607968 0.607622           0
0.264795 0.264863           0
0.340950 0.340956           1
0.875507 0.862900           1
0.799371 0.795694           1
0.753522 0.753015           0
0.322595 0.322799           1
0.832034 0.825988           1
0.723124 0.723176           1
1.000000 0.922304           1
0.241415 0.241424           0
0.404145 0.404367           1
0.633490 0.635858           1
0.269505 0.269498           0
0.240257 0.240403           0
0.442309 0.441983           1
0.313282 0.313459           0
0.273064 0.273179           0
0.719302 0.719244           1
0.263607 0.263749           0
0.913119 0.887986           1
0.822405 0.819682           1
0.874974 0.862650           1
0.226167 0.226418           0
0.617399 0.616951           0
0.382194 0.382620           1
0.570521 0.570551           1
0.506431 0.506562           0
0.391387 0.391675           0
0.684793 0.684248           1
0.298919 0.298802           0
0.310375 0.310585           1
0.246470 0.246614           0
0.385332 0.385704           0
0.505178 0.505598           1
0.384342 0.384334           1
0.251216 0.251257           0
0.779886 0.779169           1
0.293239 0.293374           0
0.223727 0.223608           0
0.616436 0.616591           1
0.324054 0.324116           1
0.272178 0.272624           1
0.351182 0.351340           1
0.328494 0.328573           1
0.294101 0.294080           0
0.298987 0.299127           0
0.552374 0.552180           0
0.702704 0.702987           0
0.799494 0.796156           1
0.199196 0.202457           0
0.333119 0.333178           1
0.663716 0.663541           1
0.409284 0.409788           0
0.305711 0.305764           0
0.414591 0.414744           1
0.732460 0.732390           1
0.572021 0.571884           0
0.381091 0.381216           1
0.732871 0.731466           1
0.808812 0.805476           1
0.611262 0.610874           1
0.261387 0.249234           0
0.230308 0.230320           0
0.200767 0.203889           1
0.268972 0.268970           0
0.321830 0.322047           1
0.327349 0.327348           0
0.614698 0.615498           1
0.539007 0.538573           1
0.347479 0.347824           0
0.292049 0.292085           0
0.310883 0.310871           1
0.374830 0.374993           1
0.322953 0.323003           0
0.319233 0.319120           0
0.313288 0.313259           1
0.807244 0.803765           1
0.390520 0.390560           0
0.482994 0.483260           1
0.495767 0.495901           0
0.625758 0.625975           1
0.545543 0.545240           1
0.891267 0.874223           1
0.378965 0.380611           0
0.335262 0.335257           0
0.790893 0.790492           1
0.455303 0.455983           0
0.744107 0.743336           1
0.537132 0.537130           1
0.423082 0.423125           0
0.628940 0.628773           1
0.317882 0.318067           1
0.856277 0.848354           1
0.994701 0.920554           1
0.681149 0.680731           1
0.325830 0.325985           0
0.486461 0.486312           1
0.802800 0.799738           1
0.509708 0.510038           0
0.283074 0.283041           0
0.475364 0.475262           0
0.301601 0.301671           0
0.263443 0.263767           1
0.397516 0.397655           1
0.788767 0.788542           1
0.965445 0.926346           1
0.244691 0.244689           0
0.675370 0.675133           0
0.501387 0.502393           0
0.291091 0.291022           0
0.876413 0.863541           1
0.264826 0.264845           0
0.197837 0.200340           0
0.211524 0.211494           1
0.295559 0.295638           1
0.323446 0.323670           0
0.259834 0.259842           0
0.656125 0.655149           1
0.221319 0.221197           0
0.277190 0.277291           0
0.244485 0.244500           0
0.340493 0.340460           1
0.218174 0.214233           0
0.625608 0.625767           1
0.290043 0.290326           0
0.218522 0.218506           0
0.512734 0.512890           1
0.856158 0.847729           1
0.647229 0.647066           0
0.696829 0.696508           0
0.303274 0.304568           0
0.322082 0.322238           1
0.507770 0.506388           0
0.304998 0.304982           0
0.559234 0.561330           1
0.291047 0.291242           0
0.822377 0.818851           1
0.535679 0.535973           0
0.474432 0.475491           0
0.708354 0.708104           0
0.304870 0.305096           0
0.265155 0.265162           0
0.264757 0.264825           0
0.241323 0.241430           0
0.472680 0.472534           1
0.661534 0.661340           1
0.523379 0.523530           1
0.402945 0.403104           1
0.953804 0.923458           1
0.235803 0.235643           0
0.312165 0.312158           0
0.847070 0.841343           1
0.322566 0.322696           0
0.235784 0.235626           0
0.655074 0.655105           1
0.355717 0.356231           0
0.514649 0.515674           1
0.246628 0.246620           1
0.357295 0.358302           0
0.602640 0.603061           0
0.199083 0.198211           0
0.616017 0.617177           1
0.580635 0.580472           0
0.566893 0.946074           1
0.337587 0.337704           1
0.625468 0.625216           1
0.857275 0.848921           0
0.251633 0.252208           0
0.908615 0.885068           1
0.272726 0.273006           0
0.529771 0.529762           0
0.299467 0.299581           0
0.316995 0.317077           0
0.382811 0.383543           1
0.883641 0.868089           1
0.218066 0.218038           0
0.289090 0.289509           0
0.380523 0.380692           1
0.298440 0.298429           1
0.868751 0.858762           0
0.264238 0.264238           0
0.762917 0.761880           0
0.709856 0.709927           1
0.359600 0.359566           1
0.325546 0.325539           0
0.337735 0.337772           0
0.615675 0.614727           0
0.730032 0.729409           1
0.620202 0.619491           1
0.937157 0.899085           1
0.317685 0.317727           1
0.739078 0.738264           1
0.288722 0.288643           0
0.774532 0.774382           1
0.502873 0.502763           0
0.579266 0.580227           0
0.617550 0.617620           0
0.430184 0.430294           1
0.324006 0.324031           0
0.334461 0.334477           1
0.626771 0.626552           0
0.301902 0.301977           0
0.810457 0.807354           1
0.325831 0.325949           0
0.622711 0.622145           0
0.244081 0.244187           0
0.561811 0.562766           1
0.646283 0.646664           1
0.342984 0.343074           1
0.269780 0.269930           0
0.435798 0.435273           1
0.758259 0.758528           1
0.573798 0.573707           0
0.622576 0.622084           1
0.223947 0.217044           1
0.212963 0.208692           0
0.668843 0.669024           0
0.250030 0.250098           0
0.220746 0.221194           0
0.556516 0.555889           0
0.950550 0.906609           1
0.681373 0.681242           1
0.392076 0.391623           0
0.739032 0.738577           0
0.424614 0.425185           0
0.282075 0.282171           0
0.330975 0.330968           1
0.292591 0.292654           0
0.690789 0.690207           1
0.473967 0.474054           1
0.553901 0.554686           0
0.519800 0.519771           1
0.746895 0.746864           0
0.518571 0.519084           1
0.614744 0.614234           0
0.265361 0.265435           0
0.212558 0.212776           0
0.276513 0.276537           0
0.541427 0.541030           0
0.826909 0.823994           0
0.334227 0.334237           0
0.856700 0.849046           1
0.631685 0.631818           0
0.671990 0.671478           1
0.514171 0.514263           0
0.232698 0.232679           0
0.258621 0.259145           1
0.837281 0.831483           1
0.262503 0.262961           0
0.228549 0.228620           0
0.340101 0.340176           1
0.214134 0.205008           0
0.611035 0.611501           0
0.475253 0.475945           0
0.322536 0.322782           0
0.747403 0.747197           0
0.875338 0.862578           1
0.311416 0.311801           0
0.211963 0.204562           0
0.350753 0.351292           0
0.537635 0.537010           1
0.249006 0.249083           0
0.460413 0.460898           1
0.944052 0.902650           1
0.581371 0.581579           1
0.876295 0.863806           0
0.345783 0.345862           0
0.302602 0.302854           0
0.609191 0.608467           0
0.238495 0.238500           0
0.346388 0.346665           1
0.376877 0.377033           1
0.248573 0.237174           0
0.820960 0.817762           1
0.549321 0.550515           1
0.223089 0.222964           0
0.315533 0.315622           0
0.303536 0.303584           1
0.314253 0.314491           0
0.453401 0.453556           1
0.767448 0.767752           1
0.368389 0.368296           0
0.521235 0.521307           1
0.348196 0.348105           1
0.726307 0.725376           1
0.435988 0.436226           0
0.361790 0.362411           1
0.866720 0.856514           1
0.940680 0.902300           0
0.575517 0.575590           0
0.222287 0.218283           0
0.262691 0.262702           0
0.674143 0.673795           1
0.549510 0.549696           0
0.380471 0.379913           0
0.427891 0.428136           0
0.369768 0.369995           0
0.421673 0.422678           0
0.702606 0.702039           1
0.321372 0.321357           0
0.546722 0.546920           1
0.316204 0.316578           0
0.422848 0.423303           0
0.330066 0.330120           0
0.674044 0.674065           1
0.413331 0.413541           0
0.716440 0.716098           1
0.374812 0.375414           0
0.313110 0.313089           0
0.293599 0.293677           0
0.561917 0.561171           0
0.535161 0.535280           0
0.804524 0.801215           1
0.326785 0.326970           0
0.741450 0.741587           1
0.841791 0.835656           0
0.243158 0.243168           0
0.300231 0.300229           1
0.891515 0.874545           0
0.236377 0.236709           0
0.641225 0.641093           0
1.000000 0.966667           1
0.787905 0.787396           1
0.270981 0.271275           0
0.573628 0.573267           1
0.782566 0.782791           1
0.601037 0.600355           1
0.340269 0.340344           0
0.882503 0.867109           0
0.422023 0.421976           0
0.741159 0.741263           1
0.535677 0.536761           0
0.595756 0.595884           1
0.936906 0.899666           0
0.925657 0.894488           1
0.456001 0.456174           0
0.345397 0.345428           0
0.615841 0.615772           0
0.314142 0.314497           0
0.444930 0.445438           1
0.781612 0.780889           1
0.614862 0.614684           1
0.917345 0.890203           1
0.260977 0.261029           0
0.591267 0.590701           1
0.551624 0.551692           1
0.584245 0.584221           1
0.274724 0.274832           0
0.837980 0.832291           1
0.609345 0.610767           1
0.400180 0.400357           1
0.379681 0.379729           1
0.333757 0.333822           0
0.746379 0.746113           0
0.799005 0.795800           1
0.250127 0.247289           0
0.243663 0.243834           0
0.216430 0.212368           0
0.666447 0.666403           1
0.866678 0.856503           1
0.810792 0.807477           1
0.358948 0.358959           0
0.898170 0.879789           1
0.332297 0.332655           0
0.837618 0.831885           1
0.292274 0.292269           0
0.823173 0.820033           1
0.822475 0.819205           1
0.509866 0.510060           1
0.890006 0.873054           0
0.810337 0.807178           1
0.247291 0.247394           0
0.241357 0.241493           0
0.488092 0.487619           1
0.815066 0.811184           1
0.316542 0.316934           0
0.273211 0.273434           0
0.917483 0.889698           1
0.365564 0.365327           0
0.388871 0.389260           0
0.808867 0.805620           1
0.703765 0.705243           0
0.453074 0.454061           1
0.222524 0.222436           0
0.656528 0.656079           0
0.745534 0.744636           1
0.308027 0.308481           1
0.281373 0.281473           1
0.540769 0.540643           1
0.303773 0.303753           0
0.734494 0.733444           1
0.191380 0.193710           0
0.320063 0.320236           1
0.765754 0.764799           1
0.675146 0.675161           0
0.730587 0.730272           1
0.266304 0.266777           0
0.511619 0.931495           0
0.447398 0.448236           0
0.802992 0.798932           1
0.782356 0.782043           1
0.235126 0.234970           0
0.611944 0.612599           1
0.329946 0.330051           0
0.362496 0.363190           1
0.599586 0.599409           1
0.812189 0.809294           1
0.252053 0.252198           0
0.374206 0.374612           0
0.781901 0.782398           1
0.418583 0.418490           1
0.748784 0.748133           1
0.638280 0.638032           1
0.255682 0.255949           1
0.859955 0.851972           1
0.426086 0.426450           0
0.310315 0.310911           0
0.347263 0.347723           0
0.335876 0.335942           1
0.867215 0.856550           1
0.661637 0.662059           1
0.853236 0.845161           0
0.553386 0.551941           1
0.298886 0.298922           1
0.962704 0.911519           1
0.833465 0.827678           1
0.706554 0.706332           1
0.305345 0.305668           1
0.824683 0.821800           1
0.339473 0.339447           0
0.344994 0.345017           1
0.324190 0.324283           0
0.495896 0.495912           1
0.246008 0.246052           0
0.742982 0.742476           0
0.372364 0.372246           0
0.709521 0.709070           1
0.220066 0.219997           1
0.293974 0.294076           1
0.715749 0.715006           1
0.223026 0.219851           0
0.319997 0.320089           0
0.325499 0.325568           0
0.662837 0.662290           0
0.302315 0.302419           0
0.291000 0.291281           1
0.633051 0.633313           0
0.716485 0.715754           0
0.786922 0.786783           1
0.350005 0.350005           0
0.247790 0.248021           0
0.488077 0.487902           0
0.953790 0.906904           1
0.249159 0.249141           0
0.729217 0.728712           1
0.536393 0.935730           1
0.627890 0.628285           1
0.242100 0.242088           0
0.678678 0.678104           1
0.691772 0.691618           1
0.815003 0.811761           0
0.356088 0.356150           1
0.331537 0.331585           1
0.322866 0.323062           1
0.780609 0.781287           1
0.297340 0.297397           1
0.273669 0.273759           0
0.644710 0.643923           0
0.705315 0.705595           1
0.473935 0.474123           1
0.925432 0.893614           1
0.685889 0.685530           1
0.281159 0.281661           1
0.532183 0.532190           1
0.340095 0.340154           0
0.438502 0.438444           1
0.836765 0.830256           0
0.612830 0.613025           1
0.297433 0.297516           0
0.451504 0.451488           0
0.229724 0.217162           0
0.781064 0.780593           1
0.268149 0.268170           0
0.345128 0.345114           0
0.349807 0.350007           0
0.346934 0.347014           0
0.846528 0.841913           1
0.668202 0.667913           1
0.885594 0.871161           1
0.534444 0.534714           0
0.824031 0.820946           1
0.244316 0.244408           0
0.271204 0.271177           0
0.712829 0.712114           1
0.741581 0.740701           1
0.466643 0.467173           0
0.485568 0.485207           0
0.491544 0.491521           0
0.264390 0.264440           0
0.694410 0.694271           0
0.250492 0.250528           0
0.282070 0.282076           0
0.627782 0.627460           0
0.510299 0.509971           1
0.320889 0.320939           0
0.839772 0.833970           1
0.925335 0.893785           1
0.707989 0.708098           1
0.722457 0.722662           1
0.638103 0.637415           1
0.342942 0.343165           1
0.994289 0.921205           1
0.303167 0.303202           1
0.515126 0.516245           0
0.509143 0.509376           1
0.292350 0.292551           0
0.253531 0.253604           0
0.604159 0.950112           1
0.734718 0.734478           1
0.304213 0.304316           0
0.438235 0.438690           0
0.558106 0.558324           0
0.500409 0.500309           1
0.290908 0.291083           0
0.255408 0.255398           0
0.836879 0.830861           0
0.430547 0.431383           1
0.702112 0.701415           0
0.685937 0.686356           1
0.462840 0.462892           0
0.626895 0.626937           1
0.428126 0.428399           0
0.680681 0.679453           0
0.962700 0.910992           1
0.277225 0.277382           0
0.294974 0.295139           0
0.309681 0.309670           0
0.406196 0.408503           0
0.310908 0.310906           0
0.533198 0.533649           0
0.316414 0.316621           0
0.270417 0.270514           0
0.539215 0.539303           1
0.257172 0.257197           0
0.384999 0.385181           0
0.700216 0.700388           1
0.851725 0.843432           1
0.334895 0.335137           1
0.571246 0.570963           1
0.755737 0.755444           0
0.566279 0.566601           0
0.284577 0.284751           1
0.940451 0.900937           1
0.808801 0.805366           1
0.284578 0.284596           0
0.542200 0.543151           1
0.451164 0.451105           0
0.289526 0.289885           0
0.354768 0.354865           0
0.968369 0.913376           1
0.810026 0.806743           0
0.547045 0.938200           1
0.472581 0.473338           0
0.802026 0.798531           1
0.553147 0.554727           0
0.731610 0.731482           1
0.525893 0.525094           0
0.234755 0.234591           0
0.560823 0.560776           1
0.348804 0.348850           1
0.300392 0.300894           0
0.987322 0.918534           1
0.439046 0.439352           1
0.348931 0.348671           0
0.709599 0.709173           1
0.316760 0.316789           0
0.521818 0.522514           1
0.549742 0.550357           0
0.973729 0.914924           1
0.338575 0.338592           0
0.404426 0.405885           1
0.282988 0.283076           0
0.329088 0.329014           0
0.247085 0.241958           0
0.908483 0.885555           0
0.514336 0.514693           0
0.633784 0.633038           1
0.716304 0.716090           1
0.222385 0.222437           0
0.664301 0.664300           0
0.247936 0.242098           0
0.651462 0.651838           0
0.657794 0.657621           1
0.902908 0.881785           1
0.325492 0.325342           0
0.864268 0.853628           1
0.342746 0.342820           1
0.965652 0.911944           1
0.472697 0.473080           1
0.426443 0.426644           1
0.512125 0.511394           1
0.810889 0.807733           1
0.275617 0.275847           1
0.885109 0.870334           1
0.261673 0.261656           0
0.836795 0.830874           1
0.614509 0.953426           1
0.772375 0.772124           1
0.634079 0.633662           1
0.547327 0.547668           1
0.843835 0.838572           0
0.929395 0.895856           1
0.300055 0.300418           0
0.501513 0.501482           1
0.371069 0.371352           1
0.372192 0.372562           0
0.497626 0.498181           0
0.249513 0.249584           0
0.338164 0.338390           1
0.399978 0.400066           0
0.413885 0.414361           1
0.763145 0.762948           0
0.347338 0.347504           0
0.317710 0.317751           0
0.479568 0.479453           1
0.321932 0.321999           0
0.484134 0.484199           1
0.612914 0.612972           1
0.334811 0.334801           0
0.701108 0.701122           1
0.564314 0.563775           0
0.234819 0.234657           1
0.847314 0.841502           1
0.270790 0.270780           0
0.868786 0.878405           1
0.269070 0.269181           0
0.795824 0.791756           1
0.520312 0.933933           1
0.539525 0.540892           0
0.399697 0.399987           1
0.780401 0.779803           0
0.837157 0.831346           1
0.348150 0.348468           1
0.254148 0.254481           0
0.800700 0.797087           1
0.543707 0.543560           1
0.558290 0.558223           1
0.306407 0.306408           0
0.234548 0.234493           0
0.225615 0.225458           0
0.572363 0.572300           0
0.447972 0.448022           0
0.327171 0.327240           0
0.896103 0.892393           1
0.240725 0.240728           0
0.626183 0.625985           0
0.593364 0.593824           0
0.773907 0.773982           1
0.293900 0.293890           0
0.374687 0.374791           1
0.727989 0.727617           1
0.518666 0.518774           1
0.335389 0.335445           1
0.320472 0.320490           0
0.709094 0.708672           0
0.722125 0.721922           0
0.733929 0.733354           1
0.383968 0.384091           1
0.231574 0.231636           0
0.265325 0.265325           0
0.374755 0.374959           1
0.390376 0.390887           0
0.896995 0.877630           1
1.000000 0.925838           1
0.287673 0.287715           0
0.341160 0.341338           0
0.308752 0.308738           0
0.431039 0.431139           0
0.609557 0.609505           0
0.456663 0.456761           1
0.299435 0.299626           0
0.852333 0.843987           0
0.516630 0.516943           1
0.609267 0.608720           0
0.500899 0.501000           0
0.217088 0.214037           0
0.707174 0.706938           1
0.608356 0.607952           1
0.336336 0.336307           0
0.604052 0.604127           1
0.697941 0.697679           1
0.258327 0.258381           0
0.277564 0.277547           0
0.597055 0.596923           0
0.274463 0.274578           0
0.435753 0.435879           1
0.874718 0.862216           1
0.526178 0.526490           1
0.606769 0.606564           0
0.317928 0.318087           0
0.612515 0.612704           0
0.542300 0.542333           1
0.601304 0.601041           1
0.556072 0.556164           1
0.193138 0.202263           0
0.487628 0.489203           1
0.224806 0.222664           0
0.219437 0.218011           0
0.205116 0.208666           0
0.561823 0.561676           0
0.341193 0.341437           1
0.307024 0.307181           1
0.215832 0.210096           1
0.231764 0.231888           0
0.306786 0.306782           0
0.570275 0.572280           0
0.275366 0.275624           0
0.313091 0.313175           0
0.329863 0.330020           1
0.324191 0.324260           0
0.530167 0.531025           1
0.815954 0.812986           1
0.402597 0.403560           0
0.348920 0.348996           0
0.508996 0.509372           1
0.287350 0.287319           0
0.738715 0.737889           1
0.538925 0.538868           1
0.292959 0.293107           0
0.753026 0.752096           1
0.386784 0.386389           0
0.266036 0.265990           0
0.293520 0.293450           0
0.550667 0.550571           0
0.763138 0.763030           1
0.217052 0.217061           0
0.258918 0.258914           0
0.890737 0.873665           1
0.232946 0.232841           0
0.625300 0.626168           1
0.323064 0.323159           1
0.331071 0.331401           1
0.707551 0.707449           1
0.649697 0.649799           1
0.549860 0.550038           1
0.719151 0.719083           1
0.859650 0.852162           1
0.538825 0.539108           0
0.828394 0.825737           1
0.566953 0.567001           0
0.331598 0.331733           1
0.223942 0.223815           0
0.413471 0.414509           0
0.264255 0.264433           0
0.301548 0.301607           0
0.315322 0.315313           1
0.397031 0.397046           0
0.745176 0.744592           1
0.276628 0.276746           0
0.780200 0.780236           1
0.517296 0.518036           0
0.701066 0.700947           0
0.452401 0.452446           1
0.358725 0.358797           0
0.950523 0.905223           1
0.665572 0.665432           1
0.866223 0.855788           1
0.717834 0.717612           1
0.305080 0.305170           1
0.308050 0.308243           0
0.268911 0.268909           0
0.343423 0.343506           0
0.469700 0.470034           1
0.275504 0.275514           0
0.615936 0.617012           1
0.262395 0.262391           0
0.495050 0.495224           1
0.925805 0.894508           1
0.759404 0.758470           0
0.257115 0.257276           0
0.309796 0.309963           0
0.787864 0.787413           1
0.435903 0.436781           0
0.885593 0.871558           1
0.690079 0.689676           1
0.566110 0.566194           1
0.232134 0.232118           0
0.269935 0.269984           0
0.725054 0.725006           0
0.648741 0.648994           0
0.314404 0.314514           1
0.495509 0.496788           1
0.712863 0.712557           1
0.292726 0.292809           0
0.799562 0.796086           1
0.578978 0.938930           1
0.261597 0.261831           0
0.266838 0.266974           0
0.272608 0.272733           1
0.259254 0.259402           1
0.616323 0.616012           1
0.252862 0.253016           0
0.763198 0.762571           0
0.279503 0.279595           1
0.696985 0.696863           0
0.254920 0.255096           0
0.222454 0.222462           0
0.320133 0.320203           1
0.268875 0.268912           0
0.728578 0.728437           1
0.382321 0.383683           0
0.474440 0.474766           0
0.937140 0.900270           1
0.950580 0.905684           1
0.456997 0.457100           0
0.840341 0.834700           1
0.738176 0.737934           0
0.856164 0.848013           1
0.407835 0.407739           0
0.671801 0.671424           1
0.239430 0.223170           0
0.586750 0.587141           1
0.506632 0.506788           0
0.291202 0.291503           0
0.394295 0.394708           0
0.682664 0.682279           1
0.351387 0.352497           1
0.364206 0.364925           1
0.580930 0.580740           0
0.749742 0.749662           1
0.724181 0.724141           1
0.240338 0.240340           0
0.580913 0.580534           1
0.634152 0.633804           0
0.720580 0.721243           1
0.903008 0.882109           1
0.292082 0.292236           0
0.318623 0.318717           1
0.449537 0.449917           1
0.216315 0.217228           0
0.203313 0.204750           0
0.250288 0.250421           0
0.672496 0.672189           0
0.609108 0.609534           0
0.499155 0.499046           0
0.514754 0.515588           1
0.780242 0.780070           1
0.364785 0.364900           1
0.411580 0.411762           1
0.721655 0.720988           0
0.783712 0.783744           1
0.817559 0.814290           1
0.229280 0.229217           0
0.570083 0.570103           1
0.610376 0.610450           1
0.264503 0.264585           0
0.213017 0.213167           0
0.603162 0.603229           0
0.615389 0.614776           1
0.371281 0.371097           1
0.271888 0.272267           0
0.285756 0.285969           0
0.319959 0.320048           1
0.232496 0.232449           0
0.316446 0.316438           1
0.709736 0.709726           1
0.496548 0.496578           1
0.655140 0.655050           1
0.235680 0.235889           0
0.576559 0.576426           1
0.449826 0.449926           1
0.227097 0.227153           0
0.567852 0.567739           0
0.214625 0.207070           0
0.325748 0.325806           0
0.346373 0.346420           0
0.298709 0.298696           1
0.563059 0.563136           1
0.267820 0.267807           0
0.489320 0.490483           0
0.974199 0.914029           0
0.602463 0.602274           1
0.603517 0.603392           0
0.473009 0.472739           1
0.679653 0.679699           1
0.750125 0.749818           1
0.312902 0.313001           0
0.807637 0.804526           1
0.962655 0.911196           1
0.240485 0.240757           0
0.267759 0.267812           0
0.294636 0.294726           1
0.256748 0.256762           0
0.322752 0.322728           0
0.428512 0.427686           1
0.638931 0.638883           0
0.514386 0.514241           0
0.825211 0.822088           1
0.288981 0.289405           0
0.711411 0.711528           1
0.458917 0.459392           1
0.461921 0.461865           0
0.475004 0.474523           0
0.810673 0.807504           1
0.716048 0.715900           0
0.498366 0.498615           1
0.296178 0.296354           0
0.218643 0.218548           0
0.708550 0.707794           1
0.609646 0.609034           0
0.560734 0.559596           1
0.699831 0.699734           1
0.263996 0.264072           0
0.761709 0.761078           1
0.199354 0.202599           1
0.678510 0.678203           1
0.229696 0.229765           0
0.280469 0.280808           1
0.507750 0.507788           0
0.558776 0.559256           1
0.323535 0.323892           1
0.247926 0.245495           0
0.731588 0.731395           1
0.211434 0.211412           0
0.420048 0.421163           0
0.324645 0.324670           0
0.665150 0.664983           1
0.265353 0.265462           0
0.635376 0.635521           1
0.481524 0.481764           1
0.643925 0.645924           1
0.292874 0.292869           1
0.301705 0.301789           0
0.907588 0.884400           1
0.357134 0.357065           1
0.346442 0.346561           1
0.337299 0.337373           1
0.225201 0.225062           0
1.000000 0.927604           1
0.434165 0.435415           1
0.691095 0.690748           1
0.662573 0.662730           1
0.724176 0.724129           1
0.319018 0.319216           0
0.463194 0.463300           0
0.543249 0.543603           0
0.399626 0.399511           1
0.283699 0.283689           0
0.322369 0.322736           0
0.325765 0.325802           0
0.678416 0.678316           1
0.237913 0.228785           0
0.768522 0.768158           1
0.300184 0.300232           0
0.679580 0.679674           1
0.414752 0.414758           0
0.266179 0.266366           1
0.708835 0.708522           1
0.276395 0.276393           0
0.413306 0.413414           1
0.825610 0.822528           1
0.310210 0.310286           1
0.684673 0.684706           1
0.498281 0.499032           1
0.309955 0.310040           1
0.681159 0.681114           1
0.610575 0.610160           0
0.304795 0.304788           0
0.260819 0.261156           0
0.440490 0.440883           1
0.381629 0.381625           1
0.277686 0.277825           0
0.458283 0.458540           0
0.280760 0.280895           0
0.800921 0.797449           1
0.271767 0.271766           1
0.666364 0.666224           1
0.287968 0.288009           0
0.338926 0.338924           1
0.414188 0.414978           1
0.632252 0.631590           0
0.287745 0.287759           0
0.626151 0.625797           0
0.332695 0.332883           0
0.608047 0.607782           1
0.548690 0.550493           0
0.621932 0.621363           0
0.330755 0.330974           1
0.525941 0.525759           1
0.248146 0.248224           0
0.652850 0.652439           1
0.333038 0.333154           1
0.338928 0.338937           0
0.213172 0.213239           0
0.645049 0.645130           1
0.734205 0.733209           1
0.515450 0.939551           1
0.220405 0.220381           0
0.885629 0.871302           1
0.864222 0.853223           1
0.735175 0.734286           0
0.354508 0.354435           1
0.383336 0.383332           0
0.407171 0.407272           0
0.631167 0.632777           1
0.612931 0.612766           0
0.754575 0.754063           1
0.799574 0.796074           1
0.250843 0.251435           0
0.265980 0.266048           0
0.755996 0.755189           0
0.625334 0.625481           1
0.594775 0.595182           1
0.536598 0.536841           0
0.784805 0.784359           0
0.289826 0.289844           0
0.505756 0.505874           0
0.484326 0.484457           0
0.777956 0.777373           1
0.335305 0.335423           1
0.741335 0.740038           0
0.379668 0.381258           0
0.740301 0.739504           0
0.556157 0.556269           1
0.261020 0.261131           0
0.672332 0.672245           1
0.651286 0.651649           1
0.306833 0.306958           0
0.301967 0.301988           0
0.290383 0.290392           1
0.368226 0.368382           0
0.778280 0.778206           1
0.286168 0.286342           0
0.813274 0.809985           1
0.381349 0.382424           1
0.455682 0.455349           0
0.253517 0.250317           0
0.473575 0.474026           0
0.502722 0.503291           1
0.625183 0.625220           1
0.497649 0.497888           1
0.277344 0.277443           1
0.875868 0.863346           1
0.557135 0.558288           0
1.000000 0.938644           1
0.371586 0.371684           0
0.821394 0.817799           1
0.463917 0.464413           1
0.303422 0.303511           1
0.240795 0.240798           0
0.287955 0.288014           0
0.898318 0.879928           1
0.628677 0.628950           1
0.619405 0.619261           1
0.246112 0.246237           0
0.325107 0.325112           0
0.414983 0.414815           0
0.629371 0.629195           0
0.841936 0.836385           1
0.612338 0.613962           1
0.240490 0.240638           0
0.501086 0.501202           1
0.493767 0.494426           0
0.404435 0.404172           1
0.902204 0.880897           1
0.521072 0.520832           1
0.936933 0.899628           1
0.662653 0.664882           0
0.466792 0.466731           1
0.677465 0.677193           1
0.565991 0.565832           1
0.782639 0.781839           0
0.552955 0.553301           1
0.528894 0.935338           1
0.363796 0.363766           0
0.557508 0.558855           0
1.000000 0.964211           1
0.810576 0.807216           1
0.430568 0.430694           0
0.416723 0.416855           1
0.587180 0.587577           0
0.586634 0.586631           1
0.315669 0.315608           1
0.449394 0.449336           0
0.742326 0.741836           1
0.571704 0.571660           1
0.712197 0.711670           0
0.430561 0.431306           0
0.235035 0.230847           0
0.256026 0.256082           1
0.355734 0.356264           0
0.548364 0.548837           1
0.336517 0.336678           0
0.668411 0.667408           0
0.565362 0.565760           1
0.501773 0.502134           0
0.396324 0.396701           0
0.629022 0.629376           0
0.588748 0.588346           1
0.314769 0.314756           1
0.652075 0.651978           1
0.449419 0.454172           0
0.348441 0.348357           0
0.780808 0.780112           1
0.424346 0.425342           0
0.926170 0.895513           1
0.234136 0.229856           1
0.344343 0.344436           0
0.401488 0.401629           0
0.921163 0.891212           1
0.282788 0.282785           0
0.807923 0.804259           0
0.623242 0.623063           0
0.393465 0.394111           0
0.319638 0.319639           0
0.867394 0.856929           1
0.633783 0.633460           1
0.315986 0.316101           0
0.933470 0.897997           1
0.295503 0.295888           0
0.290577 0.290634           0
0.714203 0.714138           1
0.330926 0.331324           0
0.232873 0.232887           1
0.260783 0.261009           0
0.226427 0.226275           0
0.572017 0.572061           1
0.916644 0.889069           1
0.857490 0.849518           1
0.350044 0.350098           1
0.548635 0.548792           1
0.339420 0.339546           0
0.499427 0.499492           0
0.689725 0.688987           1
0.603154 0.603119           0
0.223448 0.224445           0
0.433129 0.433453           1
0.800842 0.797341           0
0.320076 0.320143           1
0.553533 0.554160           0
0.684054 0.683741           0
0.519954 0.519882           1
0.393506 0.393303           0
0.913528 0.889064           1
0.260435 0.260467           0
0.304841 0.304931           0
0.680822 0.681263           1
0.678267 0.677194           0
0.455355 0.455506           1
0.223777 0.223654           0
0.632443 0.632027           1
0.463026 0.463965           0
0.231236 0.231087           1
0.665238 0.665462           0
0.630337 0.630611           0
0.190567 0.198799           0
0.656936 0.655928           1
0.304369 0.304588           1
0.802192 0.798537           0
0.238925 0.239075           0
0.594921 0.595050           1
0.384488 0.385125           1
0.524503 0.524438           1
0.255991 0.256272           0
0.233546 0.233552           1
0.503370 0.502923           0
0.620963 0.620186           1
0.566505 0.566462           1
0.779058 0.778798           1
0.505896 0.505776           0
0.332724 0.332733           0
0.285588 0.285594           0
0.754729 0.754676           1
0.681934 0.681908           0
0.265222 0.265285           0
0.789783 0.788732           1
0.380632 0.380662           1
0.933445 0.898369           1
0.316532 0.316550           1
0.304978 0.305099           1
0.833654 0.827842           1
0.697492 0.697358           1
0.813159 0.810147           1
0.865036 0.853974           0
0.506667 0.508304           1
0.239416 0.239459           0
0.557188 0.939293           1
0.647128 0.646806           0
1.000000 0.926493           1
0.661137 0.661328           1
0.612409 0.612134           0
0.331186 0.331204           0
0.663442 0.663124           1
0.266462 0.266563           0
0.539970 0.540040           1
0.226405 0.226452           0
0.476734 0.476685           1
0.243008 0.243132           0
0.279313 0.279443           0
0.525842 0.525411           1
0.348345 0.348465           1
0.289475 0.289589           0
0.669163 0.669006           0
0.349902 0.349974           1
0.305886 0.306535           0
0.581256 0.580946           1
0.227883 0.227731           0
0.290116 0.290105           0
0.902329 0.881167           1
0.294903 0.295187           0
0.304566 0.304550           0
0.542880 0.543412           0
0.362837 0.362974           1
0.254437 0.254559           1
0.536765 0.536950           1
0.295512 0.295512           0
0.460846 0.461049           1
0.429302 0.429466           0
0.604133 0.603912           0
0.296782 0.296792           0
0.252261 0.252266           0
0.282046 0.282030           0
0.189818 0.197400           0
0.310643 0.310654           0
0.592571 0.593046           1
0.252608 0.252686           0
0.318686 0.318748           0
0.369179 0.369054           0
0.249889 0.250026           0
0.357137 0.357013           0
0.698607 0.699002           0
0.607457 0.608145           0
0.506364 0.506884           0
0.429199 0.430263           1
0.238956 0.239086           0
0.250011 0.252077           0
0.253214 0.253212           0
0.267264 0.267738           0
0.563236 0.562985           1
0.994578 0.920719           1
0.512312 0.511759           0
0.835388 0.829288           1
0.415826 0.416339           1
0.283620 0.283619           0
0.529266 0.529694           1
0.912315 0.886891           1
0.246192 0.246233           0
0.477171 0.477777           1
0.315212 0.315274           0
0.237855 0.237948           0
0.477023 0.476884           1
0.533886 0.534138           1
0.895963 0.876185           1
0.858276 0.850617           1
0.577826 0.577534           0
0.833191 0.827314           1
1.000000 0.930096           1
0.897431 0.878664           1
0.245340 0.245405           0
0.273903 0.274018           0
0.199082 0.202470           0
0.269019 0.269140           0
0.337003 0.336995           1
0.272532 0.272526           0
0.656733 0.657569           1
0.328278 0.328426           0
0.431831 0.433068           0
0.590165 0.590094           0
0.589922 0.589808           1
0.662557 0.662770           1
0.300328 0.300311           1
0.215480 0.226109           0
0.350085 0.350585           0
0.836336 0.852311           1
0.726801 0.726796           1
0.286971 0.286962           1
0.885829 0.871394           0
0.340232 0.340339           1
0.300956 0.300929           0
0.747160 0.746800           1
0.588022 0.587397           1
0.860087 0.852426           1
0.290908 0.291108           1
0.349380 0.349579           1
0.483495 0.483617           0
0.231014 0.223718           1
0.295205 0.295132           0
0.599079 0.599237           1
0.346754 0.347276           0
0.644381 0.644595           1
0.579976 0.580032           1
0.539602 0.540666           1
0.530727 0.532256           1
0.351231 0.351485           0
0.620838 0.620995           0
0.219154 0.219038           0
0.519375 0.518948           1
0.580353 0.580402           1
0.320252 0.320530           0
0.343734 0.343834           0
0.336209 0.336278           1
0.241529 0.241554           0
0.341956 0.344442           1
0.298999 0.298937           0
0.800854 0.797246           1
0.307527 0.307581           1
0.306471 0.306495           0
0.246321 0.235010           0
0.708835 0.707594           1
0.302310 0.302316           0
0.279169 0.280279           0
0.289066 0.289177           1
0.720698 0.722096           1
0.269795 0.269861           0
0.312430 0.312473           0
0.720798 0.719575           0
0.511821 0.932086           1
0.258059 0.258369           0
0.263462 0.263901           0
0.480805 0.480980           0
0.506983 0.506918           1
0.854578 0.846031           1
0.846741 0.841602           1
0.752345 0.752349           0
0.522922 0.523966           1
0.616126 0.616069           0
0.476030 0.476056           0
0.751000 0.751098           1
0.334196 0.334301           0
0.235480 0.235412           0
0.275420 0.269752           0
0.568706 0.568738           1
0.773800 0.773782           0
0.240866 0.240877           1
0.491871 0.491822           0
0.583718 0.584475           1
0.722665 0.722331           1
0.566052 0.565555           1
0.441407 0.441655           1
0.452343 0.452908           0
0.249471 0.249781           0
0.622015 0.621941           1
0.339866 0.340058           0
0.396696 0.397995           0
0.653905 0.653292           1
0.340044 0.340218           1
0.370254 0.370406           1
0.678917 0.679748           1
0.739825 0.739016           1
0.588383 0.588103           0
0.779751 0.779313           1
0.189762 0.200267           0
0.438342 0.438418           1
0.767336 0.767670           1
0.622711 0.622615           1
0.250450 0.250567           0
0.553583 0.553718           1
0.301702 0.301701           0
0.778474 0.778210           1
0.235027 0.234983           0
0.367798 0.368616           1
0.274884 0.274910           0
0.364284 0.364763           0
0.650486 0.650044           0
0.308271 0.308399           0
0.229656 0.229503           0
0.641352 0.641323           1
0.324888 0.324995           0
0.543874 0.543900           1
0.708227 0.708210           1
0.262178 0.262440           1
0.678527 0.678567           1
0.513944 0.514016           0
0.409098 0.409388           0
0.681058 0.680352           1
0.323522 0.323655           1
0.377139 0.377600           0
0.575201 0.575130           0
0.220823 0.220734           0
0.921323 0.891241           1
0.420868 0.420996           1
0.457489 0.457529           1
0.510901 0.510578           1
0.936969 0.899469           1
0.310992 0.311123           1
0.679955 0.679825           1
0.471549 0.472580           0
0.408252 0.408705           0
0.554872 0.554674           1
0.748930 0.748411           1
0.929990 0.896991           1
0.396332 0.396573           0
0.584894 0.952140           1
0.285253 0.285334           0
0.968461 0.912277           1
0.286723 0.286723           0
0.606372 0.606402           0
0.539569 0.539606           1
0.329236 0.329436           1
0.187080 0.193807           0
0.200602 0.204179           0
0.308813 0.309074           0
0.300995 0.301082           0
0.840842 0.835044           1
0.271209 0.271265           0
0.288290 0.288280           0
0.346459 0.346491           0
0.467624 0.467502           0
0.743458 0.742924           1
0.279655 0.279651           1
0.812533 0.810025           1
0.611558 0.612041           1
0.569237 0.569018           1
0.535995 0.942004           1
0.412454 0.412819           0
0.350115 0.350184           1
0.283063 0.283154           0
0.488193 0.488069           0
0.702987 0.703092           1
0.326690 0.326757           1
0.551883 0.551662           0
0.591254 0.591127           1
0.640584 0.640520           1
0.637249 0.637363           1
0.485276 0.487766           0
0.418219 0.418220           0
0.225370 0.225461           0
0.677045 0.677354           1
0.338651 0.339005           1
0.592900 0.592791           0
0.806111 0.802575           1
0.768742 0.768994           0
0.327456 0.327477           0
0.392652 0.392999           0
0.953778 0.907810           0
0.309042 0.309024           1
0.515470 0.516150           0
0.943965 0.902393           1
0.682427 0.682083           0
0.515315 0.516201           1
0.421129 0.421853           0
0.290576 0.290653           1
0.462353 0.462858           0
0.921701 0.892509           1
0.518877 0.518814           1
0.693365 0.692953           0
0.313448 0.313756           1
0.256328 0.256425           0
0.401443 0.401841           0
0.655921 0.656103           1
0.269717 0.269752           0
0.542481 0.542305           1
0.258899 0.258890           0
0.875236 0.862128           1
0.243949 0.244031           0
0.662667 0.662243           0
0.816820 0.813678           0
0.214304 0.214345           0
0.247490 0.247617           0
0.231708 0.232029           0
0.502638 0.503166           1
0.254850 0.255568           0
0.705149 0.704572           1
0.248999 0.249003           0
0.298048 0.298107           0
0.610599 0.609990           1
0.214925 0.210476           0
0.310562 0.310660           1
0.364466 0.366191           0
0.346839 0.346976           0
0.825556 0.822153           0
0.950498 0.906348           1
0.316140 0.316311           1
0.310389 0.310502           0
0.615387 0.615377           1
0.529186 0.529542           0
0.356925 0.357188           0
0.897506 0.878708           1
0.757139 0.756481           1
0.820240 0.817035           1
0.627476 0.627056           1
0.901862 0.880251           1
0.424265 0.424287           1
0.646857 0.646701           1
0.320301 0.320284           0
0.512313 0.513207           1
0.671818 0.671497           1
0.660928 0.660590           1
0.414718 0.415003           0
0.399631 0.399900           1
0.219939 0.217090           0
0.632142 0.631938           0
0.238249 0.238248           0
0.621826 0.621545           0
0.543212 0.543397           1
0.742849 0.742481           0
0.205064 0.205293           0
0.438293 0.438466           1
0.502995 0.503775           1
0.328974 0.329349           0
0.720114 0.719510           1
0.309309 0.309306           0
0.582733 0.582725           1
0.591553 0.591616           1
0.683770 0.682989           1
0.239795 0.240041           0
0.193928 0.197453           0
0.732628 0.732160           1
0.589783 0.590091           0
0.639119 0.638879           1
0.607166 0.606900           0
0.502399 0.503321           0
0.303369 0.303545           0
0.687701 0.688155           0
0.760614 0.759587           1
0.245016 0.245068           0
0.341012 0.341337           0
0.320792 0.321002           1
0.774570 0.773626           1
0.246465 0.246686           0
0.245702 0.245777           0
1.000000 0.935601           1
0.511216 0.511937           0
0.662682 0.662016           0
0.227143 0.227015           0
0.411534 0.411828           0
0.535959 0.535870           0
0.804807 0.801364           1
0.663665 0.663509           0
0.602928 0.603099           1
0.612816 0.613509           1
0.748707 0.748467           1
0.649925 0.649498           1
0.351398 0.351501           1
0.685707 0.685408           1
0.415833 0.416988           1
0.270038 0.270158           0
0.590690 0.590991           1
0.776390 0.776285           1
0.305891 0.305903           0
0.201958 0.205073           0
0.305483 0.305552           1
0.501977 0.503091           0
0.318035 0.318098           1
0.619447 0.618992           1
0.267901 0.267991           0
0.273862 0.274061           0
0.223008 0.215763           0
0.245934 0.245945           1
0.860020 0.852419           1
0.323172 0.323313           1
0.347821 0.347852           0
0.685619 0.685505           0
0.499307 0.498853           1
0.388209 0.388567           1
0.222287 0.222660           0
0.515218 0.514749           0
0.559687 0.560333           0
0.325654 0.325966           0
0.259731 0.259718           1
0.805713 0.801849           0
0.264434 0.264766           0
0.247573 0.247715           1
0.338274 0.338353           0
0.250180 0.250134           0
0.498974 0.499140           1
0.644249 0.643603           0
0.752948 0.752713           1
0.296496 0.296554           1
0.711504 0.711312           1
0.761385 0.759932           1
0.235560 0.221718           0
0.700072 0.699437           0
0.321252 0.321328           0
0.635674 0.635653           1
0.929411 0.896021           1
0.407012 0.407103           1
1.000000 0.931350           1
0.353505 0.354765           1
0.552769 0.552776           0
0.246867 0.246854           1
0.397488 0.398306           0
0.786991 0.786506           1
0.331605 0.331773           0
0.285789 0.285986           1
0.514328 0.514456           0
0.403436 0.403465           0
0.233601 0.225490           0
0.322399 0.322420           0
0.588553 0.588228           1
0.202572 0.206061           0
0.370440 0.370113           1
0.644808 0.645081           0
0.257524 0.257638           0
0.263584 0.264173           1
0.688214 0.687654           1
0.808130 0.805096           1
0.350922 0.351442           1
0.218040 0.215681           0
0.351585 0.352614           1
0.319395 0.319467           0
0.722834 0.722035           1
0.729847 0.729016           1
0.258864 0.258855           1
0.197832 0.209114           0
0.668936 0.668281           1
0.834612 0.828556           1
0.371342 0.372472           1
0.962826 0.912711           1
0.478625 0.478104           1
0.278064 0.278112           0
0.463820 0.464057           0
0.265339 0.265388           0
0.313134 0.313105           1
0.553193 0.553097           1
0.276468 0.276465           0
0.812766 0.809897           1
0.596583 0.600511           1
0.679934 0.679510           1
0.940756 0.902744           1
0.246983 0.236706           0
0.674412 0.675077           1
0.268788 0.268962           0
0.290003 0.290001           0
0.251758 0.251757           0
0.727436 0.727209           1
0.380252 0.380731           1
0.617105 0.617054           1
0.633849 0.633842           1
0.788587 0.787263           1
0.600068 0.600653           1
0.566576 0.566518           0
0.556095 0.556834           1
0.751299 0.751092           0
0.312216 0.312264           0
0.635464 0.635767           0
0.677342 0.677309           0
0.233721 0.233838           0
0.256448 0.256549           0
0.294353 0.294346           0
0.315356 0.315443           0
0.483116 0.483090           0
0.598009 0.596606           0
0.582706 0.582753           0
0.232596 0.232511           0
0.441002 0.441147           0
0.240809 0.240839           0
0.390055 0.389956           1
0.312191 0.312182           0
0.695065 0.716619           0
0.382883 0.382653           0
0.783692 0.783399           1
0.272737 0.273107           0
0.884910 0.870341           0
0.424935 0.424083           0
0.482000 0.481921           1
0.220379 0.220350           0
0.371722 0.371803           0
0.270974 0.270935           0
0.258335 0.258483           0
0.686258 0.686076           1
0.221207 0.221312           0
0.825634 0.822841           1
0.254793 0.254791           1
0.547218 0.547058           0
0.288114 0.288203           0
0.236636 0.236499           0
0.653639 0.653653           0
0.518251 0.518050           1
0.907583 0.884500           1
0.647183 0.646970           0
0.284439 0.284857           0
0.643675 0.643193           1
0.715304 0.714475           1
0.897491 0.878835           1
0.769224 0.769082           0
0.256873 0.256865           1
0.584981 0.585194           1
0.252329 0.252330           1
0.834322 0.828485           0
0.382312 0.382606           1
0.611514 0.612044           0
0.467304 0.466988           0
0.408263 0.409109           0
0.397926 0.398064           1
0.324148 0.324240           0
0.421193 0.421882           1
0.650972 0.650854           1
0.640125 0.639556           1
0.325793 0.325806           1
0.736715 0.736773           1
0.209728 0.207599           0
0.733861 0.733083           0
0.570013 0.940643           1
0.757815 0.757029           0
0.747186 0.746888           1
0.601150 0.601672           1
0.895858 0.876569           1
0.282235 0.282522           0
0.445606 0.445967           1
0.204468 0.207471           1
0.303202 0.303205           1
0.238918 0.239212           0
0.774237 0.773497           0
0.271884 0.271881           1
0.531165 0.531286           0
0.479556 0.479564           0
0.226075 0.225928           0
0.329060 0.329063           0
0.719597 0.719247           1
0.606310 0.606189           1
0.404170 0.404211           0
0.361403 0.361934           0
0.846423 0.841176           1
0.607054 0.607057           1
0.285916 0.285936           0
0.304443 0.304493           0
0.720742 0.720561           1
0.354354 0.354523           1
0.732232 0.732090           1
0.327968 0.328029           0
0.571238 0.571069           0
0.465913 0.465518           1
0.773855 0.773573           0
0.286582 0.286554           0
0.609744 0.609330           0
0.646994 0.646468           1
0.654798 0.654305           1
0.706538 0.705707           1
0.278883 0.279057           0
0.438682 0.438905           1
0.600228 0.600026           1
0.773072 0.773175           0
0.622150 0.621786           1
0.318523 0.318689           1
0.565689 0.565566           1
0.316758 0.316814           0
0.247100 0.247174           0
0.599698 0.599605           1
0.400319 0.400834           0
0.628714 0.628383           0
0.239823 0.239897           0
0.297536 0.297924           0
0.770386 0.784281           1
0.210189 0.210191           0
0.330252 0.330423           0
0.908751 0.885884           1
0.530825 0.530711           1
0.241968 0.241964           0
0.613210 0.612845           1
0.626592 0.626389           1
0.320924 0.321080           0
0.299775 0.299873           0
0.309102 0.309260           0
0.485457 0.485936           1
0.431072 0.431234           0
0.424158 0.424208           1
0.542436 0.542041           0
0.434564 0.434530           1
0.209975 0.202996           0
0.352199 0.352653           0
0.838817 0.833105           1
0.249282 0.249276           0
0.491862 0.492075           0
0.782840 0.782607           1
0.791223 0.790884           1
0.327389 0.327389           1
0.669077 0.669117           0
0.273353 0.273343           0
0.241902 0.242248           1
0.194870 0.196206           0
0.712161 0.712272           1
0.355725 0.356488           1
0.363241 0.363348           0
0.399161 0.399048           1
0.855747 0.847749           0
0.705098 0.703905           0
0.618566 0.617921           0
0.448355 0.448451           1
0.801887 0.798697           1
0.767417 0.768401           1
0.454985 0.455661           1
0.270696 0.270773           0
0.277331 0.277384           0
0.250612 0.248115           0
0.578164 0.577896           0
0.197062 0.197029           0
0.597654 0.598096           1
0.309259 0.309285           0
0.269066 0.269090           0
0.274849 0.275158           0
0.194503 0.195182           0
0.557286 0.945237           1
0.719440 0.718503           1
0.214368 0.214501           0
0.387818 0.388080           1
0.345070 0.345049           1
0.613448 0.612828           1
0.742740 0.742367           1
0.782729 0.781743           1
0.210139 0.209984           1
0.571246 0.571078           0
0.541109 0.541211           0
0.457939 0.457484           0
0.800882 0.797794           1
0.308153 0.308103           1
0.261512 0.261629           0
0.839239 0.833396           1
0.597074 0.597105           1
0.660555 0.660857           1
0.912451 0.886985           1
0.283626 0.283831           1
0.553902 0.934349           1
0.561985 0.561769           0
0.308122 0.308180           0
0.327732 0.327828           0
0.581930 0.581731           1
0.359383 0.360390           1
0.326626 0.326676           1
0.355414 0.355421           0
0.685277 0.684889           1
0.526298 0.526220           0
0.267860 0.268176           0
0.658744 0.658485           1
0.411947 0.412545           1
0.240910 0.241023           1
0.460893 0.461157           0
0.295718 0.295707           0
0.382472 0.382010           0
0.329542 0.329727           0
0.368271 0.368458           1
0.743159 0.740326           1
0.816693 0.813716           1
0.343121 0.343138           0
0.249707 0.249769           0
0.316101 0.316201           1
0.341608 0.341746           1
0.731865 0.731323           1
0.406796 0.407087           1
0.727814 0.727360           1
0.718229 0.718156           1
0.282414 0.282447           0
0.202605 0.206233           0
0.278848 0.279357           1
0.372490 0.372250           1
0.672157 0.671842           1
0.223146 0.223774           0
0.405194 0.406153           1
0.657433 0.657071           1
0.298903 0.298967           0
0.594802 0.595091           0
0.765979 0.765915           1
0.592006 0.593075           1
0.524491 0.526589           1
0.503014 0.503124           1
0.289513 0.289516           0
0.784748 0.785140           1
0.194427 0.191203           0
0.225146 0.225164           0
0.311036 0.311159           0
0.316421 0.316427           0
0.314467 0.314388           0
0.706649 0.705702           1
0.839722 0.833663           1
0.245964 0.246137           0
0.735457 0.735603           1
0.223947 0.224368           0
0.737067 0.735862           0
0.229179 0.223725           0
0.537119 0.537149           0
0.560327 0.559759           0
0.819199 0.815712           1
0.322604 0.322789           0
0.375422 0.375371           1
0.241942 0.242108           0
0.277854 0.277835           0
0.903217 0.882497           1
0.445666 0.446022           1
0.810075 0.806829           1
0.325826 0.325847           1
0.336147 0.336340           0
0.720334 0.719945           1
0.343926 0.344527           0
0.649881 0.650747           0
0.384361 0.384603           1
0.379322 0.379433           1
0.318684 0.318700           0
0.521394 0.522577           1
0.755241 0.754399           1
0.306280 0.306524           1
0.852438 0.844180           1
0.282835 0.282837           1
0.701628 0.702798           1
0.817590 0.814714           0
0.757329 0.757134           1
0.243720 0.243856           0
0.695615 0.695408           1
0.315828 0.316172           0
0.840022 0.834155           1
0.479238 0.479928           1
0.753221 0.753071           1
0.434791 0.434815           0
0.296255 0.296481           1
0.865954 0.855605           1
0.266175 0.266435           0
0.707851 0.744298           1
1.000000 0.927313           1
0.579619 0.580739           1
0.675870 0.676031           0
0.230533 0.230377           0
0.733511 0.733396           1
0.437525 0.437480           0
0.402888 0.402896           1
0.772742 0.770935           1
1.000000 0.925426           1
0.762237 0.762067           0
0.774976 0.774274           1
0.426213 0.426429           1
0.438534 0.439117           1
0.624043 0.625042           0
0.229896 0.221994           0
0.690466 0.690343           1
0.340928 0.341381           1
0.314520 0.314617           1
0.771317 0.771025           1
0.344263 0.344621           1
0.393198 0.393525           1
0.307302 0.307520           0
0.669895 0.669762           1
0.495765 0.496061           0
1.000000 0.927546           1
0.666553 0.668422           1
0.280201 0.280190           0
0.639828 0.641723           1
0.293558 0.293749           0
0.304356 0.304442           0
0.508534 0.508693           0
0.229248 0.229250           1
0.605215 0.606209           1
0.293229 0.293232           0
0.443962 0.443903           1
0.290623 0.290685           0
0.268457 0.268753           0
0.470349 0.470481           1
0.241941 0.228593           0
0.227917 0.227816           0
0.304555 0.304540           0
0.561612 0.561819           1
0.228832 0.228741           0
0.940520 0.901391           0
0.592814 0.592225           0
0.565264 0.565341           1
0.865219 0.854670           0
0.221736 0.218790           0
0.331703 0.331792           0
0.386815 0.387057           0
0.901820 0.879873           1
0.712638 0.712570           1
0.819412 0.815791           0
0.682871 0.682417           1
0.684833 0.684462           0
0.354006 0.354346           1
0.732007 0.732004           1
0.699851 0.700094           1
0.543047 0.543386           1
0.451526 0.452753           1
0.601899 0.601992           1
0.415369 0.415659           0
0.325412 0.325426           0
0.265280 0.265360           0
0.563001 0.562669           1
0.301813 0.301810           0
0.632381 0.632447           0
0.789851 0.789793           1
0.639040 0.639501           1
0.211038 0.208566           0
0.637717 0.637791           0
0.760687 0.760586           0
0.189058 0.191425           0
0.292818 0.292913           1
0.487679 0.488509           0
0.866677 0.856161           1
0.700693 0.700749           1
0.296988 0.296979           1
0.712737 0.712570           1
0.359753 0.359691           1
0.669015 0.668807           0
0.724569 0.724119           0
0.813143 0.810104           1
0.883689 0.868928           1
0.750315 0.750039           0
0.420479 0.420594           0
0.344010 0.344030           0
0.582633 0.583636           1
0.307787 0.307880           0
0.382975 0.383813           1
0.404557 0.405049           1
0.319426 0.319429           1
0.234161 0.234033           0
0.390166 0.390309           1
0.756258 0.755651           1
0.487760 0.488899           1
0.355594 0.355793           1
0.401088 0.402039           1
0.603689 0.603501           1
0.813876 0.811106           1
0.264182 0.264269           0
0.637553 0.636805           0
0.532939 0.532271           0
0.542585 0.543180           1
0.248631 0.248985           0
0.525270 0.525172           1
0.875038 0.862250           1
0.329161 0.329746           1
0.749669 0.749183           1
0.890639 0.873543           1
0.790946 0.790645           1
0.590806 0.590590           0
0.535587 0.536229           1
0.288455 0.288544           0
0.433736 0.432243           0
0.834713 0.828957           1
0.794757 0.791433           1
0.740517 0.739810           1
0.303534 0.303725           1
0.606686 0.607157           1
0.917078 0.889788           1
0.354944 0.355118           0
0.284366 0.284496           0
0.672029 0.672130           1
0.263957 0.264159           0
0.555839 0.555980           0
0.303042 0.302961           0
0.237884 0.227304           0
0.211635 0.211603           0
0.221272 0.221158           0
0.485849 0.486395           1
0.345952 0.346255           1
0.628453 0.628302           0
0.260670 0.261099           0
0.317954 0.318023           0
0.950521 0.905493           1
0.326688 0.326931           1
0.454494 0.454149           1
0.311623 0.311664           0
0.241047 0.241165           0
0.373063 0.374110           0
0.229974 0.225780           0
0.266918 0.266979           0
0.625604 0.625406           0
0.237731 0.237897           0
0.702204 0.702122           1
0.511206 0.512485           1
0.766974 0.766917           1
0.897696 0.878501           1
0.275781 0.275841           0
0.418036 0.418891           0
0.266089 0.266355           1
0.268364 0.268521           1
0.242736 0.232273           0
0.771228 0.771044           1
0.311675 0.311660           0
0.248756 0.248774           0
0.209882 0.209928           0
0.853296 0.844875           1
0.240987 0.241102           0
0.467036 0.467443           0
0.350773 0.350881           1
0.258829 0.259217           0
0.950613 0.906704           1
0.259038 0.259116           0
0.231355 0.231332           0
0.241424 0.241574           0
0.866117 0.855390           1
0.599262 0.599022           0
0.846853 0.841617           1
0.442029 0.443053           0
0.665368 0.665440           0
0.634414 0.634324           1
0.310400 0.310500           0
0.907646 0.884331           1
0.332844 0.332956           0
0.249875 0.249875           0
0.261912 0.262002           0
0.270110 0.270104           0
0.232111 0.231953           0
0.329287 0.329361           0
0.635479 0.635318           0
0.365984 0.367375           1
0.844378 0.839297           1
0.398787 0.398857           0
0.956699 0.909083           1
0.600918 0.600484           0
0.352529 0.352336           0
0.382847 0.384259           0
0.598174 0.597997           1
0.636179 0.637772           1
0.318814 0.318875           0
0.446976 0.447674           0
0.226358 0.227423           0
0.231985 0.232233           0
0.318933 0.318967           1
0.498662 0.499023           0
0.700738 0.699928           1
0.442910 0.444591           1
0.860163 0.852322           1
0.698362 0.699449           1
0.845397 0.840479           1
0.878443 0.866246           1
0.694751 0.694813           1
0.534445 0.533069           0
0.622383 0.622468           1
0.302397 0.302302           0
0.818075 0.814997           1
0.417116 0.417994           0
0.394139 0.393772           1
0.608028 0.608441           1
0.443076 0.443608           1
0.299472 0.299536           0
0.585224 0.585525           0
0.301603 0.301515           1
0.219419 0.219593           0
0.288376 0.288644           0
0.307842 0.307839           0
0.387524 0.387705           1
0.346703 0.346886           1
0.303072 0.303142           0
0.678408 0.678033           1
0.219883 0.219782           0
0.253089 0.253162           1
0.806470 0.803267           0
0.479183 0.479292           0
0.997066 0.921600           1
0.221880 0.221769           0
0.806838 0.804003           1
0.334497 0.334478           0
0.575278 0.575437           1
0.353434 0.353713           0
0.701626 0.701857           0
0.232084 0.231967           0
0.279191 0.279112           0
0.832077 0.826382           0
0.304192 0.304852           0
0.311315 0.311272           1
0.676224 0.675573           0
0.643205 0.642930           1
0.226524 0.226664           0
0.240153 0.240149           0
0.664303 0.664231           1
0.806232 0.802730           0
0.491553 0.491726           1
0.581640 0.581255           1
0.237576 0.222049           0
0.644155 0.644365           0
0.330836 0.330932           1
0.551303 0.551223           1
0.269819 0.270242           0
0.315321 0.315440           1
0.315160 0.315163           0
0.827481 0.824760           1
0.485808 0.486168           0
0.533395 0.534721           1
0.228270 0.228217           0
0.842301 0.836379           1
0.278793 0.279047           0
0.524349 0.933999           1
0.813682 0.810438           1
0.305797 0.305789           0
0.745857 0.745188           0
0.596011 0.944143           1
0.838354 0.832589           1
0.233208 0.233216           0
0.248288 0.248282           0
0.414843 0.415264           0
0.789750 0.789877           0
0.600324 0.600520           1
0.729462 0.729541           1
0.522497 0.523077           0
0.902196 0.881057           1
0.423498 0.423615           0
0.250642 0.243189           0
0.766658 0.766147           1
0.342941 0.343098           1
0.897669 0.879210           1
0.307849 0.307891           0
0.370198 0.371114           0
0.294600 0.294595           0
0.614543 0.614767           0
0.487391 0.487521           0
0.314372 0.314437           1
0.623970 0.623725           1
0.493352 0.493621           0
0.725900 0.724874           1
0.679140 0.678737           1
0.246284 0.246452           0
0.602354 0.602542           0
0.199487 0.202748           0
0.878791 0.866704           1
0.759915 0.759089           0
0.609718 0.609362           1
0.813179 0.810159           1
0.528513 0.528873           1
0.788491 0.787948           1
0.670697 0.670466           1
0.621922 0.952996           1
0.537757 0.537812           1
0.883113 0.868539           0
0.781866 0.781885           1
0.258999 0.259092           0
0.233925 0.234301           0
0.405258 0.405371           1
0.693002 0.692936           0
0.283829 0.283834           0
0.577584 0.577235           1
0.251208 0.243650           0
0.432989 0.433395           0
0.767511 0.766499           1
0.213075 0.213862           0
0.584521 0.584559           1
0.492454 0.492730           1
0.245970 0.246196           0
0.637498 0.637948           1
0.558132 0.558784           0
0.726253 0.726125           1
0.596363 0.595972           0
0.314601 0.314771           0
0.260088 0.260361           1
0.491332 0.491764           1
0.382004 0.382255           1
0.335357 0.335572           0
0.463286 0.463328           0
0.276483 0.276602           0
0.596932 0.596685           0
0.284153 0.284268           0
0.858858 0.853112           1
0.282110 0.282109           0
0.625845 0.625997           1
0.685350 0.685246           1
0.725922 0.725865           1
0.637412 0.637341           0
0.615266 0.615256           1
0.620333 0.620156           0
0.771597 0.771166           1
0.788230 0.787258           0
0.515620 0.941129           1
0.549786 0.549968           0
0.309621 0.309669           0
0.786324 0.786146           0
0.782049 0.781585           0
0.841638 0.836322           1
0.903010 0.882426           1
0.419631 0.420217           0
0.780784 0.780389           0
0.327248 0.327630           0
0.720724 0.720605           1
0.339744 0.339998           1
0.355967 0.356346           0
0.320974 0.321096           1
0.638963 0.639179           1
0.309990 0.310003           1
0.548061 0.548404           1
0.799883 0.795831           0
0.622556 0.622538           0
0.903161 0.882277           1
0.417001 0.417049           1
0.667268 0.665767           0
0.769601 0.769893           1
0.657612 0.656877           1
0.264218 0.264356           0
0.470344 0.469857           0
0.744244 0.743646           1
0.473265 0.473356           0
0.600948 0.600926           0
0.543696 0.944196           1
0.271332 0.271419           1
0.609777 0.609530           1
0.337040 0.337025           0
0.608481 0.608285           1
0.524827 0.935169           0
0.404376 0.404552           1
0.357571 0.357579           0
0.722737 0.722215           1
0.772590 0.772528           0
0.770267 0.770037           1
1.000000 0.924968           1
0.833745 0.828046           1
0.843756 0.838410           1
0.828311 0.849340           1
0.317196 0.317379           0
0.766402 0.765808           1
0.704967 0.704372           0
0.321426 0.321784           1
0.866155 0.855692           1
0.269005 0.269111           0
0.776383 0.776062           1
0.807960 0.804747           0
0.495707 0.495858           1
0.783889 0.783782           1
0.363225 0.363429           1
0.832068 0.826451           1
0.521987 0.521690           1
0.307941 0.308015           1
0.745337 0.745087           0
0.343154 0.343203           0
0.254648 0.254735           0
0.494004 0.493789           1
0.459990 0.461345           1
0.270016 0.270137           0
0.670710 0.670450           1
0.419781 0.419805           0
0.573136 0.573280           0
0.718296 0.717860           1
0.295534 0.295670           0
0.673483 0.673457           0
0.580925 0.580696           1
0.357313 0.357200           0
0.417013 0.418045           0
0.231710 0.231697           0
0.677719 0.677266           1
0.367118 0.367251           0
0.619319 0.951625           1
0.779068 0.778295           1
0.255231 0.245775           0
0.456930 0.457114           1
0.780907 0.780380           1
0.574378 0.574428           1
0.280084 0.280198           0
0.676232 0.676090           0
0.441897 0.442808           1
0.763094 0.762804           1
0.292867 0.292997           1
0.557209 0.946075           1
0.333195 0.333260           1
0.296573 0.296646           0
0.448792 0.449794           0
0.277728 0.277919           1
0.685591 0.685541           1
0.614969 0.614999           1
0.515378 0.932158           1
0.743676 0.742595           1
0.869109 0.858813           1
0.743223 0.743150           1
0.471289 0.471588           1
0.865243 0.854733           1
0.546640 0.549285           0
0.286858 0.286841           0
0.647928 0.647953           1
0.772567 0.772529           1
0.285400 0.285404           0
0.764256 0.764377           1
0.201980 0.206048           0
0.210067 0.210450           0
0.897974 0.879611           0
0.389445 0.389409           1
0.437239 0.437145           0
0.365570 0.365476           0
0.859823 0.852436           0
0.434863 0.435502           1
0.947328 0.904785           1
0.476732 0.477014           0
1.000000 0.928894           1
0.455671 0.455751           1
0.262624 0.262620           0
0.760586 0.759369           1
0.357962 0.358487           0
0.264992 0.265193           0
0.671889 0.671487           0
0.944089 0.903091           1
0.281822 0.281794           0
0.890668 0.890037           1
0.246919 0.244831           0
0.273155 0.273250           0
0.283390 0.283669           0
0.330842 0.330992           0
0.349203 0.349591           1
0.307087 0.307096           0
0.316760 0.316814           0
0.339230 0.339360           0
0.817289 0.814431           1
0.361764 0.361937           1
0.901666 0.879832           1
0.356738 0.356716           1
0.307914 0.308120           0
0.662270 0.662402           1
0.273879 0.273872           0
0.366584 0.366703           0
0.432932 0.433446           0
0.619707 0.619763           0
0.222874 0.222743           0
0.228777 0.218436           0
0.194292 0.194932           0
0.756036 0.755581           1
0.334210 0.334371           0
0.994820 0.920714           1
0.342343 0.342346           0
0.278318 0.278851           0
0.737677 0.738346           1
0.863512 0.852855           1
0.519050 0.518856           1
0.276246 0.276492           0
0.510878 0.510621           1
0.246953 0.247176           0
0.740233 0.739043           1
0.325592 0.325681           0
0.234857 0.234697           0
0.245794 0.245788           1
0.670138 0.670368           1
0.692763 0.692396           1
0.267397 0.267389           1
0.327671 0.327606           0
0.283958 0.283943           1
0.516111 0.516312           1
0.856059 0.847501           0
0.535461 0.535643           1
0.233607 0.228388           1
0.675512 0.674827           1
0.440502 0.439616           0
0.428945 0.429037           1
0.272641 0.272735           0
0.584763 0.585226           1
0.232611 0.227581           0
0.528821 0.528821           1
0.515958 0.933162           1
0.556666 0.556322           0
0.674963 0.675322           0
0.399222 0.399252           1
0.587239 0.586643           0
0.285906 0.285892           0
0.268201 0.268274           0
0.599527 0.599255           1
0.531065 0.530380           1
0.976682 0.914886           1
0.413230 0.417409           1
0.944112 0.902694           1
0.431615 0.431427           0
0.719608 0.719667           1
0.666880 0.666762           0
0.290003 0.290309           0
0.518811 0.519141           0
0.335460 0.335459           0
0.660191 0.659568           0
0.586767 0.586887           0
0.322595 0.322912           1
0.604253 0.604445           1
0.341185 0.341283           0
0.728570 0.727939           1
0.528461 0.528413           0
0.291809 0.291822           1
0.743542 0.743140           1
0.261592 0.261582           0
0.620388 0.620030           0
0.661983 0.661589           1
0.652710 0.949712           1
0.253877 0.254032           0
0.328930 0.329610           0
0.294808 0.294900           0
0.345860 0.345988           1
0.481371 0.481271           1
0.361005 0.363099           1
0.754414 0.753991           1
0.581241 0.582008           1
0.208905 0.204238           0
0.300878 0.301133           0
0.615778 0.615742           1
0.279929 0.279932           0
0.907121 0.883898           1
0.323604 0.323660           0
0.270074 0.270067           0
0.634041 0.633886           1
0.573108 0.941707           1
0.278169 0.278281           0
0.482382 0.482070           1
0.672141 0.671427           1
0.658276 0.658066           1
0.816811 0.814667           1
0.804938 0.800956           1
0.190909 0.193419           0
0.309615 0.309678           0
0.529287 0.530281           0
0.813427 0.810031           0
0.604369 0.603007           1
0.640831 0.640707           1
0.320014 0.320132           0
0.418483 0.419131           1
0.325990 0.326068           1
0.532319 0.533026           1
0.234698 0.234618           1
0.251737 0.251814           0
0.324235 0.324351           0
0.392647 0.394371           1
0.411583 0.412272           0
0.748993 0.748845           1
0.579022 0.580315           0
0.363364 0.363798           0
0.692718 0.692501           0
0.569148 0.570517           1
0.597791 0.597898           1
0.668931 0.668402           1
0.663908 0.663829           1
0.347110 0.347165           0
0.456308 0.456339           0
0.573152 0.573145           1
0.260003 0.260237           0
0.784509 0.784006           1
0.416058 0.415987           1
0.347788 0.347855           0
0.596268 0.596659           1
0.334152 0.334223           0
0.416698 0.417340           0
0.341056 0.341143           0
0.355748 0.356371           0
0.672289 0.675252           1
0.731128 0.731062           1
0.712119 0.711891           1
0.287187 0.287237           1
0.660022 0.660114           1
0.458570 0.458436           0
0.338158 0.338303           1
0.641049 0.639036           1
0.292758 0.292699           0
0.464871 0.465707           0
0.266880 0.266887           0
0.620540 0.621114           1
0.266918 0.267028           0
0.712785 0.712623           0
0.614070 0.614404           1
0.388624 0.388786           0
0.986988 0.919005           1
0.201894 0.205040           0
0.425258 0.425379           0
0.326558 0.326846           0
0.461749 0.461606           0
0.501122 0.500358           1
0.540254 0.541257           0
0.541237 0.541858           0
0.584749 0.585479           0
0.245433 0.245426           0
0.651345 0.651265           1
0.217007 0.212934           0
0.315658 0.315591           1
0.233461 0.233706           0
0.617271 0.617147           1
0.616739 0.616975           0
0.658885 0.658428           1
0.393650 0.393828           0
0.836626 0.830672           1
0.511165 0.511234           1
0.333192 0.333276           0
0.808453 0.805223           0
0.542539 0.542390           1
0.348132 0.348182           0
0.301497 0.301487           0
0.598459 0.598496           1
0.583976 0.583820           1
0.874402 0.860986           1
0.265469 0.265501           0
0.261598 0.261598           0
0.452264 0.452417           1
0.459413 0.459746           1
0.389257 0.389513           0
0.334611 0.334795           1
0.392747 0.393194           0
0.241941 0.241943           0
0.263865 0.263855           0
0.254016 0.254067           1
0.706978 0.706612           0
0.407347 0.406937           1
0.687734 0.687840           1
0.622138 0.621976           0
0.771690 0.770846           1
0.566270 0.566089           0
0.267417 0.267528           0
0.507662 0.509021           0
0.796943 0.793770           1
0.889332 0.872230           1
0.821062 0.818035           1
0.289242 0.289480           0
0.561211 0.561058           0
0.699357 0.699683           0
0.420069 0.420392           0
0.309382 0.309453           0
0.439638 0.440044           1
0.779945 0.779874           1
0.570245 0.570247           0
0.473163 0.473395           1
0.733921 0.733817           1
0.366408 0.367055           1
0.741497 0.740916           0
0.432477 0.433708           1
0.785672 0.785239           1
0.285788 0.281422           0
0.521288 0.521020           1
0.251963 0.239393           0
0.901976 0.880795           1
0.824108 0.821270           1
0.259216 0.259210           0
0.611195 0.611647           0
0.441837 0.442141           1
0.200612 0.203841           0
0.576963 0.576917           1
0.246190 0.246270           1
0.282113 0.282162           0
0.265825 0.266039           0
0.300324 0.300316           0
0.323108 0.322998           0
0.286817 0.286802           1
0.725402 0.724852           1
0.595719 0.595571           0
0.524091 0.523957           1
0.654000 0.653500           0
0.314278 0.314338           0
0.230024 0.230042           0
0.611064 0.610697           1
0.340922 0.341016           1
0.578984 0.578874           0
0.663214 0.662976           1
0.219854 0.219749           0
0.286431 0.286525           0
0.700331 0.700107           1
0.609124 0.609019           1
0.426872 0.427326           1
0.447441 0.448448           0
0.694360 0.693800           1
0.655122 0.655314           1
0.199244 0.202410           0
0.349643 0.349834           0
0.317871 0.318391           0
0.519568 0.520385           0
0.479051 0.479138           0
0.385400 0.385425           0
0.605052 0.604718           0
0.719321 0.719421           1
0.600743 0.600695           1
0.714204 0.713487           1
0.375967 0.376516           0
0.868511 0.858579           1
0.538492 0.539570           0
0.784939 0.784845           1
0.528771 0.528871           1
0.812567 0.809286           0
0.307025 0.307112           0
0.523068 0.523330           1
0.319297 0.319365           1
0.549709 0.549883           1
0.635404 0.634842           1
0.624543 0.624600           1
0.227657 0.227611           0
0.339544 0.339609           1
0.679506 0.679241           1
0.592531 0.592805           0
0.226209 0.219058           0
0.240009 0.230706           0
0.236232 0.236075           0
0.234757 0.235824           0
0.266566 0.266755           0
0.719095 0.718119           1
0.390900 0.391639           0
0.832251 0.826618           1
0.331942 0.331978           0
0.524827 0.524887           1
0.301202 0.301448           0
0.248001 0.247997           1
0.773910 0.773874           1
0.295366 0.295356           1
0.477270 0.477715           0
0.260368 0.260480           0
0.667644 0.667496           1
0.279326 0.279435           1
0.436635 0.436509           1
0.375475 0.375902           1
0.595108 0.594890           0
0.249054 0.249303           1
0.544559 0.545105           0
0.436428 0.436735           0
0.273293 0.273367           0
0.389841 0.390041           0
0.481440 0.483693           0
0.536456 0.943483           1
0.724852 0.723653           1
0.824230 0.821552           0
0.480097 0.480174           0
0.335468 0.335621           0
0.465102 0.465114           1
0.372048 0.372278           0
0.326509 0.326824           1
0.504566 0.504180           0
0.309671 0.309656           0
0.979579 0.915819           1
0.631033 0.630952           1
0.259077 0.259060           0
0.325119 0.325263           0
0.466362 0.466983           1
0.399193 0.399402           1
0.275858 0.275967           0
0.838760 0.833464           1
0.238721 0.239093           0
0.224789 0.224670           0
0.740360 0.739959           1
0.587458 0.948824           1
0.745896 0.745124           1
0.285652 0.285749           0
0.326322 0.326325           0
0.267483 0.267495           0
0.786597 0.786068           0
0.839338 0.833424           0
0.259557 0.259599           0
0.350652 0.351731           0
0.310016 0.310107           1
0.574539 0.575378           1
0.301286 0.301402           0
0.462360 0.462418           1
0.253052 0.253443           0
0.606155 0.606131           1
0.246694 0.246738           0
0.833546 0.827294           1
0.388130 0.388547           1
0.297571 0.297673           0
0.837347 0.831147           1
0.330842 0.330895           1
0.562540 0.562464           0
0.539699 0.539798           1
0.860215 0.853138           1
0.866408 0.856036           1
0.836538 0.830916           0
0.838533 0.832683           1
0.292580 0.292668           1
0.999216 0.922033           1
0.217358 0.217534           0
0.668754 0.668442           0
0.359894 0.359745           1
0.221872 0.221905           0
0.815832 0.811956           1
0.737573 0.737229           0
0.233709 0.218155           0
0.348770 0.348785           1
0.308409 0.308507           1
0.968643 0.911726           1
0.533085 0.533332           1
0.643497 0.643560           1
0.321669 0.321747           1
0.228522 0.228461           0
0.868693 0.858485           1
0.210680 0.210483           0
0.761718 0.761648           1
0.238495 0.238504           0
0.229238 0.225634           0
0.217179 0.214486           0
0.261070 0.261074           0
0.473729 0.474078           1
0.627304 0.627231           1
0.921874 0.893144           1
0.769486 0.768576           1
0.256398 0.256389           0
0.219731 0.219809           0
0.724022 0.723330           1
0.699793 0.698759           1
0.654484 0.654097           1
0.612574 0.612530           1
0.298790 0.299404           0
0.273034 0.273316           0
0.293391 0.293441           0
0.443804 0.445106           0
0.377292 0.377568           0
0.214231 0.214152           0
0.473361 0.471747           0
0.395024 0.395125           1
0.545887 0.544947           1
0.405404 0.405964           1
0.224811 0.224720           0
0.299656 0.299761           0
0.475652 0.475776           0
0.274673 0.274669           0
0.342159 0.342318           0
0.965469 0.911783           1
0.813212 0.810273           0
0.771910 0.771553           1
0.594626 0.596150           1
0.330706 0.330791           1
0.746519 0.745840           1
0.307582 0.307675           1
0.187525 0.196131           0
0.368101 0.368300           0
0.295615 0.295608           1
0.301042 0.301048           0
0.825258 0.822428           1
0.318281 0.318471           0
0.896937 0.877606           0
0.599100 0.598605           0
0.343485 0.343521           1
0.297630 0.297702           1
0.299390 0.299469           1
0.809528 0.806353           1
0.797457 0.793784           1
0.638366 0.638206           1
1.000000 0.927905           1
0.663133 0.663191           1
0.541096 0.541462           1
0.227774 0.220472           0
0.807705 0.804132           1
0.762076 0.761129           1
0.538138 0.539134           1
0.530399 0.532618           1
0.343972 0.343958           0
0.658571 0.658633           1
0.219091 0.219182           0
0.315639 0.315631           0
0.581634 0.581754           1
0.807578 0.804470           1
0.345825 0.345842           0
1.000000 0.929745           1
0.890207 0.873406           1
0.333713 0.333753           0
0.296856 0.296933           0
0.666042 0.665804           1
0.891424 0.874936           1
0.257892 0.257914           0
0.832386 0.826678           1
0.312585 0.312654           1
0.740474 0.740804           0
0.278296 0.278567           0
0.545009 0.545571           1
1.000000 0.962487           1
0.319860 0.320018           0
0.625197 0.625266           0
0.327449 0.327522           1
0.259531 0.259631           1
0.506687 0.506452           0
0.463738 0.463901           0
0.770718 0.769934           1
0.533436 0.533537           0
0.242005 0.242013           0
0.614477 0.943536           1
0.595391 0.595286           1
0.603929 0.963744           1
0.242458 0.242462           0
0.301164 0.301261           0
0.701203 0.700441           0
0.294468 0.294548           0
0.441388 0.441489           0
0.523811 0.524024           0
0.590648 0.590810           1
0.646754 0.646571           1
0.317964 0.318067           0
0.321483 0.321547           1
0.688758 0.688017           0
0.308147 0.308231           0
0.507893 0.507497           1
0.329848 0.329952           0
0.513273 0.513135           1
0.947350 0.904163           1
0.335859 0.336107           1
0.473891 0.473759           0
0.238074 0.238081           0
0.663886 0.663731           0
0.338760 0.338744           1
0.760864 0.760331           0
0.329662 0.329775           1
0.564598 0.564978           1
0.632247 0.632373           1
0.292386 0.292331           0
0.609843 0.610193           0
0.367781 0.367563           0
0.495635 0.495400           1
0.647224 0.647148           1
0.438782 0.438964           1
0.201290 0.199549           0
0.520189 0.520212           1
0.314382 0.314398           0
0.352995 0.353677           0
0.223275 0.216944           0
0.322590 0.322845           0
0.604180 0.604199           1
0.644125 0.644361           1
0.273775 0.273830           0
0.866948 0.856232           1
0.446116 0.446286           1
0.319066 0.319054           1
0.590300 0.590555           1
0.337076 0.336994           0
0.278293 0.278353           0
0.512787 0.512740           1
0.496598 0.496622           1
0.867653 0.857512           1
0.579183 0.578900           1
0.300383 0.300477           0
0.654619 0.654414           1
0.727932 0.727659           1
0.689727 0.689272           1
0.548517 0.548777           1
0.644049 0.644196           1
1.000000 0.928428           1
0.704661 0.704432           0
0.885033 0.870381           0
0.723687 0.723213           1
0.212471 0.212399           0
0.616591 0.616641           0
0.318623 0.318674           0
0.752138 0.751331           1
0.302826 0.302953           1
0.331933 0.331974           0
0.424622 0.425474           0
0.463748 0.463660           1
0.789536 0.789052           1
0.810149 0.807163           0
0.321980 0.321964           1
0.327841 0.327635           0
0.780610 0.780869           1
0.201331 0.204431           0
0.241296 0.241394           0
0.580180 0.581594           0
0.662584 0.662790           1
0.637964 0.637649           1
0.334000 0.334299           1
0.647563 0.646505           0
0.333247 0.333326           0
0.300146 0.300199           0
0.315996 0.316011           0
0.710295 0.710175           1
0.820231 0.817071           1
0.318641 0.318645           1
0.743493 0.743024           1
0.241685 0.238108           0
0.334833 0.334891           0
0.347533 0.347575           1
0.864726 0.853764           1
0.913129 0.888420           1
0.500865 0.501647           1
0.775033 0.774581           1
0.615306 0.615427           1
0.300369 0.300767           1
0.852180 0.844085           1
0.723738 0.723255           0
0.731703 0.730587           1
0.469759 0.469536           0
0.331218 0.331219           0
0.424061 0.424763           1
0.614051 0.615637           1
0.687011 0.686605           1
0.976658 0.915541           1
0.674038 0.673592           0
0.891954 0.875505           1
0.587398 0.587149           0
0.824728 0.821896           1
0.342789 0.343495           0
0.294808 0.295298           1
0.912761 0.887947           1
0.617536 0.616970           0
0.213965 0.208385           0
0.313828 0.313824           1
0.380765 0.381085           1
0.516931 0.517169           0
0.334009 0.334069           1
0.222458 0.211839           0
0.445891 0.446503           0
0.865617 0.854850           1
0.953823 0.906738           1
0.236104 0.236026           0
0.211230 0.211432           0
0.263330 0.263396           0
0.479146 0.479320           1
0.338855 0.338843           1
0.425693 0.425887           1
0.467476 0.467931           1
0.943927 0.902899           1
0.711523 0.711324           1
0.325397 0.325413           1
0.212987 0.212901           0
0.629989 0.630243           1
0.826688 0.823301           1
0.349804 0.349756           1
0.642663 0.641798           1
0.775537 0.775334           1
0.291629 0.291827           0
0.303238 0.303321           0
0.572759 0.572111           0
0.274463 0.274578           0
0.389363 0.389472           1
0.780121 0.779382           1
0.574650 0.575180           1
0.671135 0.671029           1
0.583321 0.583052           0
0.230189 0.230173           0
0.681943 0.681870           1
0.338414 0.338613           0
0.237625 0.237662           0
0.758745 0.757941           1
0.553579 0.553761           1
0.215005 0.215131           0
0.838203 0.832637           0
0.981835 0.916743           1
0.305142 0.305791           1
0.342015 0.342099           0
0.289364 0.289341           0
0.289665 0.289837           0
0.610554 0.610668           1
0.498209 0.498648           0
0.562762 0.563348           0
0.203024 0.201760           0
0.500677 0.500699           1
0.302907 0.303175           0
0.804694 0.801301           0
0.567025 0.567191           0
0.705528 0.705570           1
0.372146 0.372585           0
0.378741 0.379167           0
0.506181 0.506866           1
0.290202 0.290309           1
0.571822 0.572007           1
0.227965 0.227916           0
0.695139 0.694519           1
0.340676 0.341272           1
0.809943 0.806439           0
0.637656 0.638163           0
0.664944 0.664373           1
0.344354 0.344449           0
0.283378 0.283356           0
0.583761 0.584240           0
0.312395 0.312580           0
0.344120 0.344195           1
0.521296 0.521844           1
0.585211 0.585761           0
0.502800 0.502815           1
0.291810 0.291857           0
0.973900 0.914920           1
0.639645 0.640205           1
0.666909 0.666008           1
0.250330 0.250752           0
0.587641 0.587441           1
0.350553 0.351332           1
0.446437 0.446692           0
0.661397 0.660936           1
0.702739 0.702902           1
0.360741 0.360572           1
0.663868 0.663918           1
0.562198 0.562021           1
0.891918 0.874883           1
0.536585 0.536452           1
0.556178 0.556495           1
0.524626 0.524750           0
0.494800 0.494768           0
0.217770 0.217696           0
0.331904 0.332076           0
0.204565 0.207696           0
0.459496 0.459638           0
0.663315 0.663305           1
0.301200 0.301229           1
0.712123 0.712006           0
0.625054 0.626512           0
0.514757 0.514965           1
0.696737 0.696359           1
0.633051 0.633313           0
0.214650 0.214574           0
0.839150 0.833533           1
0.249565 0.249565           1
0.712318 0.712194           1
0.673835 0.673480           1
0.606242 0.605607           0
0.425455 0.425896           1
0.796963 0.793633           0
0.296315 0.296568           0
0.384901 0.385673           0
0.488008 0.488497           0
0.719463 0.719276           1
0.633829 0.634331           1
0.739007 0.738755           1
0.460171 0.460315           1
0.525630 0.525714           1
0.469924 0.470114           0
0.550436 0.550325           0
0.220797 0.220877           0
0.342777 0.342293           0
0.676215 0.676229           0
0.203047 0.199215           0
0.597855 0.598041           1
0.341509 0.341936           1
0.305586 0.306054           1
0.332302 0.332463           0
0.710244 0.710236           1
0.272181 0.272175           0
0.816009 0.844333           1
0.665219 0.666627           1
0.540100 0.933232           1
0.631142 0.630973           0
0.716790 0.716249           1
0.521490 0.521643           1
0.847239 0.842003           1
0.202948 0.204654           0
0.365459 0.365488           0
0.668001 0.668476           0
0.257095 0.257097           0
0.526391 0.526220           0
0.224288 0.224152           0
0.336381 0.336442           1
0.737666 0.737464           0
0.884126 0.869117           1
0.912367 0.887304           1
0.271743 0.271726           1
0.840349 0.834467           1
0.251754 0.252028           0
0.477955 0.476984           1
0.316637 0.316549           0
0.622453 0.623042           0
0.744684 0.744021           0
0.632028 0.631997           1
0.463501 0.464446           1
0.271186 0.271178           0
0.318760 0.318750           0
0.532915 0.533392           0
0.311968 0.312166           0
0.357667 0.357474           1
0.203718 0.202205           0
0.527461 0.527716           1
0.316679 0.316771           1
0.281214 0.281757           0
0.650122 0.649901           1
0.845197 0.839912           1
0.510061 0.510123           1
0.852241 0.843898           1
0.606540 0.606273           0
0.741246 0.740600           1
0.187099 0.189836           0
0.306281 0.306520           1
0.889366 0.872061           1
0.269098 0.269103           1
0.512297 0.512452           1
0.447758 0.447595           1
0.349736 0.350043           0
0.310657 0.310723           0
0.218571 0.218753           0
0.497599 0.497729           0
0.855711 0.847765           1
0.664113 0.663952           1
0.242550 0.242671           1
0.325879 0.325935           0
0.646976 0.646296           0
0.331304 0.331315           1
0.841192 0.835435           1
0.305712 0.305776           0
0.418405 0.419281           0
0.798039 0.793746           0
0.268364 0.268765           0
0.400763 0.400146           0
0.333570 0.333753           1
0.427284 0.426774           0
0.302632 0.302726           0
0.842607 0.837253           1
0.351896 0.351849           1
0.300600 0.300615           0
0.255995 0.256008           0
0.497542 0.497614           1
0.744988 0.745103           1
0.618148 0.618156           1
0.275370 0.275481           0
0.454467 0.454983           1
0.348238 0.348357           0
0.586384 0.585973           0
0.643357 0.643072           1
0.216161 0.213193           0
0.575252 0.574979           1
0.546222 0.546374           1
0.634516 0.634534           1
0.256966 0.257035           1
0.687388 0.687490           0
0.667831 0.668204           1
0.507100 0.507841           1
0.282178 0.282242           0
0.291808 0.291874           1
0.867326 0.857206           1
0.447991 0.448139           1
0.817502 0.813841           1
0.333649 0.333785           0
0.517367 0.517656           0
0.223620 0.224047           0
0.500821 0.500958           0
0.891509 0.874680           0
0.347563 0.348966           0
0.312249 0.312366           1
0.744793 0.744336           1
0.584701 0.585148           0
0.979507 0.916203           1
0.273616 0.273747           0
0.482469 0.482636           1
0.239754 0.234893           0
0.738903 0.738436           1
0.519684 0.520997           1
0.268594 0.268689           0
0.275634 0.275621           0
0.617218 0.617635           0
0.541215 0.541348           0
0.325220 0.325296           1
0.767260 0.766877           1
0.768315 0.768091           1
0.335915 0.335897           1
0.474301 0.474425           1
0.678212 0.677656           0
0.668562 0.667831           0
0.221084 0.221105           0
0.737195 0.737002           1
0.319183 0.319374           1
0.810664 0.807425           1
1.000000 0.931126           1
0.442562 0.442702           1
0.659572 0.659876           1
0.557219 0.557076           0
0.598831 0.598875           1
0.645490 0.645071           0
0.809936 0.806892           1
0.285751 0.286058           0
0.602225 0.602512           1
0.326313 0.326326           0
0.381780 0.382167           0
0.767485 0.767308           1
0.312251 0.312427           1
0.304286 0.304340           1
0.908251 0.898257           1
0.278747 0.278738           0
0.346668 0.346700           0
0.665021 0.664557           0
0.387448 0.387568           0
0.248398 0.249081           0
0.484042 0.484043           0
0.649763 0.650511           0
0.841690 0.836046           1
0.968595 0.911951           1
0.217682 0.217773           0
0.299191 0.299289           0
0.330943 0.331028           1
0.463353 0.463404           0
0.447855 0.449161           1
0.361066 0.361363           1
0.648148 0.647981           1
0.316168 0.316245           0
0.610885 0.611032           1
0.331827 0.331890           1
0.327969 0.328173           1
0.639567 0.639225           1
0.349711 0.349681           0
0.775375 0.774950           1
0.819203 0.815618           0
0.518497 0.518763           1
0.208761 0.204098           0
0.476565 0.476652           1
0.507422 0.507715           0
0.388477 0.388658           1
0.272830 0.272822           0
0.520887 0.521072           0
0.312861 0.312852           0
0.241965 0.241970           1
0.712321 0.711121           1
0.267803 0.267940           1
0.298794 0.298882           1
0.885843 0.871825           1
0.678847 0.678654           1
0.215141 0.215055           0
0.488846 0.489185           0
0.760733 0.759940           1
0.727888 0.727640           0
0.662735 0.662522           0
0.806127 0.802743           1
0.316299 0.316371           0
0.550275 0.550272           0
0.382008 0.382499           1
0.218714 0.218894           1
0.971165 0.913470           1
0.295945 0.296040           0
0.553063 0.552920           1
0.548495 0.548775           0
0.445161 0.445295           0
0.585709 0.585481           1
0.247058 0.247107           0
0.637490 0.637110           0
0.361341 0.362304           1
0.307007 0.307099           0
0.491493 0.491844           1
0.294246 0.294663           1
0.608871 0.608418           0
0.334474 0.334477           0
0.420530 0.420555           0
0.863701 0.852915           1
0.302095 0.302197           0
0.783792 0.783528           1
0.599235 0.599676           1
0.492180 0.492316           1
0.292847 0.293085           0
0.389571 0.390294           0
0.295960 0.295953           0
0.365906 0.366216           0
0.564112 0.563657           0
0.555663 0.555728           0
0.543446 0.937810           1
0.270346 0.270336           0
0.692462 0.692292           1
0.412630 0.413132           0
0.601335 0.957535           1
0.284391 0.284451           0
0.235812 0.235673           0
0.789431 0.789309           1
0.687124 0.686897           0
0.344145 0.344367           0
0.701968 0.702488           1
0.252171 0.252541           1
0.540185 0.540421           1
0.464231 0.465622           0
0.313261 0.313334           1
0.284885 0.285122           0
0.765574 0.765538           0
0.384417 0.384575           0
0.676596 0.676768           1
0.636294 0.636117           0
0.216011 0.215905           0
0.360398 0.360955           1
0.320049 0.320109           0
0.586221 0.586305           1
0.261900 0.261882           0
0.714580 0.714439           1
0.676217 0.679448           1
0.545217 0.545093           0
0.337422 0.337457           1
0.658824 0.658991           1
0.433263 0.433426           1
0.328428 0.328505           1
0.381766 0.382221           1
0.801767 0.798252           0
0.316377 0.316485           0
0.271067 0.271220           0
0.670063 0.669916           0
0.643076 0.644943           0
0.737714 0.737524           1
0.588969 0.588781           1
0.754124 0.753127           1
0.664030 0.663904           1
0.648990 0.649438           1
0.393155 0.393274           0
0.201322 0.202621           0
0.335609 0.335586           0
0.269545 0.269703           0
0.842660 0.837215           1
0.395297 0.396800           1
0.641627 0.643539           1
0.282470 0.282612           1
0.349735 0.349767           0
0.253810 0.254259           0
0.241261 0.241990           0
0.574078 0.574103           1
0.534271 0.534701           1
0.518558 0.518915           1
0.925946 0.895196           1
0.959940 0.909420           0
0.321232 0.321357           0
0.723792 0.723756           0
0.316685 0.317288           0
0.351591 0.351666           0
0.383847 0.384261           1
0.739705 0.738899           0
0.432011 0.432240           0
0.719041 0.718739           1
0.902702 0.881811           1
0.290959 0.291077           0
0.263081 0.263073           1
0.513524 0.512883           1
0.320294 0.320382           0
0.339025 0.339081           0
0.844542 0.839225           0
0.718119 0.718998           1
0.803954 0.800393           1
0.925660 0.894606           1
0.317465 0.317448           0
0.590126 0.589602           1
0.281526 0.281784           1
0.224212 0.224698           0
0.263804 0.264234           0
0.756760 0.756645           1
0.388130 0.388547           1
0.464180 0.464480           0
0.808042 0.805167           1
0.305762 0.306001           0
0.353273 0.353381           0
0.659127 0.658898           1
0.247868 0.247882           0
0.375473 0.375659           0
0.733094 0.732339           1
0.774291 0.774044           0
0.539420 0.538930           0
0.455839 0.455469           0
0.687798 0.686823           1
0.243284 0.243493           0
0.260808 0.260803           0
0.245492 0.245550           1
0.385723 0.385822           0
0.692330 0.691396           1
0.320428 0.320594           0
0.262546 0.262669           0
0.409411 0.410345           1
0.622025 0.622369           1
0.624611 0.624738           0
0.659171 0.659063           0
0.268398 0.268892           1
0.847208 0.841872           0
0.303461 0.303569           1
0.239700 0.239780           0
0.335936 0.336110           0
0.291140 0.291146           1
0.424654 0.424481           0
0.479876 0.480061           1
0.217410 0.217332           0
0.486399 0.486752           1
0.647796 0.647326           0
0.240945 0.241044           0
0.328447 0.328588           0
0.246588 0.246726           0
0.276641 0.276871           1
0.781864 0.781260           1
0.811738 0.808372           1
0.390467 0.390598           0
0.823936 0.820957           1
0.523180 0.523725           1
0.328452 0.328507           0
0.859948 0.852227           1
0.832977 0.827398           0
0.481527 0.481568           1
0.721385 0.721234           0
0.724362 0.723786           1
0.898165 0.879789           1
0.815163 0.811963           1
0.929869 0.897281           1
0.419610 0.419751           1
0.555944 0.555846           1
0.933497 0.897905           1
0.551320 0.556656           0
0.316066 0.316200           1
0.660499 0.660430           0
0.852527 0.844288           1
0.700037 0.699878           0
0.750435 0.749792           0
0.857697 0.850141           1
0.467950 0.468636           1
0.844765 0.839227           1
0.426901 0.427370           1
0.248330 0.248331           1
0.198896 0.201769           0
0.622948 0.623341           1
0.956824 0.908127           1
0.583366 0.583583           1
0.324540 0.324703           0
0.762358 0.761966           1
0.331207 0.331362           0
0.739666 0.739159           1
0.733360 0.732490           1
0.405144 0.405432           1
0.730034 0.730043           0
0.788424 0.788289           1
0.753220 0.752594           1
0.389263 0.389067           0
0.730317 0.730053           1
0.316650 0.317244           1
0.318979 0.319736           0
0.616217 0.620779           1
0.254178 0.254312           0
0.277591 0.277668           0
0.306512 0.306500           0
0.240504 0.240511           0
0.824330 0.821413           1
0.790816 0.791034           1
0.670307 0.669765           1
0.251471 0.251612           0
0.261907 0.262145           0
0.290118 0.290205           1
0.290476 0.290668           0
0.664494 0.664565           0
0.633066 0.632929           0
0.623556 0.624332           1
0.739041 0.738372           1
0.864956 0.854375           1
0.695024 0.695010           1
0.342574 0.342858           1
0.892410 0.875916           1
0.357608 0.358172           1
0.947325 0.904232           1
0.392109 0.393006           1
0.305652 0.305642           0
0.295266 0.295316           0
0.256926 0.247177           0
0.536120 0.536092           1
0.659744 0.659474           1
0.317116 0.317287           1
0.321029 0.321093           0
0.776492 0.776040           1
0.332973 0.333024           1
0.278846 0.278760           1
0.234610 0.234497           1
0.805176 0.801622           0
0.649722 0.649462           1
0.312460 0.312676           0
0.824941 0.822508           1
0.356269 0.356268           0
0.263711 0.263842           0
0.878206 0.866321           1
0.362130 0.362143           0
0.417913 0.418479           1
0.273967 0.274014           0
0.744861 0.744477           1
0.203576 0.216578           0
0.405723 0.406010           0
0.675081 0.675003           1
0.588121 0.627078           1
0.585962 0.585677           1
0.353582 0.359679           0
0.292179 0.292174           1
0.336907 0.337283           0
0.707936 0.707891           0
0.733173 0.733377           0
0.287802 0.287724           0
0.442312 0.443189           1
0.346758 0.347177           1
0.603863 0.603384           1
0.249986 0.250265           0
0.330117 0.330312           1
0.485093 0.485245           0
0.545699 0.545782           0
0.706101 0.705619           1
0.587907 0.586991           0
0.245523 0.245647           1
0.870182 0.860348           0
0.632190 0.631891           1
0.564222 0.564502           1
0.287854 0.289137           0
0.255325 0.255602           0
0.415416 0.416082           0
0.383129 0.383721           1
0.433818 0.434028           1
0.770715 0.770017           1
0.648892 0.651494           1
0.643387 0.642936           1
0.357578 0.357295           0
0.288232 0.288219           0
0.268518 0.268508           1
0.262571 0.262567           0
0.276660 0.276773           0
0.693625 0.693057           0
0.809288 0.806391           0
0.731873 0.731577           0
0.704731 0.704592           1
0.333984 0.334045           0
0.196517 0.207971           0
0.676112 0.676191           0
0.557182 0.558089           0
0.202378 0.197985           0
0.482008 0.482700           0
0.287850 0.287838           0
0.475632 0.475806           1
0.762193 0.762287           1
0.866797 0.856233           1
0.294788 0.298772           0
0.742310 0.741767           1
0.697414 0.697062           1
0.925656 0.894152           1
0.361977 0.362348           0
0.705029 0.704765           1
0.222839 0.222881           0
0.374903 0.375056           1
0.314730 0.314923           0
0.690261 0.690475           1
0.317965 0.318166           1
0.328968 0.329167           0
0.897793 0.879121           0
0.553976 0.944177           1
0.330367 0.330640           0
0.205495 0.208501           0
0.770609 0.770434           1
0.203408 0.206753           0
0.616910 0.616880           0
0.573108 0.952568           1
0.838189 0.832007           1
0.467869 0.468115           1
0.480751 0.480796           1
0.220807 0.220822           0
0.331442 0.331756           0
0.287324 0.287461           0
0.693229 0.692833           1
0.869245 0.859338           1
0.705537 0.704787           1
0.776632 0.775406           1
0.636921 0.636874           1
0.359198 0.359532           1
0.553850 0.936282           1
0.947383 0.904689           0
0.606743 0.606446           0
0.627121 0.627275           0
0.314316 0.314451           0
0.251950 0.252248           0
0.325166 0.325224           1
0.309736 0.309733           0
0.768719 0.767981           1
0.668626 0.667871           1
0.820229 0.817175           0
0.702266 0.701648           1
0.313266 0.313468           1
0.709886 0.709436           1
0.559029 0.558924           1
0.306505 0.306714           1
0.423171 0.423740           1
0.717298 0.716731           1
0.873647 0.860752           1
0.547863 0.548341           1
0.572767 0.573355           1
0.248160 0.248202           0
0.675909 0.676470           1
0.979175 0.916386           1
0.338479 0.338650           1
0.236664 0.236575           0
0.320801 0.321092           1
0.567745 0.568833           1
0.225907 0.225844           0
0.867284 0.856725           1
0.430392 0.430489           0
0.243474 0.243589           0
0.246942 0.246951           0
0.392062 0.392809           0
0.386126 0.386405           0
0.278068 0.278123           0
0.398850 0.399249           0
0.332316 0.332387           1
0.242977 0.243028           0
0.257809 0.257849           0
0.420103 0.420449           1
0.303680 0.303751           0
0.380861 0.381511           0
0.827964 0.824889           1
0.822734 0.820888           1
0.247270 0.247387           0
0.279744 0.279871           0
0.352959 0.353247           1
0.639362 0.641277           1
0.226872 0.226726           1
0.711451 0.711907           1
0.539781 0.542204           0
0.381143 0.380867           1
0.803267 0.799691           1
0.638225 0.637785           1
0.326571 0.326667           1
0.591226 0.591581           0
0.259378 0.259489           0
0.374448 0.375130           0
0.933765 0.899468           1
0.693935 0.693737           1
0.303542 0.303621           0
0.466294 0.466596           1
0.782249 0.782634           0
0.287421 0.287560           0
0.620842 0.620762           1
0.483287 0.483560           0
0.314015 0.314068           0
0.639671 0.639426           1
0.858066 0.850585           1
0.783567 0.783817           1
0.338341 0.338204           0
0.385573 0.385565           1
0.234839 0.235099           0
0.353346 0.353450           1
0.761733 0.761226           1
0.863660 0.853027           1
0.284579 0.284678           0
0.261073 0.261073           0
0.285181 0.285294           1
0.219306 0.216703           0
0.340633 0.340988           0
0.823315 0.820204           1
0.401042 0.401431           0
0.719398 0.718916           1
0.336180 0.336256           1
0.455678 0.456473           1
0.587087 0.586946           1
0.748705 0.748038           1
0.624145 0.623987           1
0.718950 0.718028           1
0.429712 0.429989           1
0.884069 0.869338           1
0.298524 0.298691           0
0.703831 0.703834           1
0.281888 0.281875           1
0.604986 0.604901           1
0.592394 0.592523           1
1.000000 0.926243           1
0.802532 0.799436           1
0.234659 0.234492           0
0.227655 0.227666           0
0.324080 0.324168           1
0.814476 0.810774           1
0.753927 0.753494           1
0.322555 0.322700           0
0.574768 0.574685           0
0.699327 0.699954           1
0.346783 0.346624           1
0.708939 0.708307           1
0.255919 0.256198           1
0.311984 0.312090           0
0.805435 0.801566           1
0.267964 0.268041           1
0.418656 0.418842           0
0.500198 0.500317           1
0.267442 0.267544           0
0.416909 0.417819           0
0.269711 0.269777           0
0.768548 0.768633           1
0.316170 0.316236           1
0.603937 0.603584           0
0.648383 0.648554           1
0.603837 0.604608           0
0.617564 0.617436           0
0.237637 0.221217           0
0.259468 0.259611           0
0.368467 0.368043           0
0.658227 0.659851           0
0.274964 0.274951           0
0.419484 0.419294           1
0.483567 0.484485           0
0.795316 0.792081           1
0.259467 0.259598           0
0.455490 0.456120           1
0.389394 0.389370           0
0.307680 0.307979           0
0.246021 0.246026           0
0.284346 0.284336           0
0.328927 0.328916           0
0.424704 0.426422           0
0.787296 0.786862           1
0.700402 0.699736           1
0.254979 0.255133           0
0.330776 0.331205           0
0.410412 0.410201           0
0.203525 0.206551           0
0.274816 0.274911           0
0.565689 0.565861           0
0.486647 0.487101           0
0.401041 0.402338           1
0.400203 0.400501           0
0.349712 0.349759           0
0.270135 0.270127           0
0.233863 0.233867           0
0.606038 0.606218           1
0.369838 0.370567           0
0.569943 0.941217           1
0.251125 0.251272           0
0.281956 0.281955           1
0.870153 0.860533           1
0.777747 0.777253           0
0.781336 0.780618           1
0.422312 0.421925           0
0.646841 0.650926           1
0.483918 0.484327           1
0.280564 0.280704           0
0.360762 0.361637           1
0.258963 0.258982           0
0.331739 0.331799           1
0.273923 0.274210           0
0.359044 0.358927           0
0.971309 0.913423           0
0.582899 0.583627           0
0.802694 0.799447           1
0.248908 0.249150           0
0.906915 0.883420           0
0.249466 0.249614           0
0.423849 0.424573           0
0.372592 0.372471           0
0.750563 0.749717           1
0.303595 0.303670           1
0.704718 0.704556           0
0.369707 0.369520           0
0.649980 0.649903           1
0.308901 0.308899           0
0.386307 0.386986           0
0.238865 0.238979           0
0.278473 0.278761           0
0.784638 0.784278           1
0.297581 0.297971           1
0.621680 0.621872           1
0.233112 0.230093           0
0.489308 0.489663           1
0.397699 0.397655           0
0.343970 0.344040           1
0.329247 0.329311           1
0.657666 0.657666           1
0.889385 0.889166           1
0.236863 0.236791           0
0.577917 0.577854           0
0.764788 0.764735           1
0.450957 0.451472           0
0.463280 0.463102           0
0.332184 0.332179           0
0.858664 0.849375           1
0.291369 0.291349           0
0.310528 0.310516           0
0.625685 0.626203           0
0.706016 0.705776           1
0.294970 0.295098           0
0.210289 0.210844           0
0.797897 0.794568           1
0.901804 0.880028           1
0.453627 0.453442           0
0.615326 0.615350           0
0.396877 0.397122           0
0.484358 0.485488           0
0.319341 0.319349           0
0.507083 0.510382           1
0.501350 0.501526           1
0.610017 0.609722           1
0.615037 0.614750           1
0.812741 0.809654           1
0.442298 0.442545           0
0.819160 0.815963           1
0.282465 0.282560           0
0.661845 0.661772           1
0.606988 0.606964           1
0.282474 0.282509           0
0.380984 0.381063           1
0.852919 0.844990           1
0.337142 0.337231           0
0.588574 0.589435           1
0.327046 0.327039           0
0.451275 0.451038           0
0.592025 0.592381           1
0.711792 0.711635           1
0.260935 0.261371           1
0.489493 0.489595           0
1.000000 0.923905           1
0.486324 0.486855           0
0.464612 0.466168           1
0.432293 0.432738           1
0.457781 0.457905           1
1.000000 0.927300           1
0.233244 0.233083           0
0.740566 0.740072           1
0.647654 0.648473           1
0.851186 0.843395           1
0.612597 0.612837           1
0.416968 0.417231           0
0.340929 0.340915           0
0.260440 0.260431           1
0.572661 0.572630           1
0.896071 0.876817           1
0.758439 0.758251           1
0.734845 0.734425           0
0.702058 0.702233           0
0.907980 0.884552           1
0.514919 0.515058           0
0.838517 0.832831           1
0.661840 0.662201           0
0.327552 0.327741           0
0.405960 0.406317           1
0.668631 0.668857           1
0.912495 0.892238           1
0.300890 0.300995           1
0.219586 0.220642           1
0.279444 0.279445           0
0.312041 0.312050           0
0.759222 0.757612           0
0.913374 0.908041           1
0.308219 0.308307           0
0.242303 0.242412           0
0.847259 0.841137           1
0.313348 0.313433           0
0.425920 0.425540           0
0.315199 0.315196           1
0.213621 0.214417           0
0.292957 0.293161           0
0.287172 0.287282           0
0.296366 0.296512           0
0.709678 0.710747           1
0.433774 0.433876           0
0.310046 0.310042           0
0.313858 0.314107           1
0.553904 0.554684           0
0.235576 0.226933           0
0.857969 0.849754           1
0.313983 0.314095           0
1.000000 0.931743           1
0.809199 0.805735           0
0.311490 0.311592           0
0.299554 0.299553           0
0.237113 0.237436           0
0.448849 0.447912           1
0.824157 0.821176           1
0.542120 0.542200           0
0.547995 0.548433           1
0.682791 0.682598           1
0.270113 0.270342           0
0.311479 0.311734           0
0.388038 0.388770           0
0.604314 0.604094           1
0.270239 0.270339           1
0.278094 0.278205           0
0.285881 0.286122           0
0.276811 0.276840           0
0.496123 0.497229           1
0.877959 0.865604           1
0.451309 0.451808           0
0.833554 0.827508           1
0.327494 0.327666           0
0.210542 0.210820           0
0.270417 0.270431           1
0.734421 0.733618           1
0.517141 0.517475           0
0.345328 0.345476           0
0.314521 0.314512           0
0.202113 0.205291           0
0.299850 0.300070           1
0.216160 0.216354           0
0.651103 0.650813           1
0.690750 0.690491           1
0.646323 0.646609           0
0.405414 0.405798           1
0.785482 0.784951           1
0.383226 0.384109           0
0.812375 0.808974           1
0.578417 0.578473           1
0.752638 0.752200           1
0.263135 0.263385           1
0.584908 0.586001           1
0.319028 0.319231           0
0.536584 0.537491           1
0.674101 0.673407           0
0.940520 0.901226           1
0.716293 0.716853           1
0.628978 0.628679           1
0.269156 0.269493           0
0.325282 0.325350           0
0.721631 0.721211           0
0.636780 0.636539           0
0.353921 0.354181           1
0.567348 0.567512           1
0.241337 0.241486           0
0.897443 0.878805           0
0.599339 0.599872           0
0.284565 0.284661           0
0.364049 0.364204           0
0.424931 0.425217           0
1.000000 0.962995           1
0.448098 0.448197           1
0.674077 0.674146           1
0.240733 0.240891           1
0.493315 0.493414           0
0.243163 0.243199           0
0.624445 0.623834           1
0.439444 0.439394           1
0.508816 0.509446           1
0.885997 0.871945           1
0.328632 0.328714           0
0.859446 0.852046           1
0.345355 0.345416           0
0.672946 0.672761           0
0.588326 0.588604           1
0.724408 0.724264           1
0.772066 0.771086           1
0.262912 0.262904           0
0.770081 0.769783           1
0.635816 0.635917           1
0.579094 0.957863           1
0.947389 0.919325           1
0.651346 0.651415           0
0.496523 0.495410           0
0.825845 0.822895           0
0.327872 0.327713           0
0.572566 0.572591           0
0.364950 0.365578           0
0.313474 0.313685           0
0.377508 0.377473           1
0.205572 0.209048           0
0.581122 0.581497           1
0.608384 0.608693           1
0.287019 0.287120           1
0.600879 0.601251           0
0.350327 0.350473           1
0.268641 0.268716           0
0.567194 0.567258           1
0.800314 0.796265           1
0.536308 0.936946           1
0.865076 0.854805           1
0.581935 0.582445           1
0.804215 0.800758           1
0.475898 0.475718           1
0.604595 0.604433           1
0.852749 0.844599           1
0.261819 0.261900           0
0.236125 0.236058           1
0.266732 0.266733           1
0.322013 0.322080           1
0.256305 0.256415           0
0.292857 0.292966           0
0.265302 0.265293           1
0.826534 0.823571           1
0.682780 0.682256           1
0.334646 0.334559           1
0.734803 0.733816           1
0.371586 0.372202           1
0.247506 0.239557           0
0.798487 0.796374           1
0.621735 0.621643           0
0.271923 0.271942           0
0.902330 0.881105           1
0.809793 0.806508           1
0.550491 0.938221           1
0.596624 0.596623           0
0.587002 0.586928           1
0.762107 0.761712           1
0.766599 0.766545           1
0.290255 0.290253           1
0.743633 0.743396           1
0.672459 0.671893           1
0.214692 0.214768           0
0.709289 0.710151           1
0.609737 0.609342           1
0.233042 0.225100           0
0.664722 0.664526           0
0.660757 0.660679           1
0.987341 0.928877           1
0.343112 0.343197           0
0.269834 0.269826           0
0.236844 0.237194           0
0.307906 0.307987           0
0.250112 0.250278           0
0.336552 0.336743           0
0.274566 0.274663           1
0.763293 0.763027           1
0.507889 0.508164           1
0.331274 0.331337           0
0.294957 0.295063           0
0.263555 0.263602           1
0.853633 0.845461           1
0.345089 0.345142           1
0.255461 0.256266           0
0.287680 0.287942           0
0.310403 0.310825           0
0.445406 0.445454           0
0.295026 0.295212           1
0.921407 0.892123           1
0.570355 0.570713           1
0.718764 0.718462           1
0.197188 0.200872           0
0.288990 0.289005           0
0.984338 0.928641           1
0.707556 0.706828           0
0.255364 0.255477           0
0.509902 0.509796           0
0.579541 0.578661           1
0.285002 0.285257           0
0.458205 0.461205           1
0.620168 0.620449           0
0.502736 0.501930           0
0.493324 0.493166           0
0.826576 0.823730           1
0.782445 0.781831           1
0.556333 0.556581           1
0.354356 0.354808           0
0.201750 0.205496           0
0.344385 0.344439           0
0.437948 0.438326           0
0.805611 0.802536           1
0.649997 0.650729           0
0.579641 0.578813           0
0.769329 0.769200           1
0.971406 0.913524           0
0.599199 0.599211           1
0.628748 0.628559           0
0.858785 0.850843           0
0.256822 0.246384           0
0.221864 0.218757           0
0.515526 0.931356           1
0.550611 0.953649           1
0.358791 0.359370           1
0.338524 0.338573           1
0.902754 0.881685           1
0.739357 0.738240           0
0.327483 0.327508           1
0.647409 0.647032           0
0.489270 0.489188           0
0.520367 0.521473           0
0.669687 0.669468           1
0.390891 0.391046           0
0.467254 0.467544           0
0.717227 0.716881           1
0.488520 0.488648           1
0.422923 0.424522           1
0.854750 0.846362           1
0.294036 0.294350           0
0.363904 0.363915           0
0.715589 0.715239           1
0.843352 0.837764           1
0.422412 0.423950           1
0.393666 0.393767           1
0.342163 0.341961           1
0.520642 0.520082           1
0.584397 0.583911           0
0.243496 0.243732           0
0.291049 0.291289           1
0.573230 0.572994           0
0.626962 0.948412           1
0.247559 0.247663           0
0.495007 0.496058           0
0.425089 0.424925           0
0.517189 0.518262           1
0.867140 0.856926           1
0.435338 0.436566           0
0.750573 0.750266           0
0.777762 0.777436           1
0.531843 0.531680           1
0.959886 0.906992           0
0.774498 0.774518           1
0.764972 0.764557           1
0.452052 0.453083           1
0.762283 0.762611           0
0.556521 0.556632           0
0.614318 0.614339           1
0.263659 0.263760           1
0.330039 0.330061           0
0.642962 0.642983           1
0.705317 0.704110           0
0.299061 0.299281           0
0.687854 0.688072           1
0.802506 0.799242           1
0.842753 0.836517           1
0.214974 0.214887           0
0.683639 0.684045           1
0.213582 0.213790           0
0.427225 0.427947           0
0.203812 0.206845           0
0.523210 0.523505           1
0.260550 0.260755           0
0.287919 0.288036           0
0.290636 0.290695           0
0.609032 0.608846           1
0.346306 0.346795           0
0.215200 0.215089           0
0.415591 0.416021           0
1.000000 0.929245           1
0.315002 0.315054           0
0.296225 0.296424           0
0.833285 0.827528           0
0.283237 0.283315           0
0.296549 0.296639           1
0.271057 0.271050           0
0.624551 0.624218           0
0.342803 0.342890           1
0.309413 0.309482           1
0.354796 0.354922           1
0.250340 0.250467           0
0.465354 0.465983           1
0.355777 0.355797           0
0.570630 0.570596           0
0.645310 0.645126           0
0.648297 0.647953           1
0.826932 0.823935           1
0.262361 0.262388           0
0.786904 0.786366           1
0.514749 0.514684           1
0.372944 0.373511           0
0.203489 0.206552           0
0.686053 0.685603           0
0.753779 0.752896           1
0.595735 0.595308           1
0.224581 0.224587           0
0.336789 0.336859           0
0.673951 0.673942           0
0.212016 0.212381           0
0.694962 0.694826           0
0.773010 0.772786           1
0.765376 0.765026           1
0.261417 0.261439           0
0.268925 0.269008           0
0.312564 0.312572           0
0.235282 0.235260           1
0.444651 0.445895           0
0.263607 0.263605           1
0.354394 0.354493           0
0.798634 0.794677           1
0.733598 0.733513           1
0.415601 0.415475           1
0.695305 0.696737           0
0.680353 0.681333           1
0.228134 0.229146           0
0.484737 0.484827           1
0.419088 0.419381           1
0.706610 0.706635           1
0.610002 0.609921           1
0.386985 0.387317           0
0.256858 0.256975           1
0.567297 0.568220           1
0.236115 0.236031           0
0.744672 0.744303           0
0.335821 0.335921           0
0.309813 0.309825           0
0.592100 0.592986           0
0.840453 0.835163           1
0.527008 0.527355           1
0.193310 0.187640           0
0.262462 0.262562           1
0.332756 0.332801           1
0.484789 0.484948           1
0.293834 0.293888           0
0.277502 0.277583           0
0.335660 0.335708           0
0.885523 0.871144           1
0.237372 0.221917           0
0.968404 0.913041           1
0.337497 0.337664           1
0.758177 0.758042           1
0.242742 0.242742           0
0.503961 0.503950           0
0.907503 0.884400           1
0.661221 0.662104           1
0.336206 0.336269           1
0.262936 0.263035           0
0.305790 0.305828           0
0.877753 0.865617           0
0.604622 0.604531           0
0.868566 0.858565           1
0.211104 0.208938           0
0.556771 0.557166           1
0.747295 0.747102           0
0.651890 0.651681           1
0.579438 0.579632           1
0.429202 0.429789           0
0.280907 0.281150           0
0.235407 0.223680           0
0.344929 0.345097           1
0.405262 0.406139           1
0.295053 0.295130           0
0.285667 0.285632           0
0.777148 0.776017           1
0.348171 0.348090           0
0.247315 0.247451           0
0.827619 0.824171           0
0.390672 0.390847           0
0.802880 0.798921           1
0.750729 0.750069           1
0.704144 0.703616           1
0.254407 0.254687           0
0.308725 0.308778           0
0.222644 0.222647           0
0.417936 0.417766           0
0.539942 0.540207           0
0.342751 0.343350           1
0.605397 0.605800           1
0.316641 0.317320           0
0.201465 0.204616           0
0.328693 0.328728           1
0.773353 0.773127           1
0.597024 0.597207           1
0.663119 0.662823           0
0.847082 0.842012           0
0.344166 0.344368           1
0.820330 0.816746           0
0.399845 0.399942           0
0.570884 0.571035           1
0.417311 0.417422           0
0.561482 0.561483           0
0.225969 0.223621           0
0.233486 0.233418           0
0.354560 0.354675           0
0.524078 0.940349           1
0.333438 0.333752           0
0.304205 0.304448           0
0.636172 0.636489           1
0.578354 0.577802           1
0.337191 0.337354           0
0.805462 0.802446           1
0.430683 0.431044           1
0.700524 0.700375           1
0.780089 0.779945           0
0.533128 0.533280           1
0.500084 0.501543           1
0.654938 0.654624           1
0.921086 0.891552           1
0.579621 0.579355           1
0.765793 0.766157           1
0.492396 0.492459           1
0.281127 0.281185           0
0.651574 0.651973           1
1.000000 0.929097           1
0.339763 0.339982           0
0.883019 0.867971           1
0.773995 0.773401           0
0.609452 0.609398           0
0.405863 0.406989           0
0.855890 0.847512           0
0.786909 0.786794           1
0.269134 0.269293           0
0.248437 0.248480           0
0.741769 0.741278           1
0.321434 0.321391           0
0.796078 0.792641           1
0.688715 0.688463           0
0.855323 0.847311           1
0.751744 0.751408           1
0.267482 0.267515           0
0.280441 0.280386           0
0.525569 0.525702           1
0.608704 0.608738           1
0.419122 0.419419           1
0.324415 0.324503           0
0.419708 0.419782           0
0.274528 0.274519           0
0.702595 0.702525           1
0.846782 0.842010           1
0.332092 0.332133           0
0.677846 0.677782           0
0.782761 0.782679           1
0.822834 0.819953           1
0.202360 0.198078           0
0.330470 0.330628           0
0.313494 0.313652           0
0.856125 0.848317           0
0.340902 0.340895           1
0.401118 0.401281           1
0.259426 0.259532           0
0.748087 0.748024           1
0.784743 0.784680           1
0.348290 0.348438           1
0.402487 0.403107           0
0.282706 0.282679           0
0.410751 0.410822           1
0.243564 0.244035           0
0.262032 0.262027           0
0.324047 0.324054           0
0.228803 0.220470           0
0.294574 0.294666           0
0.486363 0.486753           1
0.672768 0.672777           1
0.393214 0.394467           1
0.712797 0.712576           0
0.690509 0.690508           0
0.510717 0.511330           1
0.657988 0.658107           1
0.287993 0.288088           0
0.233016 0.232849           0
0.532837 0.533065           0
0.763707 0.763275           1
0.247086 0.247423           1
0.204104 0.207458           0
0.348630 0.348681           0
0.589520 0.588729           1
0.324187 0.324293           0
0.269143 0.269607           1
0.417535 0.418239           0
0.283864 0.283921           1
0.933427 0.898615           1
0.965857 0.911393           1
0.578649 0.578537           1
0.677750 0.677724           0
0.529963 0.530793           0
0.597969 0.597997           0
0.412883 0.413045           0
0.310050 0.310122           1
0.451764 0.452105           1
0.755112 0.755107           1
0.454921 0.455130           0
0.678425 0.678790           1
0.229579 0.229448           0
0.837680 0.832007           1
0.197399 0.196535           0
0.257923 0.257921           1
0.761493 0.760690           1
0.253844 0.253914           0
0.916891 0.889396           1
0.520046 0.519702           1
0.310401 0.310773           1
0.276453 0.276642           1
0.243058 0.243108           0
0.637887 0.638147           0
0.533366 0.532629           0
0.229372 0.230504           0
0.360903 0.361022           0
0.501756 0.501336           1
0.691779 0.691707           1
0.249552 0.249685           0
0.320669 0.320723           0
0.239970 0.240113           1
0.348571 0.348538           1
0.538465 0.538534           1
0.488998 0.489004           0
0.636730 0.636568           1
0.657224 0.657527           1
0.912168 0.886882           1
0.532369 0.532088           0
0.825633 0.822769           1
0.742716 0.742728           1
0.220511 0.220385           0
0.338148 0.338190           0
0.583382 0.585092           0
0.214916 0.210590           0
0.805862 0.829269           1
0.583421 0.583473           0
0.338219 0.338354           1
0.197875 0.195293           0
0.652611 0.651794           0
0.645720 0.645942           1
0.442199 0.442054           1
0.254819 0.254817           1
0.666856 0.667666           1
0.398639 0.399308           1
0.229153 0.222619           0
0.285677 0.285722           0
0.425064 0.426318           1
0.481213 0.481140           0
0.535004 0.535529           1
0.227022 0.219273           0
0.319567 0.319594           0
0.908466 0.885865           1
0.677224 0.676753           1
0.356958 0.356903           1
0.406476 0.407016           0
0.823129 0.819896           1
0.490791 0.490979           1
0.268320 0.268420           0
0.386123 0.385922           1
0.446711 0.446741           1
0.743690 0.744799           1
0.527913 0.527945           0
0.690055 0.689288           1
0.384177 0.384354           0
0.771370 0.787167           1
0.678413 0.678167           1
0.336879 0.336882           0
0.822023 0.818831           1
0.520241 0.520097           0
0.282254 0.282406           1
0.691714 0.691290           1
0.501030 0.501305           1
0.300990 0.301231           0
0.688515 0.688221           1
0.477673 0.477551           0
0.318430 0.318520           0
0.742728 0.742567           1
0.546441 0.546799           0
0.784419 0.784418           1
0.357836 0.357558           0
0.464715 0.464124           1
0.348153 0.349069           1
0.353135 0.354389           1
0.496538 0.496488           0
0.271281 0.271280           0
0.446777 0.446788           1
0.686508 0.685905           1
0.553277 0.553372           1
0.275159 0.275043           0
0.340337 0.340518           0
0.749791 0.749706           0
0.362669 0.362942           1
0.651407 0.651572           1
0.245108 0.245138           0
0.603289 0.603298           0
0.937285 0.900525           1
0.216507 0.212694           0
0.335160 0.335286           1
0.305288 0.305281           0
0.851071 0.842786           1
0.361055 0.360939           1
0.907373 0.883652           1
0.337265 0.337306           1
0.330773 0.330529           0
0.643675 0.643930           1
0.470247 0.470728           0
0.462593 0.462647           0
0.383149 0.384028           0
0.634979 0.635046           1
0.663291 0.663008           0
0.812740 0.809696           1
0.379667 0.379851           0
0.221549 0.221450           0
0.557311 0.558103           1
0.309155 0.309234           0
0.499338 0.499696           1
0.338657 0.338749           0
0.298971 0.299172           0
0.858929 0.851512           0
0.720800 0.721321           1
0.580381 0.580702           1
0.735426 0.735284           0
0.335078 0.335042           0
0.796154 0.792717           1
0.296074 0.296576           0
0.275419 0.275751           0
0.612182 0.611919           0
0.286020 0.286130           1
0.653373 0.652490           1
0.600869 0.601149           0
0.858819 0.850751           1
0.454111 0.454272           0
0.265614 0.265776           0
0.721818 0.721749           1
0.594557 0.594853           0
0.531402 0.532079           0
0.902154 0.880458           1
0.317015 0.317004           1
0.596093 0.949349           1
0.702129 0.701851           0
0.470968 0.471106           1
0.330229 0.330252           1
0.248700 0.248806           0
0.352024 0.352346           0
0.472043 0.472106           0
0.437666 0.437339           1
0.532476 0.532202           1
0.519767 0.520052           1
0.218648 0.218691           0
0.751939 0.751154           1
0.814815 0.811073           1
0.922147 0.893501           1
0.338355 0.338237           0
0.649679 0.649607           1
0.630062 0.629189           0
0.638245 0.638287           1
0.558178 0.558371           0
0.298862 0.298954           0
0.720743 0.720996           1
0.390444 0.390568           1
0.593406 0.592219           0
0.444260 0.445698           0
0.731811 0.731472           0
0.701560 0.701766           1
0.287891 0.287878           0
0.191001 0.200137           0
0.226430 0.226334           0
0.728580 0.727946           0
0.284731 0.284739           0
0.399983 0.400384           1
0.839732 0.833950           1
0.748249 0.748034           1
0.399809 0.399899           1
0.326488 0.326562           0
0.401717 0.402253           1
0.543623 0.943936           1
0.891002 0.874216           1
0.772929 0.771981           0
0.826397 0.823322           1
0.525852 0.525790           0
0.589905 0.590317           1
0.809004 0.805983           0
0.482323 0.482548           0
0.528318 0.528429           1
0.468029 0.467197           1
0.328910 0.328998           0
0.447406 0.447461           0
0.487320 0.487942           1
0.329722 0.329667           1
0.428732 0.428877           1
0.776011 0.775668           0
0.299899 0.300006           0
0.204210 0.207430           1
0.377717 0.377826           0
0.917500 0.890150           1
0.337477 0.337660           0
0.655843 0.657417           1
0.917590 0.890628           1
0.780934 0.779973           1
0.263973 0.264388           0
0.858478 0.850547           0
0.312734 0.312898           0
0.486823 0.487050           0
0.278267 0.278396           1
0.377412 0.377601           0
0.316547 0.316618           0
0.521109 0.521060           1
0.857037 0.849095           1
0.834827 0.828806           1
0.331853 0.332034           0
0.259866 0.259981           0
0.237015 0.237024           0
0.809483 0.806148           1
0.243425 0.240215           0
0.846056 0.840814           1
0.404410 0.404866           1
0.659667 0.659730           1
0.540149 0.540485           1
0.200192 0.201665           0
0.598856 0.599080           0
0.472411 0.476645           0
0.525734 0.525738           0
0.784059 0.783484           1
0.300458 0.300529           0
0.430129 0.429444           1
0.424830 0.424877           1
0.495948 0.496607           1
0.548747 0.548425           1
0.800227 0.796816           1
0.553929 0.944707           1
0.507617 0.507417           0
0.277685 0.277712           0
0.870055 0.860021           0
0.375740 0.376133           0
0.348117 0.348041           0
0.551997 0.551861           1
0.281193 0.281291           1
0.505680 0.505584           0
0.801692 0.798578           1
0.472369 0.472426           1
0.450095 0.450481           0
0.235357 0.227044           0
0.673570 0.673121           0
0.577696 0.578791           1
0.314866 0.314934           0
0.720365 0.719550           0
0.940611 0.901466           1
0.241614 0.241701           0
0.274380 0.274573           1
0.520053 0.521019           0
0.292592 0.287678           0
0.332884 0.332887           1
0.393103 0.393212           0
0.703724 0.703258           0
0.238922 0.238919           0
0.418757 0.420242           1
0.591112 0.590877           1
0.341763 0.341781           1
0.628212 0.628209           1
0.311318 0.311350           0
0.611921 0.611759           1
0.258312 0.258321           0
0.681143 0.681254           1
0.330363 0.330646           0
0.494400 0.494566           1
0.401325 0.401669           0
0.450836 0.451591           0
0.394671 0.394166           0
0.192272 0.189290           0
0.673179 0.672602           0
0.889958 0.872777           1
0.875657 0.863111           1
0.232679 0.232528           0
0.235583 0.226389           0
0.552124 0.554118           0
0.660528 0.660722           1
0.316195 0.316189           0
0.254744 0.254742           0
0.598663 0.957038           1
0.419916 0.420224           1
0.445209 0.445051           0
0.351830 0.351657           0
0.234317 0.234155           0
0.215524 0.215633           0
0.824487 0.821167           1
0.295175 0.295178           0
0.718629 0.718720           0
0.720869 0.720167           1
0.306819 0.306802           0
0.950573 0.905680           1
0.315997 0.316069           1
0.573566 0.573461           1
0.304270 0.304463           0
0.782750 0.783215           1
0.968475 0.912646           1
0.241047 0.241165           0
0.241029 0.241188           0
0.658647 0.658760           1
0.851518 0.842978           1
0.277175 0.277524           0
0.261487 0.262426           1
0.374783 0.374530           1
0.645526 0.645893           1
0.636625 0.635905           0
0.350792 0.351326           0
0.316560 0.316830           0
0.258805 0.258812           0
0.456180 0.456785           1
0.614353 0.614179           1
0.225620 0.216345           0
0.539319 0.539954           0
0.959897 0.909617           1
0.857025 0.849436           1
0.275532 0.275520           0
0.658589 0.658151           0
0.783871 0.783788           0
0.254074 0.256443           1
0.752710 0.752101           1
0.235861 0.235837           0
0.224885 0.217166           0
0.265775 0.265902           0
0.865974 0.855109           1
0.580061 0.579887           1
0.351617 0.351459           0
0.767617 0.767748           1
0.953759 0.922761           1
0.333996 0.333988           1
0.275632 0.275851           0
0.388370 0.388258           0
0.453311 0.453210           0
0.316327 0.316322           0
0.281412 0.281407           0
0.580406 0.580490           0
0.217939 0.213833           0
0.327763 0.327641           0
0.838113 0.832532           1
0.304418 0.304502           1
0.790156 0.790030           1
0.595255 0.595299           1
0.187092 0.195558           0
0.625134 0.625318           0
0.599550 0.598959           0
0.317980 0.318054           0
0.323642 0.323566           0
0.429817 0.430182           1
0.637904 0.637557           0
0.759544 0.758856           1
0.249203 0.249390           0
0.796546 0.793032           0
0.782201 0.781743           1
0.412752 0.412600           1
0.662053 0.661972           1
0.523890 0.933307           0
0.192846 0.202836           0
0.801677 0.798208           1
0.852847 0.844339           1
0.721535 0.722107           1
0.253022 0.253021           0
0.526588 0.526714           0
0.231456 0.221702           0
0.241888 0.241893           0
0.246094 0.246092           0
0.608730 0.608463           1
0.705649 0.705280           1
0.317668 0.317744           0
0.908322 0.885670           1
0.821293 0.817997           1
0.889946 0.872511           0
0.679639 0.679681           1
0.271862 0.272097           1
0.608111 0.607818           1
0.585071 0.585173           1
0.277025 0.277041           0
0.476427 0.476590           0
0.608054 0.607840           1
0.238263 0.238758           0
0.637988 0.637704           0
0.469774 0.472968           1
0.319378 0.319500           1
0.227867 0.227720           0
0.799811 0.796670           1
0.841591 0.835931           0
0.518229 0.517499           0
0.349546 0.351077           0
0.984304 0.917882           1
0.443058 0.443342           0
0.296585 0.296973           0
0.762207 0.761963           1
0.321332 0.321323           1
0.347204 0.347199           1
0.417668 0.417633           1
0.699001 0.698805           1
0.444923 0.445183           0
0.756399 0.755434           1
0.335166 0.335366           0
0.616304 0.616283           0
0.279646 0.279604           0
0.242940 0.242947           0
0.322918 0.323077           1
0.780734 0.782284           0
0.878811 0.866408           1
0.578408 0.577703           1
0.285331 0.285574           0
0.574022 0.573969           1
0.278855 0.278937           1
0.213468 0.211466           0
0.659689 0.659245           1
0.392096 0.393292           1
0.679253 0.678947           1
0.266475 0.266474           0
0.329701 0.329754           1
0.389727 0.389834           1
0.268634 0.268630           0
0.278064 0.278240           0
0.437490 0.437565           1
0.402175 0.402375           1
0.933235 0.911880           1
0.259540 0.259527           1
0.549272 0.548740           1
0.324067 0.324119           0
0.574601 0.574606           1
0.346956 0.347127           0
0.374488 0.374657           1
0.591465 0.591771           0
0.666734 0.667525           0
0.445355 0.445392           1
0.320317 0.320390           1
0.682390 0.682162           1
0.657254 0.657023           0
0.466575 0.466098           1
0.732634 0.731733           0
0.337469 0.337534           0
0.925460 0.894136           1
0.727612 0.726463           0
0.606182 0.605988           1
0.408235 0.408234           0
0.326781 0.326773           0
0.679654 0.679228           0
0.723987 0.725118           1
0.476508 0.476880           1
0.338099 0.338145           0
0.647197 0.647244           1
0.738120 0.737469           1
0.600862 0.600875           1
0.497534 0.497440           0
0.249333 0.249474           0
0.478570 0.478807           0
0.233876 0.233923           0
0.278469 0.278468           0
0.313557 0.313807           0
0.866173 0.855534           1
0.243468 0.243465           0
0.834021 0.827958           1
0.382069 0.382323           0
0.339709 0.339706           0
0.594007 0.593851           0
0.971059 0.913996           1
0.782610 0.782211           1
0.638512 0.638796           0
0.713620 0.712794           0
0.315728 0.315708           1
0.608991 0.609091           0
0.272042 0.272136           0
0.561396 0.560749           1
0.324636 0.324630           1
0.277405 0.277924           0
0.878499 0.866302           1
0.455378 0.456031           0
0.267539 0.267536           0
0.298996 0.299029           0
0.378703 0.380417           0
0.575337 0.575679           1
0.500373 0.500735           0
0.282287 0.282207           0
0.834960 0.828653           0
0.786339 0.785888           1
0.242010 0.242026           0
0.297093 0.297473           1
0.438773 0.440016           0
0.522150 0.522189           1
0.510355 0.510644           1
0.984177 0.917976           1
0.268099 0.268154           0
0.317532 0.317713           0
0.642198 0.642308           1
0.692839 0.693273           0
0.324707 0.324778           1
0.787638 0.786648           1
0.216387 0.216305           0
0.800979 0.797365           1
0.784485 0.783040           1
0.779208 0.779255           1
0.759510 0.759411           1
0.612357 0.612290           0
0.444269 0.444586           0
0.233268 0.233425           0
0.278035 0.278031           1
0.335211 0.335229           0
0.973907 0.914650           0
0.267522 0.267633           1
0.295814 0.295744           0
0.278176 0.278160           0
0.282256 0.282359           0
0.235422 0.235379           0
0.752253 0.751599           1
0.810466 0.807146           1
0.621484 0.621425           1
0.714430 0.714192           1
0.290807 0.290816           0
0.336879 0.337040           1
0.723190 0.722912           1
0.287803 0.287927           1
0.269371 0.269470           1
0.321463 0.321459           0
0.213358 0.213690           0
0.264476 0.264536           0
0.524082 0.524302           1
0.217849 0.218474           0
0.597688 0.597644           1
0.253334 0.253593           0
0.534416 0.535490           0
0.241451 0.241529           0
0.192496 0.192608           0
0.284441 0.284419           0
0.314451 0.314420           1
0.709831 0.708637           1
0.702790 0.702554           1
0.451556 0.451942           0
0.883052 0.868198           0
0.609082 0.608679           1
0.304156 0.304215           0
0.301410 0.301426           0
0.545258 0.545233           0
0.543046 0.543251           1
0.335924 0.336155           0
0.433307 0.433562           0
0.337230 0.337213           1
0.694512 0.695662           1
0.959652 0.910225           1
0.437759 0.442351           1
0.452797 0.453659           1
0.247533 0.247810           0
0.226628 0.226480           0
0.439230 0.439403           0
0.594971 0.595076           0
0.415977 0.416186           1
0.357183 0.357642           0
0.268969 0.269474           1
0.921692 0.892808           1
0.185896 0.189025           0
0.370463 0.370862           1
0.765732 0.765159           1
0.739849 0.739673           1
0.953676 0.907110           1
0.682028 0.681887           1
0.348141 0.348567           0
0.463367 0.463738           1
0.296900 0.296889           0
0.550426 0.938301           1
0.250013 0.250123           0
0.390218 0.390726           0
0.817539 0.814595           0
0.778269 0.777646           1
0.816824 0.813489           1
0.527360 0.527155           1
0.353328 0.353368           0
0.596873 0.596826           1
0.912342 0.887005           0
0.371356 0.371943           0
0.230389 0.230341           0
0.383975 0.384339           1
0.752293 0.751747           1
0.312350 0.312426           1
0.487950 0.488137           1
0.515790 0.933080           1
0.381880 0.381890           0
0.817760 0.813781           1
0.959825 0.910045           0
0.442904 0.442932           1
0.678157 0.677750           1
0.355127 0.355246           1
0.300835 0.301082           0
0.573102 0.955491           1
0.635320 0.635361           1
0.278891 0.278913           0
0.405386 0.405896           0
0.239620 0.239629           0
0.627524 0.628206           1
0.332541 0.332519           0
0.399164 0.399360           1
0.647355 0.647421           1
0.664186 0.663933           1
0.358706 0.358961           1
0.323618 0.323770           0
0.290455 0.290889           1
0.200796 0.200274           0
0.490934 0.491664           1
0.342735 0.342909           1
0.363395 0.363619           1
0.233730 0.233599           0
0.209313 0.204872           0
0.723677 0.723394           0
0.343527 0.343907           1
0.950522 0.906463           1
0.392980 0.393311           0
0.550470 0.944161           1
0.484312 0.485734           0
0.758816 0.758030           0
0.651863 0.651794           1
0.235651 0.235491           0
0.375011 0.376590           1
0.580989 0.581160           1
0.798076 0.794608           1
0.728889 0.728368           1
0.272526 0.272585           0
0.721351 0.720748           1
0.639334 0.946373           1
1.000000 0.926942           1
0.201722 0.204967           0
0.227163 0.219281           0
0.327725 0.328204           0
0.233850 0.233725           0
0.279255 0.279604           1
0.432197 0.432692           0
0.759045 0.759120           1
0.730726 0.731344           0
0.484434 0.484674           1
0.256512 0.256587           0
0.211195 0.211257           0
0.779869 0.779347           0
0.286949 0.287035           1
0.445854 0.446792           1
0.499108 0.499154           1
0.976931 0.915321           0
0.578979 0.942258           1
0.578831 0.578436           0
0.662063 0.661406           1
0.441973 0.442143           0
0.796835 0.793831           0
0.345230 0.345403           1
0.579100 0.948540           1
0.913328 0.888830           1
0.350344 0.350320           1
0.273414 0.273820           0
0.301162 0.301264           0
0.318141 0.318210           0
0.261152 0.261373           0
0.733406 0.731743           1
0.268484 0.268570           0
0.219061 0.220011           0
0.328333 0.328368           0
0.485835 0.485922           1
0.291848 0.292119           0
0.293557 0.293607           0
0.458590 0.459048           1
0.303254 0.303171           0
0.944042 0.904041           1
0.727981 0.726851           1
0.714078 0.714609           0
0.430150 0.430298           1
0.585839 0.585786           0
0.343478 0.343597           0
0.654769 0.653722           1
0.711006 0.712038           1
0.582187 0.581985           1
0.539671 0.539693           0
0.668387 0.668197           0
0.322090 0.322232           0
0.288059 0.288041           0
0.294084 0.294536           1
0.739329 0.739091           0
0.212573 0.212608           0
0.296529 0.296834           1
0.308682 0.308670           0
0.253549 0.250327           0
0.648967 0.648451           1
0.596104 0.943923           1
0.801027 0.797247           1
0.423959 0.424005           1
0.549161 0.549489           0
0.692621 0.692758           1
0.431627 0.432505           1
0.275431 0.275414           1
0.338014 0.338085           1
0.416741 0.417114           0
0.823906 0.820786           0
0.556740 0.557824           0
0.192831 0.189470           0
0.505738 0.504855           0
0.234018 0.233984           0
0.261583 0.261635           0
0.548281 0.548583           1
0.682904 0.683302           1
0.800910 0.797622           0
0.202608 0.198958           0
0.840106 0.834066           1
0.372179 0.372622           0
0.241189 0.241306           0
0.681186 0.680903           1
0.348240 0.348384           1
0.215302 0.215392           0
0.559301 0.559119           1
0.845094 0.840023           1
0.439482 0.438887           1
0.725615 0.725310           1
0.809038 0.805638           1
0.378434 0.378677           1
0.328257 0.328430           1
0.656736 0.656499           1
0.484177 0.486151           1
0.195182 0.198432           0
0.279779 0.279797           0
0.221978 0.222148           0
0.777594 0.777186           1
0.870370 0.860764           1
0.230580 0.230481           0
0.526882 0.526848           1
0.851623 0.843303           1
0.254192 0.255303           0
0.665398 0.665230           1
0.786360 0.786779           0
0.195744 0.198947           0
0.221280 0.221299           0
0.559640 0.561120           1
0.520478 0.520248           1
0.471299 0.470389           1
0.345887 0.345899           0
0.311149 0.311290           0
0.250918 0.250904           0
0.672248 0.671872           1
0.586686 0.586732           1
0.707964 0.707694           0
0.409055 0.409253           1
0.278933 0.278990           1
0.741695 0.741447           1
0.816460 0.812666           1
0.648977 0.648587           0
0.359636 0.360326           1
0.262443 0.262601           0
0.589858 0.590620           1
0.282478 0.282506           0
0.305304 0.305301           1
0.313211 0.313385           1
0.483939 0.484052           1
0.824769 0.822041           1
0.746646 0.746087           1
0.495164 0.495539           1
0.661880 0.661825           1
0.312257 0.312255           0
0.493893 0.493947           0
0.398046 0.398479           1
0.290638 0.290628           0
0.565983 0.565491           1
0.994752 0.931581           1
0.326479 0.326468           1
0.287464 0.287639           0
0.268124 0.268123           0
1.000000 0.925346           1
0.606409 0.606467           1
0.757491 0.758053           1
0.298627 0.298619           0
0.423498 0.423775           0
0.294685 0.294677           0
0.273824 0.273827           0
0.261308 0.261769           0
0.257577 0.257629           0
0.805022 0.801449           1
0.398546 0.398965           0
0.314402 0.314519           1
0.210080 0.204454           0
0.271589 0.271671           0
0.215841 0.215851           0
0.384445 0.384821           0
0.956918 0.922053           0
0.591298 0.590912           0
0.448204 0.449619           0
0.724553 0.723307           0
0.561532 0.561255           0
0.571075 0.570915           0
0.262264 0.262478           0
0.766739 0.766272           1
0.917078 0.889788           1
0.779404 0.778705           1
0.678441 0.677763           1
0.182820 0.184662           0
0.445532 0.445726           1
0.864434 0.853952           1
0.232724 0.232768           0
0.428086 0.428482           1
0.263957 0.264159           0
0.775006 0.774558           1
0.378231 0.378997           0
0.202342 0.205972           0
0.597939 0.598089           0
0.305849 0.305873           0
0.688849 0.688561           1
0.933668 0.899525           0
0.335002 0.335110           0
0.764103 0.763945           0
0.509411 0.509516           0
0.318638 0.318995           0
0.230279 0.217624           0
0.427067 0.427501           0
0.400418 0.400668           0
0.610146 0.610283           0
0.568627 0.568802           1
0.243420 0.243540           0
0.679383 0.678537           1
0.908552 0.885955           1
0.209059 0.205137           0
0.363549 0.363725           1
0.427310 0.427506           1
0.545888 0.546343           0
0.247749 0.247850           0
0.332942 0.332932           0
0.327946 0.328008           0
0.805754 0.802441           0
0.423860 0.424954           0
0.707432 0.706946           1
0.696001 0.695930           1
0.799288 0.795653           1
0.344740 0.344783           1
0.438002 0.437233           0
0.408551 0.408837           1
0.277548 0.277595           1
0.346113 0.346800           1
0.275592 0.275802           0
0.734978 0.734579           1
0.785763 0.786523           1
0.809553 0.806362           1
0.809187 0.805616           1
0.281115 0.281152           1
0.354553 0.354635           0
0.298215 0.298207           1
0.478592 0.478679           0
0.266055 0.266251           0
0.302186 0.302249           1
0.678006 0.677668           1
0.342460 0.342407           1
0.759410 0.758251           1
0.472873 0.473279           0
0.520970 0.520789           0
0.273597 0.273759           0
0.329271 0.329304           0
0.299104 0.299336           0
0.929523 0.896021           1
0.260614 0.260628           0
0.371755 0.373161           1
0.446337 0.446254           0
0.239203 0.239213           0
0.340162 0.340317           1
0.752117 0.751276           1
0.413896 0.414120           0
0.787238 0.786468           1
0.277104 0.277215           1
0.300655 0.300719           0
0.351510 0.352056           0
0.863457 0.852614           1
0.685986 0.685878           1
0.224717 0.225157           0
0.947258 0.904194           1
0.726479 0.726517           1
0.797980 0.794650           1
0.314143 0.314381           0
0.804488 0.800809           1
0.335045 0.335198           0
0.225905 0.217215           0
0.450840 0.451929           1
0.226262 0.226113           0
0.306126 0.306378           1
0.637875 0.638376           0
0.611437 0.611777           1
0.773158 0.773797           1
0.300922 0.300916           0
0.655799 0.655215           1
0.259450 0.260564           1
0.218580 0.218484           0
0.343258 0.343301           1
0.260123 0.260136           0
0.306382 0.306383           1
0.444249 0.444772           1
0.416672 0.417209           1
0.339555 0.339481           0
0.338248 0.338299           1
0.246352 0.239633           0
0.334563 0.334578           0
0.344086 0.344075           0
0.867024 0.856799           1
0.730377 0.729720           0
0.263403 0.263400           0
0.851081 0.842899           1
0.307929 0.307994           0
0.214338 0.214261           0
0.555812 0.556371           1
0.288150 0.288468           0
0.389385 0.390032           1
0.409742 0.410130           0
0.529012 0.529303           1
0.314088 0.314078           0
0.318026 0.318403           0
0.313004 0.313300           0
0.619853 0.619476           0
1.000000 0.928354           1
0.210233 0.210679           0
0.612148 0.612477           1
0.684105 0.683947           1
0.270982 0.270980           0
0.312717 0.312708           0
0.727241 0.727145           1
0.937292 0.900592           1
0.450702 0.450814           0
0.597794 0.597670           1
0.439471 0.439313           0
0.284202 0.284217           0
0.338969 0.339064           1
0.249370 0.249398           0
0.512362 0.512387           1
0.482354 0.482518           1
0.265504 0.265502           0
0.361617 0.362465           0
0.247650 0.247771           0
0.286627 0.286700           0
0.419526 0.420652           0
0.345740 0.346098           1
0.784371 0.783485           0
0.823938 0.820774           0
0.203314 0.206428           0
0.285457 0.285564           1
0.332248 0.332328           1
0.226404 0.226373           0
0.835732 0.830099           1
0.864071 0.853498           1
0.587919 0.588386           1
0.272635 0.272839           0
0.257675 0.257673           0
0.287522 0.287512           0
0.467885 0.467992           0
0.277868 0.277970           0
0.768185 0.768449           1
0.184962 0.192971           0
0.276017 0.276083           1
0.726630 0.726501           0
0.434501 0.434717           0
0.834296 0.828429           1
0.228401 0.228329           0
0.262581 0.262775           0
0.374288 0.377008           0
0.353765 0.354018           1
0.532426 0.532368           0
0.520411 0.520584           1
0.418327 0.419318           0
0.212487 0.212636           0
0.582345 0.582378           1
0.261569 0.261565           0
0.278439 0.278542           1
0.626017 0.626049           1
0.290163 0.290199           0
0.531734 0.532141           1
0.626027 0.626243           1
0.307271 0.307278           0
0.222386 0.214389           0
0.728101 0.727894           0
0.245011 0.245110           0
0.341676 0.341818           0
0.740043 0.739736           0
0.444201 0.444963           0
0.217637 0.217545           0
0.236012 0.235867           0
0.295882 0.295955           0
0.592968 0.592980           0
0.271143 0.271432           0
0.608633 0.608464           1
0.607132 0.607407           1
0.314060 0.314391           0
0.342338 0.342466           1
0.576206 0.576272           1
0.609349 0.609335           0
0.646690 0.647285           1
0.258718 0.258773           0
0.284303 0.284278           0
0.325741 0.325713           0
0.274499 0.274602           1
0.345724 0.346132           1
0.295072 0.295807           1
0.331398 0.331728           1
0.699542 0.699580           1
0.865458 0.854911           0
0.629557 0.628776           0
0.325443 0.325613           1
0.720294 0.719873           1
0.399220 0.400588           0
0.950666 0.906150           1
0.797268 0.793251           1
0.677949 0.677762           1
0.519243 0.519195           0
0.378470 0.379148           0
0.896689 0.877717           1
0.842732 0.837402           1
0.331134 0.331098           0
0.399081 0.399578           1
0.681637 0.681176           1
0.295328 0.295506           1
0.496134 0.496303           0
0.628165 0.627729           0
0.359612 0.359683           0
0.489271 0.489976           1
0.230960 0.230836           0
0.654365 0.654357           1
0.338017 0.338192           0
0.429953 0.430007           0
0.293492 0.293491           0
0.826107 0.823103           1
0.319136 0.319571           1
0.814632 0.811781           0
0.275723 0.275807           0
0.956806 0.908042           1
0.619191 0.619356           0
0.296116 0.296180           0
0.442197 0.441937           1
0.373866 0.374590           0
0.868560 0.858826           0
0.346339 0.346394           0
0.357153 0.357860           0
0.235817 0.235654           0
0.330413 0.330588           0
0.737979 0.738020           1
0.269909 0.269983           1
0.678550 0.678095           0
0.612585 0.612418           0
0.304809 0.304904           1
0.325869 0.326077           0
0.333843 0.333999           0
0.252772 0.252786           0
0.535333 0.534846           0
0.735181 0.734884           1
0.261805 0.261900           0
0.339141 0.339191           1
0.672316 0.672086           0
0.248823 0.248995           0
0.491895 0.491921           0
0.708698 0.708741           0
0.346209 0.346706           1
0.490457 0.490689           0
0.548668 0.550789           0
0.320798 0.320908           0
0.330163 0.330184           1
0.785773 0.786014           1
0.780393 0.780100           1
0.837723 0.831749           1
0.442256 0.442289           1
0.451923 0.452524           1
0.452233 0.452531           0
0.690208 0.689654           1
0.519338 0.519590           1
0.300987 0.300979           1
0.269998 0.270068           0
0.211229 0.211292           0
0.953669 0.906839           1
0.321256 0.321269           1
0.721495 0.720644           1
0.710013 0.710134           1
0.466642 0.467082           0
0.462174 0.462394           0
0.240631 0.223751           0
0.525440 0.525463           0
0.595577 0.596540           1
0.821166 0.817996           1
0.324349 0.324279           0
0.528075 0.528223           1
0.622655 0.622491           1
0.377315 0.377331           0
0.560439 0.560491           1
0.194762 0.198079           0
0.306769 0.306796           0
0.227986 0.228040           0
0.876401 0.864153           1
0.266321 0.266379           0
0.549393 0.549466           1
0.285257 0.285367           0
0.672528 0.672255           1
0.841988 0.836397           0
0.636361 0.636134           1
0.634638 0.634508           0
0.243795 0.244002           0
0.227299 0.227189           0
0.361222 0.361855           0
0.494558 0.494261           1
0.489213 0.492120           1
0.637512 0.637790           0
0.290615 0.290596           0
0.446787 0.447450           0
0.716440 0.716098           1
0.328879 0.328993           0
0.247396 0.247409           1
0.545917 0.545376           0
0.576998 0.576871           0
0.432989 0.433070           1
0.300275 0.300339           1
0.320645 0.320747           0
0.937297 0.900490           1
0.540187 0.540437           0
0.335844 0.335859           0
0.295452 0.295603           0
0.341406 0.341399           0
0.227193 0.227223           0
0.318643 0.318719           0
0.305282 0.305330           0
0.569316 0.568983           1
0.353112 0.353224           1
0.342257 0.342207           1
0.851705 0.843407           0
0.681439 0.681131           1
0.269231 0.269212           1
0.220969 0.221162           0
0.234888 0.234943           0
0.751910 0.751264           1
0.449879 0.450334           0
0.937205 0.899948           1
0.854018 0.845212           1
0.835866 0.830241           1
0.876138 0.863797           1
0.423867 0.424073           0
0.236935 0.237316           0
0.767978 0.767835           0
0.511457 0.512726           1
0.325984 0.326167           0
0.272101 0.272102           1
0.809249 0.806133           0
0.489103 0.489694           0
0.490423 0.490553           0
0.273252 0.273513           0
0.799151 0.795839           1
0.271322 0.271745           0
0.652903 0.654464           1
0.676032 0.675559           0
0.296652 0.296647           0
0.718939 0.718402           1
0.583414 0.583628           1
0.292538 0.292544           0
0.336893 0.336990           0
0.347398 0.347486           0
0.467849 0.467830           1
0.448834 0.449072           0
0.916900 0.889384           1
0.686628 0.686757           1
0.372547 0.372669           1
0.334807 0.334822           1
0.326522 0.326676           0
0.380630 0.380917           1
0.635165 0.635265           1
0.744615 0.744247           1
0.235407 0.235463           0
0.201032 0.205154           0
0.752036 0.752038           1
0.393970 0.394108           1
0.659018 0.659990           0
0.289763 0.289748           0
0.342928 0.343087           0
0.859164 0.851368           1
0.832155 0.825997           1
0.273103 0.273197           1
0.503580 0.503980           0
0.699714 0.698548           0
0.336794 0.336700           0
0.464192 0.464140           0
0.384681 0.385130           1
0.632424 0.632483           0
0.316278 0.316475           0
0.444768 0.445666           1
0.576335 0.576555           0
0.496436 0.535016           0
0.855554 0.847800           0
0.753803 0.753351           1
0.708981 0.708733           1
0.532216 0.532565           0
0.428160 0.428463           0
0.442499 0.442236           0
0.578512 0.578163           0
0.638573 0.638546           1
0.544977 0.544686           0
0.346187 0.346414           0
0.439545 0.439783           1
0.261030 0.261144           0
0.496074 0.496616           0
0.329804 0.329750           1
0.519378 0.519949           1
0.427899 0.428319           1
0.261168 0.261172           0
0.265378 0.265608           0
0.223908 0.220302           0
0.626092 0.625935           1
0.724879 0.724513           1
0.580407 0.580763           1
0.490097 0.491785           1
0.516496 0.517444           0
0.286355 0.286435           1
0.258379 0.258424           0
0.691422 0.691535           1
0.346255 0.346675           0
0.610443 0.608826           0
0.293589 0.293842           0
0.369163 0.369617           1
0.497147 0.497570           0
0.594883 0.595062           1
0.485479 0.486704           1
0.706946 0.706654           0
0.345569 0.345734           1
0.673440 0.672857           1
0.223871 0.223898           0
0.820771 0.817174           1
0.297121 0.297112           1
0.301489 0.301668           0
0.342916 0.343133           1
0.310560 0.310633           1
0.616185 0.616015           1
0.640950 0.640598           0
0.196341 0.199230           0
0.610742 0.610644           1
0.663294 0.663464           1
0.283819 0.283909           0
0.297135 0.297289           0
0.199180 0.200361           0
0.320665 0.320655           1
0.350665 0.351039           1
0.289857 0.289972           1
0.827936 0.824400           1
0.668594 0.668544           1
0.242573 0.231795           0
0.347475 0.347468           1
0.659593 0.659831           1
0.191380 0.193710           0
0.612098 0.612355           1
0.533265 0.533757           0
0.499710 0.500209           0
0.733785 0.733724           1
0.866543 0.856211           1
0.355257 0.355335           0
0.425519 0.425824           0
0.494675 0.494750           0
0.232494 0.218612           0
1.000000 0.924921           1
0.763754 0.763689           0
0.243984 0.244213           0
0.519715 0.519370           0
0.539903 0.540478           0
0.434219 0.434243           1
0.461632 0.461677           1
0.549606 0.549690           1
0.358769 0.358941           0
0.587785 0.588126           1
0.467736 0.467784           1
0.233953 0.229874           0
0.298894 0.298948           0
0.377323 0.377359           1
0.716048 0.715900           0
0.749925 0.749374           1
0.306551 0.306628           0
0.782122 0.781520           1
0.289423 0.289736           0
0.263671 0.263772           0
0.408364 0.408361           1
0.867543 0.857545           1
0.323492 0.323562           0
0.312927 0.312892           0
0.882931 0.868171           0
0.591022 0.590821           1
0.311440 0.311508           0
0.693185 0.695022           1
0.605897 0.605916           0
0.827175 0.823809           1
0.357484 0.357783           0
0.655156 0.654606           1
0.315270 0.315383           0
0.781553 0.780832           1
0.218319 0.218232           0
0.328170 0.328207           0
0.764697 0.764641           1
0.256268 0.256328           0
0.527191 0.528678           1
0.805702 0.803083           1
0.261569 0.261565           0
0.571661 0.571797           0
0.232393 0.224086           0
0.322877 0.322941           0
0.317528 0.317723           1
0.296557 0.296637           1
0.579121 0.579526           0
0.853095 0.844652           1
0.331919 0.331837           0
0.693980 0.693298           1
0.646495 0.646451           0
0.232061 0.231992           0
0.563236 0.563181           0
0.237702 0.237846           0
0.315823 0.315872           1
0.320155 0.320225           1
0.593039 0.592700           1
0.691165 0.691006           1
0.325770 0.325859           0
0.444514 0.444573           0
0.803388 0.799825           1
0.588688 0.589266           1
0.500516 0.500374           1
0.575999 0.575964           1
0.574890 0.574677           0
0.271286 0.271430           0
0.711900 0.712051           0
0.246416 0.246594           0
0.634673 0.635244           1
0.320872 0.320962           1
0.273653 0.273648           0
0.213863 0.213818           0
0.330195 0.330238           0
0.595144 0.595929           1
0.775067 0.773820           1
0.635561 0.634856           0
0.225831 0.225828           0
0.282404 0.282429           0
0.413161 0.414142           0
0.588258 0.588277           0
0.943965 0.903281           1
0.785533 0.784527           1
0.291217 0.292595           1
0.427040 0.426594           0
0.646325 0.646470           1
1.000000 0.937458           1
0.953624 0.907805           0
0.687612 0.687355           0
0.700852 0.700301           0
0.409920 0.409964           1
0.678991 0.678713           0
0.777422 0.778421           1
0.595388 0.595025           0
0.749614 0.749411           0
0.264835 0.265033           0
0.721740 0.720826           1
0.763724 0.763646           1
0.683287 0.682763           1
0.299071 0.298969           0
0.636703 0.636089           1
0.590682 0.949395           1
0.577383 0.577150           1
0.321266 0.321254           0
0.482134 0.482107           0
0.774257 0.774272           1
0.809621 0.806312           1
0.653011 0.653340           1
0.976961 0.915346           0
0.216646 0.216725           0
0.275162 0.275278           1
0.630725 0.630225           1
0.658216 0.657833           0
0.651397 0.652155           1
0.691239 0.691247           1
0.556706 0.556780           0
0.321497 0.321589           0
0.278493 0.278553           0
0.319962 0.320005           1
0.739169 0.738879           1
0.331840 0.331928           0
0.681729 0.681955           1
0.242925 0.242938           1
0.665644 0.670254           1
0.346310 0.346205           1
0.340947 0.341142           0
0.678481 0.677826           1
0.803217 0.799629           1
0.596789 0.597336           1
0.361002 0.361068           0
0.302042 0.302024           0
0.658883 0.658876           1
0.510851 0.510951           0
0.268952 0.269255           0
0.476220 0.477126           1
0.242481 0.242592           0
0.570048 0.569967           0
0.325184 0.325264           0
0.337882 0.338237           1
0.420084 0.420412           1
0.834328 0.828395           1
0.664688 0.664471           1
0.301820 0.302100           1
0.576662 0.576988           0
0.258698 0.258821           0
0.973952 0.914487           1
0.210910 0.211003           0
0.664248 0.664888           1
0.573058 0.940502           1
0.755765 0.754594           1
0.268484 0.268478           0
0.647054 0.646720           1
0.330548 0.330606           0
0.251804 0.252067           0
0.714147 0.716123           1
1.000000 0.944221           1
0.330401 0.330448           0
0.686494 0.686499           1
0.813713 0.810387           1
0.236785 0.236769           0
0.266496 0.266489           0
0.680804 0.680628           1
0.358738 0.358683           0
0.778576 0.778476           1
0.300540 0.300780           0
0.612405 0.612233           0
0.326603 0.326552           0
0.384252 0.384811           1
0.766457 0.767916           0
0.753577 0.753353           1
0.731988 0.732813           1
0.336556 0.336561           1
0.300317 0.300342           0
0.659171 0.659063           0
0.308652 0.308818           0
0.546858 0.547890           0
0.675123 0.674373           1
0.285623 0.285775           0
0.757752 0.757113           1
0.917249 0.890171           1
0.659484 0.659310           0
0.540250 0.540233           0
0.457910 0.457712           0
0.485527 0.485729           1
0.839730 0.833420           1
0.228527 0.225533           0
0.635965 0.635571           0
0.324071 0.324635           1
0.261174 0.261148           0
0.280195 0.280682           1
0.604514 0.604082           0
0.589136 0.589640           1
0.266435 0.266630           0
0.542547 0.543397           0
0.498797 0.499902           0
0.226250 0.226422           0
0.816912 0.813762           0
0.226902 0.219599           1
0.515819 0.933371           1
0.785059 0.784192           0
0.389612 0.390116           1
0.259237 0.259320           0
0.231996 0.231837           0
0.382422 0.382686           1
0.283718 0.283839           0
0.787040 0.786945           1
0.412377 0.412806           1
0.802661 0.799072           1
0.526601 0.526342           1
0.306811 0.307171           1
0.244624 0.237669           0
0.261052 0.261300           0
0.671508 0.672276           1
0.691205 0.692017           1
0.254671 0.254738           1
0.326780 0.326857           0
0.241664 0.231601           0
0.345444 0.345519           1
0.269201 0.269466           0
0.273429 0.273426           0
0.436904 0.436978           1
0.327183 0.327506           1
0.331657 0.331730           0
0.925300 0.893919           0
0.726569 0.726064           1
0.717406 0.716621           0
0.984434 0.930082           1
0.282949 0.283122           0
0.953769 0.907865           1
0.667902 0.667348           1
0.344724 0.344864           0
0.677264 0.675956           1
0.882986 0.868017           1
0.788267 0.788106           1
0.550607 0.551028           1
0.311012 0.310950           0
0.467809 0.468113           0
0.575414 0.575226           0
0.722013 0.721451           1
0.467603 0.469760           0
0.807758 0.804093           1
0.329250 0.329243           0
0.315557 0.315555           0
0.534557 0.534503           1
0.855129 0.846784           1
0.433127 0.433977           0
0.642019 0.642498           1
0.700976 0.700518           1
0.372011 0.372455           1
0.529449 0.529923           1
0.722984 0.722242           1
0.984241 0.918140           1
0.611412 0.611620           0
0.254311 0.254377           0
0.742783 0.742698           1
0.851043 0.842708           1
0.306107 0.306174           0
0.498731 0.498776           0
0.310441 0.310534           0
0.808311 0.804649           0
0.377716 0.377893           0
0.704178 0.703732           1
0.261394 0.261536           0
0.782327 0.782148           1
0.649883 0.649115           1
0.255409 0.255574           0
0.454896 0.455214           1
0.275552 0.275534           0
0.929691 0.896335           0
0.673917 0.673818           0
0.341530 0.341862           0
0.296041 0.296051           1
0.306967 0.307167           1
0.527300 0.527086           1
0.245100 0.245128           0
0.764658 0.763895           1
0.494206 0.494830           0
0.686844 0.686431           0
0.385280 0.385826           0
0.307233 0.307248           0
0.755844 0.756020           1
0.458954 0.459349           1
0.746687 0.747035           1
0.865174 0.854873           1
0.777887 0.777929           1
0.325379 0.325427           1
0.929376 0.895883           1
0.526638 0.526952           0
0.843792 0.838605           1
0.623505 0.623937           1
0.507401 0.507468           1
0.466923 0.467373           1
0.531066 0.531962           1
0.863794 0.853114           1
0.763886 0.764117           1
0.702678 0.702533           1
0.768535 0.768144           1
0.721400 0.720674           1
0.292634 0.292710           1
0.501613 0.501757           0
0.265559 0.266255           0
0.283302 0.283286           0
0.826981 0.824047           1
0.647250 0.647131           1
0.608903 0.608846           1
0.492671 0.494439           0
0.751452 0.750914           0
0.244947 0.234146           0
0.276816 0.276795           1
0.586867 0.587069           0
0.352809 0.352956           1
0.304287 0.304266           0
0.473726 0.473668           1
0.514979 0.515634           1
0.265510 0.265526           0
0.615381 0.615351           1
