Verilog Python GroundTruth
0.000000 0.037048           1
1.000000 0.991921           1
0.023329 0.084228           0
1.000000 0.995952           1
0.412464 0.053448           0
1.000000 0.994467           1
1.000000 0.991625           1
0.573416 0.568721           1
0.526475 0.523322           0
0.285234 0.284510           0
0.101660 0.120368           0
1.000000 0.990583           1
0.348823 0.045669           0
0.000000 0.040227           0
0.000000 0.023579           0
0.210804 0.210690           1
0.832379 0.827047           1
0.601480 0.941429           1
1.000000 0.989140           1
0.835073 0.827973           1
0.253986 0.253831           1
1.000000 0.953603           1
1.000000 0.983712           1
0.583602 0.583001           1
0.480049 0.479592           1
1.000000 0.929872           1
1.000000 0.984036           1
1.000000 0.996852           1
0.261318 0.262700           0
0.402827 0.401080           1
0.000446 0.077347           0
0.851652 0.843151           1
0.513094 0.512495           0
0.000000 0.026099           0
1.000000 0.972546           1
0.775103 0.772938           0
0.000000 0.029310           0
0.031461 0.087102           0
0.000000 0.042873           0
0.000000 0.067834           0
0.000000 0.041190           0
0.689836 0.687581           1
0.000000 0.040141           0
0.000000 0.074529           0
1.000000 0.970151           1
1.000000 0.994269           1
0.762470 0.762303           1
1.000000 0.993010           1
1.000000 0.994601           1
0.334182 0.300810           1
0.160003 0.165631           0
1.000000 0.997429           1
0.110704 0.127313           0
0.986953 0.913907           1
0.193940 0.199371           0
1.000000 0.990805           1
0.000000 0.045504           0
0.511678 0.929050           1
0.859268 0.850328           0
0.351966 0.048639           0
0.000000 0.030167           0
0.478703 0.478657           0
0.000000 0.046231           0
0.856946 0.845222           0
0.579021 0.942013           1
0.108976 0.125255           1
0.000000 0.044389           0
0.219004 0.223055           0
0.040166 0.089910           0
0.944165 0.901835           0
0.483713 0.065420           0
0.423851 0.057049           0
0.252380 0.249242           0
0.200028 0.202955           0
1.000000 0.992092           1
0.869540 0.857381           1
0.446094 0.057772           0
1.000000 0.955662           1
0.010365 0.079865           0
0.114505 0.129062           0
0.436193 0.057911           0
0.000000 0.031485           0
1.000000 0.970538           1
1.000000 0.989380           1
1.000000 0.961886           1
0.947342 0.905125           0
1.000000 0.996461           1
1.000000 0.988181           1
1.000000 0.971067           1
0.513060 0.513270           1
0.000000 0.045075           0
0.145604 0.153049           0
0.767626 0.766762           0
0.017895 0.083490           0
0.101707 0.119965           1
1.000000 0.994120           1
1.000000 0.993089           1
1.000000 0.953682           1
1.000000 0.977254           1
0.947328 0.905658           1
0.604798 0.603688           1
0.000000 0.022025           0
0.000000 0.035147           0
1.000000 0.995893           1
0.429979 0.055842           0
0.933338 0.896813           1
0.433044 0.058407           0
0.000000 0.071652           0
1.000000 0.996204           1
0.123192 0.134905           0
0.786677 0.786701           0
0.000000 0.027899           0
0.000000 0.035118           0
0.000000 0.039811           0
0.078489 0.107395           0
0.308323 0.308558           0
0.950541 0.904162           1
1.000000 0.924967           1
1.000000 0.993051           1
1.000000 0.996305           1
0.442676 0.059323           0
1.000000 0.996129           1
0.617102 0.946201           1
1.000000 0.990724           1
0.228723 0.229411           0
0.724737 0.725260           1
1.000000 0.979000           1
0.000000 0.072458           0
0.102230 0.121765           0
0.460323 0.062347           0
0.651484 0.651307           0
1.000000 0.994403           1
1.000000 0.965241           1
0.385283 0.052669           0
1.000000 0.996189           1
1.000000 0.979174           1
0.925688 0.894968           0
0.179622 0.184576           0
1.000000 0.972762           1
1.000000 0.995750           1
0.694496 0.690678           0
0.856641 0.849205           1
0.847271 0.842757           1
1.000000 0.968777           1
0.000000 0.034967           0
1.000000 0.973376           1
0.679987 0.681617           0
1.000000 0.967204           1
0.750370 0.749876           0
1.000000 0.991452           1
1.000000 0.995170           1
0.082367 0.109129           0
0.000000 0.072508           0
1.000000 0.990119           1
0.098202 0.118968           0
0.762330 0.761692           1
0.882910 0.867961           1
0.316871 0.316716           0
0.475464 0.062158           0
0.412724 0.413680           0
1.000000 0.996352           1
0.965570 0.900499           1
1.000000 0.975531           1
0.017998 0.082524           0
0.270446 0.270646           0
1.000000 0.992200           1
0.181521 0.183350           0
0.163723 0.169023           0
0.034244 0.088037           0
0.921309 0.892126           0
1.000000 0.992224           1
1.000000 0.996604           1
0.103693 0.122223           0
1.000000 0.964920           1
0.000000 0.037429           0
0.992335 0.918243           1
0.498097 0.498106           1
1.000000 0.985674           1
0.411749 0.407285           0
0.052658 0.095528           0
0.000000 0.038777           0
0.087893 0.113877           1
0.567461 0.560211           1
0.194650 0.197141           1
1.000000 0.990732           1
1.000000 0.993873           1
1.000000 0.985745           1
0.463873 0.063084           0
1.000000 0.979021           1
0.000000 0.040963           0
1.000000 0.960716           1
1.000000 0.960982           1
1.000000 0.996260           1
0.672576 0.672404           0
1.000000 0.989808           1
0.412393 0.054934           0
0.832488 0.819441           1
0.415198 0.055799           0
0.741954 0.738520           1
0.296966 0.296917           1
0.853492 0.837915           0
0.449370 0.060030           0
0.000000 0.042406           0
1.000000 0.982085           1
0.926118 0.890589           1
1.000000 0.986818           1
1.000000 0.982610           1
1.000000 0.997383           1
1.000000 0.988742           1
0.891988 0.875468           1
0.808872 0.803030           1
1.000000 0.995286           1
1.000000 0.992184           1
0.844164 0.838406           0
0.875026 0.860854           1
0.758097 0.710132           0
0.865278 0.854000           1
0.000000 0.036690           0
0.000000 0.069163           0
0.457155 0.462073           0
1.000000 0.992416           1
0.310856 0.307914           0
1.000000 0.996093           1
0.000000 0.070585           0
0.913412 0.875520           0
0.557382 0.938902           1
0.661993 0.649679           1
1.000000 0.988540           1
0.000000 0.069538           0
0.164666 0.170370           0
1.000000 0.980538           1
0.520302 0.929134           0
0.340079 0.045457           0
1.000000 0.995812           1
0.388714 0.388904           0
0.322448 0.308180           0
1.000000 0.973740           1
1.000000 0.990361           1
0.003395 0.078082           0
0.115532 0.129419           0
0.937212 0.900757           0
0.000000 0.026554           0
0.491309 0.493232           0
0.096425 0.116593           0
1.000000 0.925542           0
0.000000 0.073895           0
0.202045 0.205167           0
1.000000 0.993336           1
0.147144 0.154524           0
1.000000 0.972579           1
1.000000 0.976775           1
1.000000 0.990596           1
0.643828 0.948431           1
0.000000 0.018660           0
0.834013 0.828142           0
0.000000 0.044367           0
0.645741 0.643559           0
0.073803 0.104831           0
0.087428 0.111568           0
1.000000 0.994515           1
0.055872 0.095714           0
0.770313 0.771206           1
0.356845 0.347215           0
0.264073 0.263937           0
0.869769 0.858826           1
0.010644 0.079615           0
1.000000 0.957479           1
1.000000 0.978222           0
1.000000 0.995184           1
1.000000 0.995878           1
0.000000 0.071099           0
0.318357 0.317988           1
0.000000 0.046644           0
0.104238 0.123485           0
0.515949 0.930761           1
0.000000 0.069397           0
1.000000 0.980089           1
0.987239 0.918750           1
1.000000 0.996348           1
0.933567 0.892826           1
0.000000 0.031005           0
1.000000 0.991472           1
1.000000 0.996005           1
0.511481 0.926236           1
1.000000 0.980576           1
1.000000 0.967509           1
0.340391 0.329880           0
1.000000 0.974673           1
0.358258 0.049570           0
1.000000 0.992304           1
1.000000 0.968529           1
1.000000 0.987889           1
0.177373 0.180220           1
1.000000 0.963386           1
0.000000 0.039895           0
0.000000 0.042428           0
0.000000 0.073248           0
1.000000 0.995422           1
0.188295 0.191985           1
0.070056 0.102717           0
0.145093 0.152821           0
1.000000 0.987177           1
0.087199 0.111998           0
0.174553 0.175916           0
1.000000 0.993182           1
1.000000 0.995624           1
0.456733 0.456047           0
0.087631 0.112132           0
0.000000 0.034232           0
0.386793 0.384314           0
0.140332 0.147064           0
0.361024 0.045739           0
1.000000 0.986837           1
1.000000 0.972398           1
0.000000 0.068227           0
0.683562 0.683664           1
0.662690 0.662714           0
1.000000 0.963949           1
0.916855 0.889053           1
0.062680 0.098382           0
0.852287 0.843262           0
0.000000 0.067558           0
0.557642 0.557721           1
0.449832 0.451027           0
0.000000 0.067050           0
0.804094 0.801174           1
0.738901 0.738955           1
1.000000 0.986001           1
1.000000 0.995003           1
0.641864 0.949548           1
0.132858 0.143068           0
0.403871 0.054552           0
0.000000 0.043798           0
1.000000 0.988511           1
1.000000 0.974503           1
1.000000 0.990459           1
0.015505 0.081409           0
0.519703 0.931813           1
0.564572 0.559029           0
0.196234 0.201070           0
1.000000 0.987105           1
1.000000 0.956517           1
0.446061 0.059781           0
0.167129 0.172473           0
0.479363 0.064968           0
0.023439 0.084146           0
0.385447 0.051913           0
0.000000 0.034883           0
0.430148 0.057345           0
1.000000 0.976889           1
0.412395 0.055159           0
1.000000 0.951552           1
0.449515 0.060718           0
0.135607 0.145430           0
0.000000 0.033512           0
0.819612 0.808476           0
0.203996 0.206986           0
1.000000 0.981390           1
0.074004 0.103334           0
0.023375 0.084261           0
0.000000 0.040777           0
0.274689 0.274463           0
0.467637 0.061612           0
0.178887 0.181253           0
1.000000 0.961253           0
1.000000 0.995559           1
0.944030 0.903950           1
0.000000 0.041136           0
1.000000 0.988793           1
0.166471 0.172022           0
1.000000 0.928212           1
0.897249 0.876888           1
1.000000 0.982994           1
0.000000 0.071372           0
1.000000 0.994937           1
1.000000 0.994544           1
0.950648 0.906333           1
0.423961 0.056209           0
0.056015 0.096606           0
0.066587 0.101986           0
0.921774 0.893640           1
0.449720 0.449129           0
0.059460 0.098621           0
0.082210 0.107981           0
0.124111 0.136881           0
0.743679 0.743791           1
0.648150 0.648194           0
1.000000 0.989521           1
0.770285 0.765366           0
0.480249 0.065204           0
0.000000 0.029809           0
0.351631 0.044986           0
1.000000 0.988012           1
0.055955 0.095348           0
0.000000 0.031234           0
1.000000 0.972892           1
0.753297 0.753275           1
0.370766 0.050666           0
0.000000 0.071862           0
0.082612 0.108542           0
0.695683 0.695710           0
0.456529 0.061656           0
1.000000 0.994473           1
1.000000 0.995467           1
0.719018 0.712816           0
0.842154 0.830480           1
0.506544 0.506477           0
1.000000 0.990131           0
0.078213 0.106063           0
1.000000 0.991442           1
0.638257 0.638555           0
0.177910 0.180377           1
1.000000 0.985632           1
0.052705 0.095441           0
0.145231 0.154214           1
0.000000 0.046807           0
1.000000 0.979282           1
0.344982 0.048514           0
0.159697 0.165987           0
0.841382 0.836296           1
0.000000 0.044350           0
0.412339 0.054912           0
0.864838 0.854644           1
1.000000 0.995008           1
1.000000 0.996564           1
0.000000 0.047691           0
0.785183 0.785208           1
0.193022 0.195494           0
0.377487 0.365890           0
0.747988 0.747149           1
0.000000 0.047958           0
0.092770 0.115399           0
0.298470 0.297871           1
0.187286 0.190381           0
0.546452 0.546655           0
1.000000 0.984457           1
1.000000 0.980810           1
0.657798 0.950168           1
0.351690 0.045868           0
1.000000 0.955901           1
0.000000 0.037422           0
0.000000 0.033327           0
1.000000 0.965757           1
1.000000 0.994300           1
0.000000 0.042208           0
1.000000 0.996154           1
0.083156 0.109958           0
0.624810 0.625894           0
0.031669 0.086808           0
0.549579 0.545281           0
0.672289 0.672171           0
0.426920 0.053879           0
1.000000 0.994511           1
0.020840 0.083077           0
1.000000 0.995421           1
0.974164 0.914256           1
0.000000 0.043852           0
1.000000 0.992115           1
1.000000 0.990972           1
1.000000 0.954586           1
1.000000 0.976980           1
0.000000 0.030065           0
0.196205 0.199118           1
0.859405 0.851741           1
1.000000 0.989269           1
0.669865 0.670059           0
0.929301 0.884639           1
0.372748 0.050649           0
1.000000 0.993077           1
0.929847 0.897412           1
1.000000 0.992408           1
1.000000 0.991070           1
0.200635 0.202716           0
0.890590 0.871357           0
1.000000 0.971123           1
0.109359 0.125985           0
0.110530 0.126264           0
1.000000 0.968214           1
0.288141 0.289295           0
1.000000 0.997473           1
0.947333 0.904835           1
1.000000 0.962977           1
0.807767 0.797574           0
0.385452 0.052337           0
0.096833 0.117786           1
0.406701 0.052328           0
0.333854 0.326807           1
1.000000 0.980987           1
1.000000 0.956878           1
1.000000 0.974214           1
1.000000 0.995078           1
0.087533 0.112512           0
0.000000 0.047432           0
1.000000 0.994716           1
1.000000 0.985099           1
0.436190 0.058262           0
0.427965 0.426115           0
0.431174 0.430825           1
1.000000 0.988536           1
1.000000 0.984383           1
0.420913 0.056915           0
1.000000 0.994121           1
1.000000 0.990685           1
0.547076 0.938352           1
1.000000 0.997088           1
0.458570 0.458449           0
0.034440 0.087487           0
1.000000 0.925542           1
0.097426 0.117908           0
0.000000 0.039903           0
0.176820 0.179224           1
0.439440 0.058797           0
0.907952 0.884920           1
0.907780 0.880475           0
0.000000 0.043434           0
0.000000 0.072438           0
0.626289 0.626496           0
0.866371 0.855122           1
1.000000 0.994407           1
0.082117 0.107933           0
0.070067 0.102830           0
0.950621 0.905606           1
0.415287 0.055267           0
0.505127 0.501093           1
0.350846 0.349357           0
0.104079 0.123392           0
1.000000 0.993472           1
1.000000 0.977277           0
1.000000 0.976930           1
0.000000 0.071156           0
0.000000 0.043142           0
0.040233 0.089813           0
1.000000 0.957262           1
1.000000 0.975297           0
1.000000 0.960099           0
1.000000 0.992441           1
0.108083 0.123807           0
1.000000 0.962588           1
0.324068 0.319268           1
1.000000 0.949319           1
0.591741 0.592259           0
1.000000 0.976231           1
0.000000 0.037194           0
0.976591 0.915532           1
0.747000 0.737330           0
1.000000 0.929563           1
1.000000 0.990275           1
0.000000 0.041494           0
0.037253 0.089163           0
1.000000 0.967530           1
1.000000 0.985487           1
0.929813 0.896668           1
0.160536 0.165587           0
0.191187 0.193199           0
0.178374 0.181359           0
1.000000 0.991122           1
1.000000 0.974807           0
0.103200 0.121877           0
1.000000 0.986407           1
0.855855 0.848544           1
0.000000 0.029003           0
0.218675 0.216657           0
0.189390 0.192015           1
0.775127 0.775183           1
0.471444 0.465655           0
0.000000 0.027885           0
1.000000 0.973060           1
1.000000 0.993440           1
1.000000 0.989111           1
0.692750 0.691033           1
1.000000 0.994942           1
1.000000 0.966606           1
1.000000 0.965144           1
0.107637 0.123736           0
0.479983 0.064634           0
1.000000 0.922916           0
0.842981 0.836782           0
1.000000 0.929664           1
0.488971 0.067448           0
0.475334 0.064188           0
1.000000 0.926674           1
0.807128 0.803687           0
0.000000 0.044773           0
0.394919 0.395006           0
1.000000 0.980057           1
0.091159 0.113731           0
0.968597 0.911699           0
0.877057 0.864626           1
1.000000 0.986281           1
0.421138 0.056039           0
0.368164 0.050289           0
0.495714 0.495964           1
0.000000 0.069414           0
0.415379 0.055720           0
0.000000 0.035122           0
1.000000 0.994848           1
0.342143 0.042665           0
1.000000 0.962826           1
0.000000 0.033575           0
0.037144 0.088947           0
1.000000 0.991905           1
1.000000 0.997553           1
0.965449 0.912705           1
1.000000 0.986177           1
0.037263 0.088334           0
0.622290 0.948121           1
0.370191 0.050467           0
0.510994 0.930132           1
1.000000 0.980395           1
0.000000 0.032596           0
0.000000 0.032221           0
1.000000 0.981258           1
0.485519 0.485224           0
0.885399 0.870453           1
1.000000 0.987972           1
0.532729 0.934039           1
0.233228 0.232646           1
0.776048 0.777022           0
0.122649 0.134182           0
0.222086 0.222760           0
1.000000 0.969497           1
0.658211 0.656803           0
0.008145 0.078952           0
1.000000 0.962663           1
0.810565 0.804892           1
0.933764 0.898185           1
1.000000 0.969622           1
0.126235 0.139598           0
1.000000 0.926145           1
1.000000 0.926468           1
1.000000 0.959486           1
0.378804 0.378169           0
0.176952 0.179428           0
0.046221 0.092484           0
0.276683 0.276006           1
0.445959 0.058399           0
1.000000 0.980100           1
0.947415 0.904176           1
0.023219 0.084301           0
1.000000 0.996962           1
0.797627 0.794711           0
0.354037 0.048945           0
0.066824 0.100816           0
0.043132 0.091446           0
1.000000 0.993402           1
1.000000 0.996292           1
1.000000 0.917212           1
0.018050 0.081860           0
0.000000 0.031627           0
0.516213 0.516181           0
0.323880 0.321118           0
0.395688 0.051738           0
0.488655 0.066302           0
0.188229 0.191816           0
0.000000 0.030368           0
1.000000 0.954315           1
1.000000 0.974782           0
1.000000 0.991580           1
0.451966 0.415171           0
0.775837 0.772951           0
0.361561 0.350566           0
0.023417 0.083786           0
1.000000 0.992433           1
1.000000 0.988038           1
0.937217 0.898941           1
0.018363 0.081611           0
0.202757 0.205680           0
0.000000 0.028733           0
1.000000 0.996514           1
1.000000 0.991509           1
0.896408 0.877358           0
0.000000 0.025400           0
0.393451 0.053175           0
0.297808 0.296901           1
0.133841 0.145298           0
0.000000 0.028170           0
0.000000 0.031366           0
0.000000 0.072076           0
0.989335 0.915310           0
1.000000 0.993540           1
1.000000 0.961176           1
0.720710 0.720775           1
1.000000 0.960856           1
1.000000 0.979422           1
1.000000 0.992321           1
0.730401 0.728396           1
0.242303 0.242342           0
0.542909 0.546695           0
1.000000 0.996338           1
0.199755 0.203266           0
0.000000 0.033098           0
1.000000 0.991894           1
0.320188 0.320084           0
0.043242 0.091155           0
0.109600 0.126970           0
0.562115 0.562310           0
1.000000 0.989595           1
0.000000 0.045189           1
1.000000 0.990136           1
0.225586 0.215930           0
0.421111 0.056283           0
0.384468 0.380065           1
0.372805 0.047013           0
0.052670 0.095165           0
0.700981 0.700268           0
1.000000 0.975773           1
0.735418 0.731892           1
0.632583 0.632155           0
0.891218 0.874784           0
1.000000 0.995201           1
0.000000 0.024449           0
1.000000 0.984904           1
0.903255 0.882298           1
0.010514 0.080398           0
0.370719 0.050558           0
1.000000 0.991027           1
0.070385 0.102754           0
1.000000 0.969965           1
0.131221 0.140664           0
0.062834 0.099568           0
0.874049 0.861623           0
0.731688 0.726501           1
1.000000 0.975542           1
1.000000 0.984059           1
0.360865 0.046212           0
1.000000 0.929070           1
0.781143 0.781219           1
0.382444 0.381982           0
0.764226 0.764734           1
0.475258 0.064021           0
1.000000 0.988188           1
0.614470 0.947858           1
0.000000 0.042036           0
0.205459 0.208309           0
1.000000 0.994646           1
0.466244 0.467724           0
1.000000 0.979564           1
1.000000 0.971738           1
1.000000 0.995820           1
0.000000 0.034045           0
1.000000 0.992860           1
0.260702 0.260789           0
1.000000 0.985556           1
0.595732 0.595756           1
1.000000 0.985921           1
0.000000 0.068863           0
1.000000 0.957122           1
0.003378 0.077063           0
1.000000 0.994924           1
0.133477 0.143301           0
0.590437 0.944491           1
0.000000 0.044213           0
0.395635 0.053295           0
0.908537 0.886088           0
0.705629 0.703198           1
1.000000 0.965812           1
0.165218 0.170856           0
0.436262 0.057673           0
0.154361 0.158999           0
0.025769 0.084881           0
0.000515 0.075796           0
1.000000 0.986467           1
0.312359 0.314202           1
0.052578 0.094369           0
0.423966 0.056811           0
1.000000 0.955679           1
1.000000 0.970863           0
0.665775 0.665113           0
0.000000 0.067499           0
0.401185 0.053934           0
1.000000 0.972003           1
0.890758 0.873037           0
1.000000 0.986761           1
1.000000 0.990664           1
0.626869 0.608836           0
0.096649 0.115740           0
0.762886 0.759035           0
1.000000 0.976751           1
1.000000 0.965098           1
0.606417 0.950142           1
0.453006 0.061082           0
1.000000 0.995543           1
0.876252 0.857440           0
0.000000 0.039118           0
0.103540 0.122645           0
0.000000 0.044781           0
1.000000 0.995706           1
1.000000 0.977187           1
0.000000 0.072668           0
0.296005 0.287233           0
1.000000 0.963049           1
0.819265 0.816576           1
1.000000 0.993863           1
1.000000 0.959991           1
0.284462 0.286451           0
1.000000 0.994874           1
0.000000 0.043949           0
0.884911 0.870016           1
0.000000 0.040869           0
1.000000 0.926057           1
1.000000 0.966001           1
0.430051 0.057673           0
0.140466 0.147114           0
1.000000 0.991268           1
0.488977 0.067157           0
0.184824 0.187688           0
0.393202 0.051898           0
1.000000 0.981783           1
0.395733 0.052957           0
0.314840 0.315026           0
0.172980 0.175253           0
1.000000 0.978290           1
0.133728 0.143506           0
0.471968 0.064304           0
1.000000 0.992753           1
0.431213 0.430977           0
1.000000 0.973621           1
0.070431 0.103856           0
0.000000 0.019604           0
0.984463 0.913042           1
0.531915 0.505661           0
0.370422 0.050723           0
0.279745 0.274197           0
1.000000 0.972680           1
0.956760 0.906408           1
0.697884 0.697777           0
1.000000 0.984450           1
1.000000 0.994167           1
0.638945 0.638645           0
0.000000 0.072927           0
0.043233 0.091594           0
0.515272 0.930224           0
0.891119 0.873295           1
1.000000 0.990201           1
0.540084 0.937116           1
0.034248 0.087671           0
0.000000 0.072725           0
0.000000 0.028892           0
1.000000 0.981416           1
0.130186 0.139405           0
0.114218 0.128215           0
0.000000 0.029002           0
0.891072 0.874854           0
1.000000 0.953628           1
0.101717 0.120515           0
1.000000 0.968533           1
1.000000 0.993359           1
1.000000 0.988302           1
1.000000 0.993435           1
0.711482 0.712801           1
0.388058 0.052433           0
0.000000 0.067474           0
1.000000 0.995556           1
0.477825 0.478002           0
0.736492 0.736525           0
0.000000 0.036689           0
0.766966 0.766033           0
1.000000 0.995004           1
1.000000 0.994768           1
0.043235 0.090765           0
1.000000 0.976733           1
0.940645 0.901370           1
0.426934 0.056594           0
0.446087 0.059598           0
0.385166 0.384987           0
0.719041 0.719086           0
0.034234 0.088517           0
0.412242 0.054989           0
0.025973 0.085023           0
1.000000 0.993717           1
1.000000 0.995374           1
0.222082 0.221843           1
1.000000 0.995544           1
1.000000 0.989259           1
0.143058 0.151007           1
0.999099 0.921717           1
0.304437 0.304823           0
1.000000 0.992952           1
0.239400 0.239445           0
0.660162 0.659081           1
1.000000 0.997028           1
0.000000 0.029032           0
0.074611 0.104191           0
1.000000 0.996109           1
1.000000 0.995196           1
0.015303 0.079801           0
0.000000 0.033813           0
0.409494 0.051722           0
0.136177 0.147526           0
0.396129 0.053017           0
1.000000 0.992776           1
0.715525 0.715133           1
0.132208 0.141570           0
0.055934 0.094248           0
1.000000 0.995578           1
1.000000 0.990215           1
1.000000 0.994485           1
0.008012 0.076043           0
0.578949 0.941408           1
0.476086 0.064697           0
0.489052 0.066590           0
1.000000 0.989989           1
1.000000 0.992663           0
0.166518 0.172851           1
1.000000 0.993669           1
0.228232 0.228202           1
1.000000 0.989276           1
0.460284 0.062172           0
0.989256 0.914232           1
0.046206 0.090183           0
0.000000 0.034053           0
0.186817 0.189735           0
0.103671 0.122703           0
1.000000 0.977291           1
1.000000 0.996269           1
1.000000 0.959636           1
0.989346 0.919660           1
0.153894 0.159159           0
1.000000 0.969173           1
0.433223 0.058052           0
0.028786 0.085557           0
1.000000 0.992155           1
0.284034 0.283890           1
1.000000 0.969691           1
0.247922 0.249160           0
0.515895 0.926707           1
0.174820 0.176691           1
0.103335 0.122094           0
1.000000 0.993815           1
0.023100 0.084326           0
1.000000 0.972517           1
1.000000 0.929705           1
0.253692 0.252885           0
1.000000 0.987518           1
0.108391 0.124200           0
0.681982 0.681963           1
0.600448 0.543148           0
1.000000 0.994795           1
0.000000 0.070568           0
0.443724 0.445441           0
0.858782 0.850888           1
1.000000 0.982242           1
0.000000 0.035530           0
0.023442 0.083499           0
0.396146 0.395883           0
0.158888 0.163717           0
0.092132 0.115014           1
0.000000 0.074119           0
1.000000 0.995958           1
0.000000 0.042137           0
0.000000 0.034082           0
0.748824 0.748840           0
1.000000 0.991013           1
0.851833 0.848206           0
0.393072 0.049735           0
0.803513 0.795055           1
0.445991 0.057518           0
0.000000 0.043071           0
1.000000 0.949865           1
0.116930 0.132311           0
0.192870 0.195558           0
0.632234 0.948577           0
1.000000 0.983012           1
1.000000 0.988131           1
1.000000 0.990700           1
0.008041 0.078895           0
0.841700 0.833204           1
0.962781 0.900827           0
0.690071 0.691290           0
0.087764 0.112440           0
0.312900 0.312766           0
1.000000 0.955677           1
0.000000 0.045914           0
0.747130 0.741341           1
0.427015 0.056989           0
0.110509 0.127266           0
0.383375 0.382684           0
0.201215 0.205371           0
1.000000 0.983746           1
1.000000 0.930538           1
0.532655 0.930329           1
0.000000 0.043968           0
0.459897 0.061671           0
0.710321 0.709778           0
0.191367 0.194020           0
1.000000 0.996047           1
0.413104 0.413004           1
0.217962 0.217791           0
1.000000 0.960122           1
1.000000 0.979424           1
0.616155 0.616308           0
0.768693 0.768752           1
0.000000 0.034487           0
0.157937 0.162133           0
0.433124 0.057711           0
0.000000 0.023071           0
0.000000 0.028607           0
0.994521 0.915688           1
1.000000 0.977314           1
0.164982 0.170303           0
1.000000 0.925825           1
1.000000 0.990571           1
0.070566 0.104010           0
0.066396 0.101040           0
1.000000 0.996277           1
1.000000 0.979863           1
0.643440 0.643308           1
0.000000 0.071674           0
0.629228 0.948143           1
1.000000 0.979499           1
1.000000 0.975777           1
0.209536 0.203484           0
1.000000 0.993870           1
0.000000 0.022096           0
0.000000 0.038916           0
1.000000 0.959637           1
0.404001 0.052068           0
0.098328 0.116524           0
0.000000 0.033942           0
0.810346 0.806270           1
0.037304 0.089298           0
0.092368 0.114828           0
0.401266 0.051375           0
0.757636 0.757644           1
0.000779 0.077415           0
0.320410 0.317434           0
0.799666 0.797440           0
1.000000 0.990656           1
0.370155 0.051072           0
1.000000 0.987130           1
1.000000 0.925373           1
0.589857 0.589497           0
1.000000 0.996249           1
0.704377 0.704468           1
0.296938 0.296118           1
0.000000 0.072660           0
1.000000 0.982861           1
0.147340 0.155560           0
0.393471 0.393711           0
0.172103 0.174115           0
0.000000 0.042099           0
0.013232 0.080594           0
0.383042 0.051853           0
0.122657 0.134528           1
0.000000 0.072823           0
0.000000 0.040463           0
0.046210 0.092119           0
0.944053 0.903550           1
0.000000 0.027550           0
1.000000 0.992153           1
0.046394 0.091551           0
0.856634 0.848891           0
0.245166 0.245224           1
0.091568 0.114947           0
1.000000 0.987714           1
0.000000 0.043445           0
0.000000 0.032873           0
0.148987 0.156731           0
0.086635 0.110799           0
1.000000 0.953685           1
0.040198 0.090277           0
1.000000 0.987023           1
0.214750 0.214198           0
0.346376 0.345893           0
1.000000 0.994212           1
0.845867 0.840948           0
1.000000 0.987970           1
0.034553 0.086931           0
0.827911 0.824178           1
0.788346 0.786973           1
1.000000 0.993473           1
0.214412 0.216760           0
0.052524 0.094709           0
0.031556 0.086772           0
0.917603 0.890840           1
1.000000 0.970678           1
0.907817 0.884579           0
0.412262 0.051544           0
0.193435 0.195967           0
1.000000 0.983914           1
0.718280 0.718356           1
0.484613 0.066473           0
0.892091 0.875436           0
0.000000 0.067571           0
1.000000 0.981646           1
0.691012 0.690949           0
0.000000 0.041563           0
0.118021 0.133026           0
0.708005 0.710592           0
0.921478 0.893050           1
0.678483 0.676843           0
1.000000 0.992559           1
1.000000 0.989036           1
0.402289 0.394878           0
1.000000 0.928258           1
0.049346 0.093944           0
0.925996 0.895422           1
0.524000 0.934433           1
1.000000 0.991330           1
0.000000 0.070834           0
0.912319 0.886809           1
0.000000 0.026188           0
1.000000 0.917247           1
0.232156 0.231711           0
1.000000 0.990454           1
0.593384 0.942853           1
0.280942 0.280998           1
0.390324 0.053178           0
0.097665 0.118413           0
0.760572 0.759508           1
0.528246 0.935374           0
0.539931 0.936872           1
1.000000 0.995784           1
0.456524 0.061167           0
1.000000 0.990363           1
0.282738 0.283658           0
0.891432 0.868994           0
0.010671 0.078713           0
0.018106 0.082308           0
0.083051 0.109849           0
0.422832 0.395125           0
0.211468 0.202736           1
1.000000 0.989015           1
0.841011 0.833730           0
0.819875 0.804084           1
1.000000 0.992636           1
1.000000 0.974006           1
1.000000 0.976852           1
0.981827 0.912547           1
0.131974 0.141070           0
0.040261 0.088620           0
1.000000 0.991647           1
1.000000 0.991519           1
0.455962 0.456112           0
0.385613 0.387686           0
0.614706 0.947266           0
1.000000 0.987762           1
0.258303 0.253726           0
0.164629 0.169653           0
0.000000 0.021197           0
0.199637 0.202468           0
0.645434 0.645405           1
1.000000 0.984263           1
0.189103 0.191851           1
0.947390 0.905100           0
1.000000 0.993004           1
0.000000 0.037265           0
1.000000 0.994680           1
0.015642 0.081182           0
1.000000 0.992827           1
1.000000 0.994325           1
1.000000 0.996042           1
0.155555 0.160642           0
0.664337 0.663829           1
1.000000 0.991639           1
0.476140 0.064968           0
1.000000 0.991453           1
0.000000 0.041295           0
1.000000 0.990917           1
0.000000 0.067011           0
0.484364 0.066510           0
1.000000 0.960538           1
0.140160 0.147801           0
1.000000 0.996878           1
0.000000 0.070703           0
1.000000 0.994804           1
0.000000 0.029073           0
0.783707 0.782715           0
0.835032 0.828627           1
0.520604 0.931871           1
1.000000 0.983096           1
1.000000 0.991373           1
0.000000 0.036782           0
0.869695 0.859726           0
1.000000 0.996376           1
0.109368 0.126455           0
1.000000 0.993883           1
0.000000 0.036904           0
0.737868 0.737901           1
1.000000 0.996307           1
0.576020 0.567049           1
0.000000 0.026490           0
0.540114 0.932636           0
0.913421 0.884694           0
0.720143 0.718933           0
1.000000 0.996509           1
0.796809 0.794887           1
1.000000 0.994589           1
0.598561 0.946113           1
1.000000 0.963237           1
1.000000 0.966171           1
1.000000 0.988597           1
0.000000 0.070864           0
0.488250 0.066564           0
1.000000 0.978910           1
1.000000 0.982081           1
0.593089 0.944573           1
0.000000 0.043281           0
0.037151 0.088983           0
0.175119 0.176327           0
1.000000 0.986041           1
1.000000 0.982971           1
1.000000 0.994532           1
0.012834 0.080971           0
0.430939 0.430607           0
0.000000 0.035505           0
0.000000 0.034783           0
0.834054 0.827558           1
1.000000 0.993453           1
1.000000 0.954992           1
1.000000 0.977446           0
1.000000 0.980499           1
0.028973 0.085960           1
1.000000 0.995585           1
1.000000 0.993737           1
0.423974 0.055099           0
0.157217 0.161208           0
0.929663 0.894788           1
0.000000 0.076480           0
0.000000 0.042867           0
0.000000 0.041417           0
1.000000 0.993108           1
1.000000 0.989115           1
1.000000 0.958082           1
0.911948 0.885930           1
0.000000 0.040937           0
1.000000 0.996688           1
1.000000 0.976152           1
1.000000 0.984231           1
0.479691 0.065162           0
0.176084 0.177337           0
0.950508 0.902077           0
0.653560 0.652320           0
0.773496 0.773787           0
0.000000 0.042796           0
0.000000 0.040478           0
0.188639 0.191541           0
0.097470 0.119151           0
0.449486 0.058234           0
0.649032 0.648834           0
0.000000 0.075812           0
0.745702 0.745489           0
1.000000 0.993106           1
0.273355 0.273459           0
1.000000 0.991429           1
0.854988 0.841733           0
0.000000 0.027637           0
0.026144 0.084835           0
0.309313 0.308991           0
0.606811 0.945849           1
1.000000 0.993077           1
1.000000 0.996167           1
0.486126 0.485795           1
0.363247 0.359848           0
0.587548 0.943439           1
0.055985 0.097009           0
1.000000 0.993968           1
0.142973 0.150967           0
1.000000 0.981657           1
0.000000 0.073566           0
0.062667 0.098719           0
0.851612 0.840362           0
1.000000 0.966205           1
1.000000 0.987238           1
0.074096 0.104480           0
0.484493 0.065324           0
0.088048 0.113039           0
0.836540 0.808621           0
0.000000 0.036902           0
0.891314 0.875295           1
1.000000 0.986888           1
0.370601 0.050921           0
1.000000 0.994071           1
0.898259 0.880138           1
1.000000 0.969092           1
1.000000 0.995684           1
0.000669 0.077041           0
1.000000 0.961542           1
1.000000 0.980820           1
0.232524 0.232260           0
1.000000 0.996116           1
1.000000 0.990235           1
0.795522 0.791959           1
0.018414 0.082311           0
1.000000 0.980629           1
0.882304 0.864559           1
1.000000 0.963502           1
0.630299 0.628656           0
1.000000 0.994408           1
1.000000 0.994998           1
0.013138 0.079080           0
0.965692 0.910451           0
1.000000 0.980204           1
0.780134 0.779884           1
0.000000 0.030754           0
1.000000 0.977181           1
0.375196 0.047846           0
1.000000 0.992648           1
1.000000 0.988543           1
0.370264 0.050163           0
0.875997 0.863925           1
1.000000 0.958697           1
0.857463 0.840011           1
0.476063 0.063973           0
1.000000 0.979256           0
1.000000 0.988834           1
1.000000 0.985647           1
0.062981 0.100426           0
0.811178 0.806658           0
1.000000 0.969135           1
0.550466 0.935434           1
1.000000 0.974405           1
0.000000 0.070893           1
0.096293 0.116301           0
0.028745 0.085898           1
0.619529 0.946537           1
1.000000 0.992079           1
1.000000 0.955088           1
0.000000 0.042955           0
0.902229 0.881549           1
1.000000 0.985420           1
1.000000 0.972001           1
0.299695 0.299565           0
1.000000 0.993395           1
0.049401 0.093805           1
0.834323 0.823874           0
1.000000 0.980790           1
1.000000 0.987206           1
0.423846 0.056472           0
1.000000 0.991042           1
0.457588 0.463641           0
0.754556 0.754933           1
0.654200 0.654321           1
0.037060 0.088470           0
1.000000 0.961197           1
1.000000 0.993297           1
1.000000 0.994354           1
1.000000 0.983415           1
0.000000 0.034295           0
0.000000 0.041720           0
0.000000 0.035685           0
0.000000 0.026777           0
1.000000 0.972508           1
0.902624 0.881279           1
0.097796 0.118174           0
1.000000 0.973728           1
1.000000 0.970750           1
0.463265 0.463157           1
0.000000 0.039837           0
0.573043 0.942032           1
0.124575 0.137316           0
1.000000 0.988820           1
0.000000 0.070858           0
0.000000 0.047594           0
0.603908 0.945553           1
0.720891 0.720408           1
0.624558 0.947446           1
0.943945 0.889380           1
0.826830 0.824835           1
0.023383 0.083844           0
0.536055 0.519390           1
1.000000 0.996039           1
1.000000 0.988570           1
1.000000 0.994443           1
1.000000 0.962662           1
0.000000 0.018697           0
1.000000 0.996847           1
0.225632 0.225676           0
0.806375 0.799858           1
0.000000 0.024406           0
0.056018 0.095991           0
0.989793 0.918974           0
1.000000 0.995936           1
1.000000 0.960874           1
1.000000 0.956662           1
0.412394 0.053271           0
1.000000 0.959218           1
0.865476 0.855693           1
0.046365 0.091196           0
0.000000 0.072461           0
0.000000 0.042917           0
0.715841 0.715934           1
0.052736 0.095991           0
0.787989 0.788089           1
0.000000 0.045663           0
0.164909 0.170368           0
0.049472 0.093740           0
1.000000 0.954326           1
0.739658 0.739756           1
1.000000 0.982018           1
0.656759 0.656793           1
0.370443 0.046050           0
0.851496 0.839830           1
0.809561 0.805516           1
0.415099 0.055380           0
1.000000 0.988458           1
1.000000 0.947295           1
0.078165 0.107267           0
0.650119 0.651247           0
1.000000 0.963584           1
0.020410 0.083587           0
0.020565 0.083276           0
1.000000 0.991357           1
0.144160 0.152240           0
0.165004 0.172311           0
1.000000 0.972267           1
0.233289 0.233415           0
0.903202 0.882221           0
0.013233 0.080765           0
1.000000 0.991993           1
0.046323 0.092345           0
1.000000 0.994913           1
0.062889 0.099655           0
1.000000 0.972804           1
0.116373 0.130350           0
0.563812 0.939787           1
1.000000 0.954083           1
0.092682 0.115307           0
0.000000 0.041599           0
0.018044 0.082612           0
0.340101 0.047583           0
0.781803 0.775339           0
0.000000 0.068285           0
1.000000 0.971754           1
1.000000 0.992680           1
0.000000 0.035879           0
0.000000 0.042843           0
0.165431 0.170841           0
1.000000 0.989601           1
0.467810 0.063441           0
1.000000 0.977281           0
0.000000 0.040244           0
0.345976 0.346045           0
0.475261 0.064639           0
1.000000 0.926101           1
0.000000 0.047403           0
0.442673 0.055228           0
1.000000 0.959074           1
0.056030 0.096065           0
1.000000 0.994041           1
0.000000 0.066699           0
1.000000 0.991886           1
0.317339 0.317054           1
0.059357 0.098130           0
0.876150 0.858523           1
0.783412 0.780485           1
1.000000 0.985879           1
0.000000 0.044016           0
1.000000 0.986841           1
1.000000 0.949943           1
0.000000 0.043597           0
1.000000 0.968428           1
0.305409 0.305505           1
0.415322 0.055007           0
1.000000 0.959106           1
0.000000 0.038429           0
1.000000 0.993433           1
0.055897 0.095379           0
0.488623 0.067398           0
0.000000 0.028912           0
1.000000 0.955234           1
0.854163 0.836493           1
0.560447 0.940832           1
0.512254 0.512452           0
1.000000 0.995259           1
0.000000 0.029388           0
0.194042 0.196966           0
0.052694 0.094772           1
1.000000 0.996688           1
0.031735 0.085892           0
0.409677 0.049694           0
1.000000 0.974959           1
0.005414 0.079025           0
0.397093 0.397395           0
0.037272 0.088602           0
1.000000 0.994714           1
1.000000 0.917426           1
0.375685 0.375894           1
0.421017 0.056376           0
1.000000 0.991340           1
0.313418 0.299082           1
0.636631 0.636279           0
0.851470 0.842968           1
0.912641 0.887746           0
0.908453 0.886048           1
0.210619 0.210600           0
1.000000 0.982695           1
1.000000 0.966750           1
0.471629 0.063861           1
0.108158 0.122466           0
1.000000 0.991620           1
0.703645 0.690344           1
1.000000 0.984561           1
0.897277 0.877520           1
0.000000 0.022364           0
0.488691 0.065731           0
0.000000 0.041037           0
0.690099 0.690565           0
0.940685 0.902884           1
0.489607 0.489506           0
1.000000 0.923156           0
1.000000 0.924135           1
1.000000 0.992479           1
0.965544 0.912580           1
0.758082 0.757990           0
1.000000 0.962336           1
0.222489 0.222213           1
0.012836 0.081204           0
1.000000 0.994132           1
0.907901 0.884550           1
1.000000 0.978083           1
0.429999 0.057614           0
0.109263 0.124648           1
0.448141 0.447163           0
0.005246 0.078659           0
0.339000 0.285951           1
1.000000 0.990401           1
1.000000 0.991707           1
0.729589 0.726244           1
0.066565 0.101008           0
0.637732 0.639880           0
1.000000 0.969640           1
1.000000 0.988134           1
0.901755 0.833075           1
1.000000 0.993048           1
1.000000 0.993081           1
0.445584 0.433562           1
1.000000 0.995477           1
0.842794 0.837875           0
1.000000 0.984747           1
0.636830 0.948654           1
1.000000 0.993515           1
0.436209 0.058678           0
1.000000 0.994809           1
0.293181 0.293352           0
0.130244 0.139582           0
0.221683 0.215630           0
0.929816 0.894592           1
0.835473 0.829773           0
1.000000 0.963440           1
0.309258 0.309124           1
0.415121 0.055470           0
1.000000 0.985791           1
0.925310 0.892189           1
1.000000 0.958595           1
0.231096 0.226227           0
0.360318 0.363487           0
0.619571 0.947246           0
0.312497 0.304528           0
1.000000 0.963766           1
0.686727 0.685676           0
0.043117 0.091433           0
1.000000 0.986156           1
1.000000 0.987600           1
0.069998 0.102133           0
0.950627 0.904095           1
1.000000 0.931584           1
1.000000 0.976831           1
0.576162 0.941919           1
0.467213 0.062419           0
1.000000 0.982388           1
0.109010 0.124936           0
0.607431 0.607732           0
1.000000 0.975224           1
0.260160 0.261108           0
0.804853 0.797919           1
0.406903 0.054241           0
0.807394 0.801889           1
0.658674 0.654008           0
0.430102 0.053423           0
0.000000 0.027909           0
1.000000 0.990235           1
0.134652 0.145501           0
1.000000 0.990110           1
0.078683 0.107349           0
0.704079 0.704142           0
0.161100 0.166027           0
1.000000 0.953710           0
0.066385 0.101045           0
0.082267 0.108777           0
0.153188 0.157287           0
1.000000 0.993825           1
0.160307 0.165441           0
1.000000 0.986763           1
1.000000 0.926810           1
0.000784 0.076994           0
0.439385 0.058671           0
0.933572 0.899132           0
1.000000 0.965295           0
0.000000 0.043487           0
0.102898 0.121676           0
1.000000 0.972826           1
0.000000 0.026956           0
0.549058 0.548192           0
0.424063 0.056261           0
0.767071 0.763493           0
0.390649 0.052762           0
0.015309 0.081204           0
1.000000 0.979352           1
0.000000 0.045001           0
0.013294 0.080170           0
0.000000 0.038671           0
0.460134 0.062345           0
0.000000 0.045702           0
0.000000 0.042352           0
1.000000 0.988756           1
0.096782 0.117492           0
1.000000 0.992498           1
1.000000 0.951187           1
1.000000 0.992736           1
0.339844 0.044371           0
0.026047 0.084759           0
1.000000 0.989836           0
0.000000 0.031959           0
1.000000 0.973431           1
0.000000 0.033890           0
0.000000 0.028945           0
1.000000 0.996548           1
0.144574 0.152435           0
0.480211 0.062160           0
1.000000 0.982628           1
0.385420 0.048200           0
1.000000 0.976742           1
0.388164 0.052204           0
1.000000 0.966243           1
0.000000 0.041437           0
1.000000 0.994606           1
0.130339 0.139918           0
1.000000 0.986898           1
1.000000 0.975784           1
0.335870 0.336369           0
0.326442 0.323130           1
0.000000 0.037527           0
0.187350 0.189978           1
0.510428 0.508152           0
1.000000 0.988626           1
0.553992 0.938363           0
0.163790 0.170226           0
0.889575 0.872122           1
0.385579 0.049060           0
1.000000 0.989958           1
1.000000 0.951586           1
1.000000 0.924055           1
1.000000 0.977768           1
0.000000 0.072797           0
0.439515 0.059063           0
0.000000 0.070972           0
1.000000 0.993531           1
1.000000 0.978426           1
0.000000 0.074416           0
0.992475 0.917921           1
0.370370 0.050880           0
0.817143 0.811078           1
0.205398 0.209394           0
1.000000 0.988187           1
1.000000 0.976813           1
1.000000 0.958677           1
1.000000 0.995218           1
1.000000 0.979453           1
0.340889 0.339666           0
0.619323 0.947426           1
0.877175 0.864426           1
0.397566 0.405711           0
0.180549 0.183018           1
0.209489 0.202220           0
0.312967 0.312614           1
0.000000 0.037338           0
1.000000 0.990099           1
0.056083 0.096618           0
0.043122 0.089277           0
1.000000 0.960857           1
0.619834 0.944526           1
1.000000 0.995155           1
0.256846 0.256862           1
0.000000 0.032903           0
0.160854 0.166998           0
1.000000 0.993523           1
0.101965 0.120067           0
0.000000 0.018871           0
0.000000 0.067437           0
0.034356 0.087333           0
0.750536 0.749967           1
1.000000 0.996484           1
0.000000 0.074973           0
0.161391 0.166476           0
0.281725 0.281646           1
1.000000 0.996786           1
1.000000 0.989461           1
1.000000 0.993840           1
0.917834 0.891103           1
0.559438 0.557773           0
1.000000 0.985519           1
1.000000 0.995723           1
1.000000 0.956187           1
0.627159 0.626872           0
0.000000 0.041721           0
0.480410 0.065237           0
0.083116 0.109802           0
0.146945 0.154152           0
1.000000 0.996166           0
1.000000 0.952711           0
1.000000 0.986503           1
0.037175 0.088739           0
0.815378 0.809706           1
0.167707 0.172074           0
1.000000 0.997121           1
1.000000 0.986835           1
0.959621 0.902180           1
0.736937 0.734573           0
0.456371 0.061234           0
1.000000 0.951750           1
0.108940 0.125584           0
0.000000 0.033284           0
0.070537 0.103796           0
1.000000 0.990584           0
0.638809 0.948694           1
0.399245 0.399215           0
0.547204 0.542343           0
0.189647 0.194382           0
0.763127 0.750553           0
0.839730 0.831190           1
0.566928 0.937203           0
1.000000 0.995491           1
0.000000 0.073405           0
1.000000 0.979809           1
0.912122 0.886272           1
0.929421 0.896020           1
0.123343 0.134901           0
0.976388 0.915860           1
0.000000 0.040265           0
1.000000 0.969321           0
0.146612 0.153882           0
1.000000 0.995209           1
0.382856 0.051652           0
0.059289 0.097438           0
0.754244 0.753290           0
0.059353 0.099026           0
0.000000 0.028672           0
1.000000 0.982856           1
1.000000 0.991604           1
0.000000 0.024970           0
1.000000 0.991284           1
0.462668 0.454972           1
0.239188 0.238462           0
0.110027 0.127054           0
0.000000 0.040584           0
1.000000 0.990617           1
1.000000 0.995343           1
0.876314 0.860087           1
1.000000 0.977500           1
0.194921 0.197667           0
0.003056 0.078225           0
0.452839 0.060573           0
1.000000 0.984407           1
1.000000 0.996297           1
1.000000 0.980028           1
1.000000 0.982617           1
0.172928 0.175584           0
0.364401 0.356627           0
1.000000 0.962806           1
1.000000 0.977198           1
1.000000 0.995432           1
0.651484 0.651307           0
0.000000 0.031613           0
0.479605 0.479738           1
0.423973 0.056844           0
1.000000 0.986204           1
1.000000 0.990773           1
0.687569 0.687655           0
0.000000 0.068626           0
0.000000 0.034487           0
1.000000 0.970110           1
0.655357 0.652489           1
0.573073 0.942051           1
0.380335 0.051347           0
0.231870 0.231857           0
0.590360 0.944903           1
0.087229 0.112622           0
0.903695 0.883415           1
1.000000 0.994870           1
0.117620 0.133309           0
1.000000 0.979959           1
0.023102 0.084399           0
0.363295 0.363127           0
0.406644 0.054492           1
1.000000 0.983416           1
0.262862 0.259509           0
1.000000 0.975387           1
0.309622 0.297171           0
0.123798 0.137599           1
0.852769 0.845068           1
1.000000 0.991903           1
0.925412 0.894172           1
0.108255 0.124823           0
0.790674 0.790805           1
0.488984 0.066429           0
0.800263 0.797179           0
0.074003 0.105238           0
1.000000 0.991335           1
0.747032 0.746697           1
0.550631 0.938264           1
1.000000 0.964397           0
0.442374 0.420728           0
0.846009 0.840333           1
0.614752 0.945385           1
1.000000 0.993944           1
0.000000 0.039741           0
1.000000 0.987231           1
0.000000 0.075141           0
1.000000 0.961728           1
1.000000 0.990176           1
0.362627 0.362343           0
0.803073 0.800207           0
0.579027 0.943814           1
0.426979 0.055074           0
0.000000 0.075289           0
0.722602 0.716526           1
0.031328 0.085317           0
0.713229 0.712451           1
0.388323 0.052529           0
0.000000 0.035671           0
1.000000 0.993219           1
1.000000 0.994714           1
0.753694 0.753737           0
0.796843 0.793765           1
1.000000 0.996499           1
0.462195 0.463586           0
0.883113 0.866304           0
0.000000 0.019269           0
0.000000 0.043798           0
0.834804 0.828699           1
0.000000 0.046262           0
0.390582 0.052735           1
0.446999 0.448993           1
0.046198 0.091667           0
0.383063 0.051790           0
1.000000 0.983327           1
0.493555 0.493136           1
0.000000 0.074954           0
0.289066 0.287830           0
1.000000 0.992999           1
0.115474 0.129038           0
0.066314 0.100293           0
0.921295 0.892289           1
1.000000 0.993943           1
0.303709 0.296152           0
0.713994 0.710069           0
0.107813 0.123373           0
1.000000 0.995020           1
0.855475 0.848181           1
1.000000 0.994966           1
1.000000 0.969717           1
0.351430 0.045180           0
0.638654 0.638801           1
1.000000 0.981416           1
0.066761 0.102532           0
0.163030 0.168285           0
1.000000 0.987784           1
0.110063 0.124683           0
0.000000 0.046743           0
1.000000 0.973941           1
1.000000 0.975182           1
1.000000 0.996271           1
1.000000 0.989528           1
0.479552 0.064824           0
0.436253 0.057303           0
0.007944 0.078840           0
0.000000 0.067817           0
0.000000 0.069733           0
0.652704 0.656579           0
0.354018 0.048925           0
1.000000 0.987078           1
0.154553 0.159337           0
0.163041 0.168319           0
0.143689 0.152383           0
0.395709 0.052824           0
0.000000 0.042213           0
1.000000 0.995584           1
0.426976 0.056279           0
0.758913 0.722900           0
0.528184 0.934506           1
0.066714 0.101630           0
0.000000 0.068526           0
0.857520 0.849756           1
0.274813 0.280803           0
1.000000 0.991915           1
0.892103 0.864811           0
0.109832 0.126762           0
1.000000 0.991535           1
1.000000 0.986352           1
0.377951 0.051503           0
0.541567 0.541718           0
1.000000 0.994133           1
1.000000 0.989259           1
0.000000 0.049730           0
0.833945 0.820614           0
1.000000 0.983902           1
1.000000 0.982015           1
0.000000 0.072392           0
0.115231 0.134355           0
0.456237 0.061099           0
0.115722 0.130003           0
0.135849 0.146492           0
1.000000 0.989347           1
1.000000 0.993316           1
1.000000 0.991990           1
1.000000 0.992123           1
1.000000 0.994873           1
1.000000 0.963369           1
1.000000 0.988629           1
0.382812 0.048261           0
1.000000 0.923042           1
0.585780 0.578552           1
0.171576 0.173045           0
1.000000 0.972851           1
0.147607 0.153774           0
0.947291 0.905280           0
0.000000 0.044802           0
0.323046 0.322815           0
0.456409 0.060609           0
1.000000 0.973572           1
0.000000 0.038394           0
1.000000 0.980283           1
1.000000 0.986209           1
0.973898 0.915450           1
1.000000 0.953223           1
1.000000 0.981925           1
0.134385 0.145589           0
0.365486 0.050508           0
0.754712 0.752869           1
0.839922 0.831382           1
0.000000 0.068577           0
0.714121 0.711179           0
0.937103 0.898209           1
1.000000 0.989241           1
0.034297 0.087660           0
0.000000 0.073010           0
0.452890 0.060835           0
0.103703 0.122598           0
0.199044 0.201419           1
1.000000 0.989989           1
1.000000 0.994358           1
0.347156 0.342519           0
1.000000 0.995073           1
1.000000 0.988894           0
0.794955 0.789917           1
0.082501 0.108648           0
0.884223 0.867872           1
1.000000 0.969991           1
1.000000 0.978281           1
0.000000 0.046523           0
0.736002 0.734980           1
1.000000 0.996042           1
1.000000 0.990456           1
1.000000 0.987893           1
0.675524 0.675699           0
0.363109 0.046863           0
0.066667 0.100950           0
1.000000 0.988699           1
0.263338 0.263217           0
0.410145 0.409238           0
1.000000 0.989574           1
0.401424 0.054140           0
0.000000 0.029497           0
1.000000 0.978248           1
1.000000 0.931561           1
0.000000 0.038620           0
0.000000 0.034398           0
0.201772 0.206755           1
0.799685 0.795038           1
0.000000 0.023488           0
0.876407 0.882561           1
0.604288 0.946421           1
0.842027 0.824243           0
0.342130 0.044804           0
1.000000 0.992492           1
1.000000 0.984831           1
1.000000 0.982545           1
0.223475 0.223468           0
0.286233 0.286248           1
0.000000 0.069450           0
1.000000 0.992410           1
1.000000 0.971743           1
0.782428 0.781462           0
0.908679 0.884560           1
0.456609 0.456261           1
0.052652 0.094764           0
0.000000 0.044865           0
1.000000 0.987601           1
1.000000 0.988718           1
0.448978 0.448357           0
0.753504 0.748626           0
1.000000 0.992960           1
0.070164 0.102389           0
1.000000 0.976023           0
1.000000 0.957183           1
1.000000 0.993803           1
1.000000 0.985121           1
1.000000 0.989102           1
1.000000 0.986372           1
0.484752 0.066549           0
1.000000 0.979298           1
0.409597 0.054225           0
0.000000 0.044550           0
0.000000 0.075274           0
1.000000 0.992909           1
1.000000 0.996002           1
1.000000 0.970861           1
1.000000 0.991415           1
0.370041 0.050878           0
1.000000 0.966113           1
1.000000 0.994753           1
1.000000 0.993342           1
0.738691 0.738492           1
0.000000 0.045848           0
0.000000 0.020907           0
1.000000 0.993337           1
0.319530 0.319400           0
1.000000 0.976010           1
1.000000 0.993559           1
1.000000 0.990056           1
0.837264 0.830598           1
0.000000 0.046252           0
0.155482 0.158460           0
0.190652 0.193375           0
1.000000 0.981046           0
1.000000 0.991472           1
0.059474 0.097858           0
1.000000 0.995820           1
1.000000 0.993602           1
0.480479 0.065794           0
1.000000 0.995842           1
1.000000 0.991776           1
1.000000 0.964519           1
1.000000 0.993259           1
0.799296 0.794001           1
0.833450 0.822224           1
0.796661 0.778107           1
0.705287 0.701274           0
0.000000 0.029298           0
0.000000 0.029253           0
0.587556 0.935005           1
1.000000 0.992381           1
0.768224 0.767108           0
1.000000 0.996176           1
0.783528 0.784126           0
0.192264 0.194744           0
0.056008 0.096575           0
0.543754 0.932636           1
1.000000 0.997681           1
0.000000 0.028403           0
0.049446 0.092970           0
0.202891 0.207198           0
0.000000 0.074189           0
0.083174 0.109920           0
1.000000 0.976510           1
0.000000 0.032598           0
0.743737 0.744300           1
0.853579 0.843948           1
1.000000 0.969715           1
0.576076 0.941187           1
0.436350 0.057456           0
0.015547 0.080719           0
1.000000 0.993760           1
1.000000 0.992328           1
1.000000 0.995583           1
0.729368 0.729072           1
0.250991 0.252484           0
1.000000 0.997053           1
1.000000 0.980538           1
1.000000 0.993890           1
0.524083 0.933325           1
1.000000 0.988555           1
0.740557 0.740754           0
0.000000 0.036084           0
0.950626 0.902633           0
1.000000 0.983646           1
1.000000 0.986647           1
1.000000 0.996264           1
1.000000 0.991053           1
1.000000 0.989094           0
0.524733 0.520421           0
0.213130 0.210977           0
0.415200 0.055161           0
0.220095 0.219772           0
1.000000 0.981130           1
1.000000 0.993077           1
0.049375 0.093154           0
0.166903 0.171271           0
0.012708 0.080641           0
0.000000 0.031623           0
0.687362 0.685921           0
1.000000 0.995104           1
1.000000 0.990648           1
0.672332 0.672397           0
0.000000 0.028813           0
1.000000 0.987600           1
1.000000 0.956945           1
0.000000 0.032224           0
0.875556 0.863346           1
0.509302 0.507364           0
1.000000 0.986807           1
1.000000 0.988173           1
1.000000 0.995905           1
0.037406 0.089030           0
0.163568 0.169098           0
0.991959 0.916034           0
0.971154 0.914366           1
0.347381 0.045944           0
0.000000 0.067479           0
1.000000 0.992761           1
1.000000 0.959095           1
1.000000 0.972976           1
1.000000 0.979490           1
1.000000 0.971859           1
1.000000 0.984913           1
1.000000 0.978742           1
0.682567 0.676322           1
0.367760 0.050526           0
0.025936 0.085304           0
1.000000 0.991417           1
0.522149 0.523050           1
1.000000 0.989969           1
1.000000 0.994372           1
0.406685 0.054780           0
1.000000 0.995097           1
0.429943 0.057730           0
1.000000 0.993760           1
1.000000 0.956223           1
1.000000 0.990050           1
0.000000 0.043157           0
0.417977 0.056148           0
1.000000 0.990820           1
1.000000 0.985557           1
0.062964 0.100475           0
1.000000 0.986814           0
0.000000 0.047211           0
1.000000 0.950841           1
1.000000 0.991121           1
1.000000 0.991015           1
0.823205 0.819310           1
1.000000 0.972590           1
1.000000 0.960060           1
1.000000 0.975397           1
0.877786 0.865953           1
0.000000 0.032693           0
1.000000 0.991832           1
0.000000 0.072963           0
1.000000 0.996211           1
0.190461 0.192952           0
0.000000 0.042331           0
0.690067 0.690078           1
0.063004 0.100171           0
0.300843 0.300760           0
0.000000 0.035665           0
0.092639 0.115443           0
0.066415 0.100390           0
0.142189 0.149112           0
0.770300 0.769925           0
1.000000 0.973500           1
0.353565 0.046487           0
0.759114 0.749454           0
0.261442 0.260702           0
1.000000 0.997166           1
0.031704 0.086037           0
1.000000 0.995528           1
0.747378 0.747371           1
0.937044 0.896035           0
0.164840 0.170021           0
0.249732 0.246658           0
1.000000 0.996349           1
0.333659 0.333419           0
1.000000 0.993212           1
1.000000 0.955445           1
0.813908 0.802435           0
0.908552 0.886104           1
1.000000 0.987326           1
0.217088 0.218212           0
0.517971 0.467295           1
0.897168 0.876293           1
0.449429 0.056108           0
1.000000 0.953585           0
1.000000 0.995428           1
1.000000 0.987677           1
0.043342 0.090174           0
1.000000 0.978264           1
1.000000 0.966476           0
1.000000 0.979587           1
0.726927 0.727291           0
1.000000 0.985330           1
0.882009 0.866985           0
1.000000 0.977719           1
0.925956 0.895147           1
1.000000 0.996347           1
1.000000 0.978395           1
1.000000 0.976606           1
0.000000 0.038195           0
1.000000 0.990111           1
1.000000 0.989377           1
0.198424 0.201303           0
0.358923 0.046351           0
0.108062 0.123900           1
0.000000 0.029984           0
0.515517 0.930314           1
0.520568 0.934580           1
0.660356 0.661863           0
1.000000 0.974533           1
1.000000 0.972502           1
1.000000 0.926695           1
0.000000 0.028800           0
0.329964 0.333750           0
0.115513 0.129496           1
1.000000 0.983682           1
1.000000 0.966323           1
0.000000 0.025734           0
1.000000 0.953496           1
1.000000 0.991856           1
1.000000 0.989566           1
0.196071 0.200299           0
1.000000 0.975768           1
0.012893 0.081315           0
0.817828 0.814791           1
1.000000 0.988607           1
0.000000 0.040120           0
1.000000 0.989300           1
0.344802 0.044816           0
0.433133 0.054458           1
1.000000 0.982702           1
0.214467 0.212570           0
0.537978 0.538135           0
1.000000 0.994155           1
1.000000 0.970945           1
1.000000 0.967667           1
1.000000 0.995147           1
1.000000 0.978965           1
1.000000 0.955365           1
1.000000 0.996222           1
1.000000 0.976421           1
0.134627 0.145603           0
1.000000 0.993704           1
0.000000 0.036301           0
0.791136 0.790263           1
0.921389 0.892418           1
1.000000 0.991945           1
0.015418 0.081328           0
0.354193 0.045884           0
1.000000 0.985742           1
1.000000 0.985879           1
0.013201 0.079813           0
0.463604 0.060818           0
0.059263 0.096787           1
0.000000 0.034260           0
1.000000 0.993498           1
0.855747 0.847539           1
0.078355 0.106093           0
0.023469 0.083505           0
0.912080 0.886472           1
1.000000 0.994636           1
1.000000 0.994427           1
1.000000 0.990389           1
0.200013 0.205495           0
1.000000 0.993309           1
0.091899 0.114352           0
1.000000 0.973482           1
0.000000 0.042994           0
1.000000 0.993114           1
0.097809 0.119097           0
0.891202 0.873808           1
1.000000 0.988539           1
0.718575 0.717582           0
0.040052 0.091004           0
0.649993 0.646049           1
1.000000 0.995074           1
1.000000 0.992418           1
0.144481 0.152139           1
0.442775 0.059461           0
0.000000 0.069781           0
0.216724 0.214882           0
0.000000 0.026551           0
0.107549 0.123660           0
0.074400 0.105621           0
0.000000 0.028431           0
0.367206 0.366939           0
0.000000 0.023596           0
1.000000 0.964908           1
0.000000 0.072908           0
0.944078 0.903001           1
0.010702 0.080182           0
0.929622 0.894405           1
1.000000 0.995197           1
1.000000 0.995059           1
1.000000 0.989625           1
0.131623 0.141378           0
0.087861 0.112813           1
0.834802 0.822597           1
0.282123 0.281466           1
0.539877 0.937034           1
0.000000 0.033835           0
0.791207 0.791568           1
1.000000 0.980287           1
0.409605 0.053415           0
1.000000 0.959592           1
1.000000 0.989348           1
1.000000 0.996673           1
1.000000 0.968303           1
0.175087 0.179542           0
1.000000 0.960659           1
0.819102 0.811135           1
0.008059 0.079348           0
0.000000 0.036384           0
0.000000 0.039701           0
1.000000 0.991451           1
0.172758 0.174927           0
0.366032 0.049991           0
0.851764 0.839348           1
0.000000 0.033155           0
0.028822 0.082597           0
0.114948 0.129109           0
0.809118 0.805640           1
0.000000 0.044701           0
1.000000 0.994925           1
0.180784 0.183174           0
0.547237 0.938053           1
1.000000 0.969482           1
0.947452 0.905300           1
0.017978 0.081542           0
1.000000 0.953721           1
1.000000 0.981740           1
0.885060 0.869857           1
1.000000 0.996464           1
1.000000 0.973412           1
1.000000 0.928420           1
1.000000 0.995602           1
1.000000 0.995041           1
0.000000 0.042353           0
0.000000 0.026349           0
0.271068 0.271805           0
0.109304 0.126079           0
0.484976 0.066139           0
0.433317 0.433044           0
0.394088 0.392552           0
0.835795 0.830904           1
1.000000 0.964873           1
0.000000 0.038701           0
0.147423 0.155386           0
0.456390 0.060286           0
0.000000 0.027442           0
1.000000 0.979857           1
0.015757 0.081433           0
0.475572 0.064546           0
1.000000 0.994036           1
1.000000 0.988006           1
1.000000 0.970633           1
0.353764 0.049127           0
0.000000 0.077090           0
1.000000 0.992608           1
0.541514 0.538217           1
1.000000 0.982546           1
1.000000 0.992442           1
1.000000 0.981242           0
0.467553 0.063090           0
0.209835 0.209317           1
1.000000 0.965996           0
0.997027 0.921623           1
0.000000 0.037173           0
1.000000 0.975644           1
0.097055 0.117011           0
1.000000 0.963516           1
1.000000 0.995293           1
1.000000 0.971449           1
1.000000 0.977715           1
0.182769 0.185375           0
0.000000 0.040582           0
1.000000 0.944668           1
0.794692 0.784498           1
1.000000 0.988346           1
0.000000 0.074223           0
0.034294 0.086913           0
1.000000 0.979391           1
0.181390 0.184456           0
1.000000 0.985886           1
1.000000 0.991499           1
0.271752 0.271125           1
0.647046 0.645285           0
0.602694 0.602402           1
1.000000 0.990835           1
1.000000 0.991598           1
0.828043 0.812799           0
0.895977 0.876330           1
1.000000 0.992237           1
0.381086 0.378962           1
1.000000 0.968920           1
1.000000 0.964231           1
0.968665 0.912984           1
1.000000 0.997245           1
0.189707 0.192774           0
1.000000 0.997593           1
1.000000 0.994599           1
0.000000 0.030128           0
1.000000 0.973540           1
0.115511 0.128168           1
0.055902 0.097075           0
1.000000 0.968777           1
1.000000 0.984313           1
0.000000 0.076609           0
0.355799 0.356161           0
0.000000 0.043987           0
0.000000 0.021757           0
0.000000 0.039386           0
0.532692 0.945404           0
1.000000 0.956257           1
0.433156 0.056688           0
1.000000 0.990864           1
0.102843 0.121493           0
1.000000 0.993847           1
0.890489 0.863521           1
0.452855 0.060533           0
0.124114 0.136181           0
0.484795 0.066414           0
1.000000 0.968807           0
0.000000 0.041888           0
0.000000 0.029601           0
1.000000 0.974768           1
1.000000 0.993924           1
1.000000 0.964750           1
1.000000 0.973232           1
1.000000 0.982645           1
0.628975 0.628906           1
1.000000 0.990020           1
0.104258 0.123337           0
0.000000 0.024534           0
1.000000 0.982612           1
1.000000 0.970041           1
1.000000 0.990799           1
0.876135 0.853690           1
0.588998 0.587957           0
1.000000 0.993653           1
0.078216 0.106632           0
0.017916 0.082518           0
0.638804 0.638876           1
1.000000 0.983807           0
0.002725 0.077848           0
0.717106 0.716999           1
1.000000 0.992955           1
1.000000 0.989275           1
0.810043 0.806652           1
0.043087 0.091968           0
0.598820 0.942329           1
1.000000 0.991584           1
1.000000 0.994851           1
0.231320 0.230074           0
0.155270 0.159722           0
0.000000 0.070674           0
0.000000 0.023439           0
0.430031 0.057015           0
1.000000 0.994423           1
1.000000 0.961999           1
1.000000 0.991277           1
0.000000 0.070010           0
0.055933 0.097415           0
1.000000 0.992912           1
1.000000 0.960384           1
0.031506 0.087712           0
1.000000 0.992867           1
0.108762 0.125482           0
0.000000 0.030781           0
1.000000 0.992109           1
0.314113 0.314215           1
1.000000 0.970733           1
0.937115 0.899233           1
0.000000 0.076255           0
0.694349 0.694124           1
0.025873 0.085241           0
0.000000 0.041495           0
0.940665 0.899239           1
0.336695 0.337766           1
1.000000 0.994657           1
1.000000 0.973704           1
0.636456 0.948971           1
0.953628 0.908535           1
0.528074 0.935758           1
0.446265 0.446100           1
0.125477 0.137406           0
0.884951 0.871199           0
0.000000 0.043328           0
1.000000 0.990105           1
1.000000 0.915968           1
1.000000 0.979033           1
1.000000 0.995695           1
0.000000 0.039625           0
1.000000 0.991643           1
1.000000 0.995654           1
1.000000 0.992293           1
1.000000 0.966781           1
1.000000 0.982742           1
0.000000 0.039467           0
0.000000 0.043318           0
1.000000 0.992394           1
0.181057 0.183648           0
0.560566 0.933775           1
0.158322 0.164392           0
1.000000 0.960321           1
0.005796 0.078353           0
0.542093 0.540396           0
0.049376 0.093598           0
0.629751 0.948418           1
0.744100 0.743982           0
0.460189 0.061724           0
0.535797 0.931079           1
1.000000 0.994370           1
1.000000 0.995713           1
0.000000 0.037231           0
0.134815 0.145396           0
1.000000 0.932600           0
1.000000 0.977431           1
0.514046 0.479480           1
0.000000 0.074487           0
0.484248 0.066130           0
1.000000 0.994065           1
1.000000 0.982461           1
0.501615 0.498351           0
1.000000 0.988682           1
0.000000 0.038371           0
0.356069 0.046623           0
1.000000 0.963042           1
0.134267 0.144703           0
0.732869 0.733928           0
0.193255 0.198599           0
0.123441 0.135376           0
0.052715 0.093089           0
1.000000 0.995009           1
0.822936 0.818810           1
1.000000 0.919759           1
0.944178 0.904464           1
0.189368 0.192336           0
0.777509 0.776423           0
0.000000 0.034770           0
1.000000 0.989769           1
1.000000 0.984986           1
0.962559 0.898216           1
0.572919 0.943070           1
0.679541 0.668559           1
1.000000 0.994493           1
1.000000 0.964759           1
0.000000 0.027188           0
0.000000 0.024510           0
0.023513 0.082325           0
1.000000 0.980812           1
1.000000 0.989031           1
0.040288 0.089843           0
0.049374 0.093249           0
0.925845 0.894947           1
0.788889 0.788425           1
0.262247 0.262610           1
0.078073 0.106619           0
0.056061 0.095994           0
0.807478 0.804780           1
1.000000 0.964296           1
1.000000 0.960650           1
0.160214 0.165280           0
0.000000 0.019890           0
0.020830 0.083578           0
1.000000 0.996005           1
1.000000 0.995716           1
1.000000 0.996160           1
0.000000 0.035500           0
1.000000 0.978957           1
0.627774 0.626296           1
0.732287 0.732034           0
0.000000 0.032654           0
0.000000 0.026637           0
0.003285 0.076067           0
1.000000 0.982498           1
1.000000 0.996785           1
0.543411 0.937741           1
0.377686 0.051358           0
0.026246 0.084351           0
1.000000 0.953426           1
1.000000 0.981599           1
0.000000 0.033139           0
1.000000 0.994596           1
0.433765 0.435928           0
1.000000 0.992066           1
0.015717 0.081295           0
1.000000 0.993576           1
0.933214 0.898499           1
0.382756 0.048847           0
1.000000 0.997156           1
1.000000 0.985627           1
0.171934 0.174237           1
1.000000 0.991779           1
0.000000 0.030398           0
1.000000 0.988457           1
0.000000 0.034312           0
1.000000 0.974541           0
0.354767 0.327448           0
0.000000 0.069089           0
1.000000 0.990154           1
1.000000 0.992490           1
0.000000 0.043429           0
0.591071 0.590548           1
1.000000 0.964107           1
1.000000 0.992397           1
0.947380 0.905242           1
0.012907 0.080584           0
1.000000 0.983034           1
1.000000 0.977191           1
1.000000 0.986170           1
0.000000 0.034949           0
1.000000 0.982640           1
0.773593 0.766384           1
0.212254 0.211503           0
1.000000 0.996495           1
1.000000 0.970749           1
1.000000 0.974417           1
0.132136 0.141613           0
0.000000 0.042098           0
0.818508 0.813863           1
0.378994 0.378779           1
0.756821 0.756706           1
0.000000 0.027327           0
0.000000 0.049487           0
0.712545 0.710160           0
0.857828 0.847678           1
0.637221 0.624120           1
1.000000 0.985510           1
0.475800 0.064871           0
0.467557 0.062210           0
1.000000 0.996946           1
0.426911 0.057304           0
0.485322 0.487346           0
0.417973 0.056359           0
0.401003 0.054141           0
0.287597 0.288357           0
1.000000 0.994485           1
1.000000 0.972031           1
0.836022 0.830693           0
1.000000 0.959493           1
0.000000 0.035930           0
1.000000 0.971626           1
1.000000 0.990686           1
1.000000 0.995803           1
0.896968 0.876021           1
1.000000 0.990427           1
0.528022 0.529604           0
0.446027 0.059595           0
0.940661 0.901174           1
1.000000 0.988961           1
0.055932 0.095480           0
0.339118 0.339028           0
1.000000 0.952142           1
0.000000 0.021719           0
0.422640 0.422861           0
1.000000 0.976467           1
1.000000 0.994636           1
0.192991 0.196963           1
1.000000 0.988055           1
0.804933 0.798389           0
1.000000 0.961210           1
0.000000 0.069144           0
0.131991 0.141350           0
0.840913 0.833086           1
0.010391 0.079872           0
1.000000 0.990971           1
0.929353 0.896261           1
1.000000 0.980846           1
0.210424 0.210019           0
0.123323 0.135460           0
0.439536 0.059281           0
0.000000 0.074196           0
0.997280 0.919561           1
0.847322 0.832317           0
1.000000 0.977669           1
0.220482 0.220022           0
1.000000 0.992113           1
0.427516 0.429232           0
0.000000 0.071350           0
0.000000 0.072871           0
0.000000 0.035168           0
1.000000 0.987555           1
1.000000 0.991377           1
0.000000 0.041782           0
0.449481 0.060359           0
0.149199 0.156854           0
1.000000 0.986119           1
1.000000 0.983968           1
1.000000 0.962586           1
0.678999 0.650305           0
1.000000 0.979374           1
0.428141 0.430307           0
1.000000 0.959055           1
0.000000 0.037158           0
0.055981 0.096804           0
0.466511 0.467119           0
1.000000 0.971071           0
0.165513 0.170903           0
0.052601 0.094804           0
0.066451 0.101306           0
1.000000 0.995186           1
1.000000 0.994073           1
0.145740 0.153038           0
0.404428 0.403930           0
1.000000 0.964163           1
0.591247 0.527072           0
1.000000 0.987458           1
1.000000 0.996922           1
0.000000 0.042632           0
0.256040 0.257425           0
0.624462 0.947024           1
0.023356 0.083328           0
0.000000 0.040994           0
0.000000 0.043242           0
1.000000 0.990185           1
1.000000 0.997951           1
0.000000 0.039746           0
0.475484 0.064281           0
0.728616 0.727551           1
1.000000 0.991319           1
0.504873 0.500970           0
0.185359 0.188484           0
0.005691 0.078139           0
1.000000 0.991729           1
0.415322 0.055553           0
0.908816 0.876568           1
0.018174 0.080683           0
0.917642 0.891081           1
1.000000 0.994262           1
0.351225 0.351063           0
0.000000 0.026983           0
0.412326 0.055572           0
1.000000 0.985505           1
0.409391 0.055078           0
0.965631 0.911463           1
0.162938 0.169796           1
0.037127 0.089468           0
0.596070 0.942537           1
1.000000 0.989040           1
1.000000 0.995547           1
0.049433 0.094296           0
0.277222 0.275940           0
1.000000 0.989487           1
0.783310 0.778945           1
1.000000 0.986208           1
1.000000 0.994540           1
0.925698 0.878504           1
0.134769 0.145144           0
0.161475 0.168368           0
0.122874 0.135176           0
1.000000 0.982940           1
0.000000 0.073943           0
0.228249 0.225410           0
0.389104 0.389387           1
0.000000 0.030822           0
0.125626 0.137413           0
1.000000 0.970914           1
0.648144 0.650935           1
1.000000 0.958113           1
0.046286 0.091931           0
1.000000 0.983311           1
1.000000 0.971147           1
0.488773 0.066167           0
0.000000 0.042377           0
0.000000 0.067598           1
0.908155 0.886768           0
1.000000 0.991125           1
0.479666 0.064799           0
0.134418 0.145386           0
0.000000 0.068060           0
0.000000 0.034151           0
1.000000 0.981837           1
0.096300 0.116647           0
1.000000 0.971230           1
0.174437 0.176705           0
0.000000 0.032671           0
1.000000 0.959258           1
0.194390 0.200078           0
1.000000 0.969151           0
0.550488 0.939069           1
0.000000 0.042902           0
1.000000 0.926583           0
0.020547 0.082192           0
1.000000 0.972763           1
0.239746 0.241698           0
0.858764 0.841463           0
0.056047 0.096412           0
0.264818 0.264788           0
0.655465 0.655089           0
0.449549 0.060027           0
0.563742 0.563930           1
1.000000 0.988411           1
1.000000 0.993761           1
0.883244 0.868149           1
0.347169 0.048089           0
0.724805 0.716331           1
0.066841 0.103060           0
1.000000 0.987797           1
0.000000 0.015806           0
0.046271 0.092169           0
0.846401 0.838932           1
1.000000 0.992559           1
0.122173 0.133542           0
1.000000 0.924709           1
0.675364 0.675220           1
0.000000 0.029041           0
0.380452 0.051300           0
0.926041 0.892900           1
0.178637 0.181301           0
0.114320 0.127828           0
0.000000 0.074056           1
0.896339 0.877601           0
1.000000 0.977184           1
1.000000 0.993295           1
1.000000 0.970393           1
1.000000 0.985063           1
1.000000 0.986871           1
1.000000 0.994467           1
0.000000 0.076587           0
0.000000 0.043713           0
0.000000 0.034144           0
0.109802 0.126309           0
0.636713 0.634467           1
0.551270 0.551353           1
0.000000 0.043148           0
0.000000 0.077158           0
0.066530 0.101966           0
1.000000 0.989268           1
0.191669 0.192512           0
1.000000 0.994266           1
0.000000 0.045657           0
1.000000 0.993500           1
0.420832 0.056683           0
0.653097 0.655165           0
1.000000 0.992908           1
0.159991 0.165113           0
1.000000 0.988909           1
0.940567 0.902468           1
1.000000 0.961807           1
0.000000 0.046920           0
1.000000 0.992593           1
0.000000 0.068551           0
0.000000 0.075370           0
1.000000 0.967388           1
1.000000 0.978804           1
0.000000 0.034006           0
1.000000 0.996430           1
0.000000 0.040741           0
1.000000 0.961872           1
1.000000 0.994217           1
1.000000 0.989686           1
1.000000 0.989953           1
0.000363 0.076268           0
1.000000 0.929554           1
1.000000 0.993553           1
0.000000 0.039944           0
1.000000 0.955384           1
1.000000 0.979542           1
0.469547 0.464777           0
0.463679 0.062376           0
1.000000 0.984096           1
1.000000 0.991532           1
0.412396 0.053686           0
0.145482 0.150968           0
1.000000 0.992580           1
1.000000 0.993283           1
0.000000 0.032471           0
0.375401 0.050724           0
0.000000 0.030702           0
0.870296 0.858840           0
1.000000 0.996991           1
0.453938 0.456686           0
0.388019 0.052853           0
0.043240 0.090342           0
0.857740 0.846485           1
0.621919 0.606470           1
1.000000 0.985219           1
0.000000 0.045527           0
1.000000 0.984025           1
1.000000 0.993500           1
1.000000 0.969829           1
1.000000 0.994678           1
0.891656 0.875233           1
0.855249 0.847337           1
0.000000 0.029505           0
0.049402 0.093390           0
0.046368 0.090034           0
1.000000 0.993104           1
0.991987 0.917341           1
0.321315 0.319868           0
0.000556 0.077038           0
0.000000 0.046125           0
1.000000 0.994625           1
1.000000 0.974134           1
1.000000 0.995888           1
0.511717 0.931787           1
0.715147 0.715163           0
1.000000 0.990732           1
0.528697 0.523403           1
0.046196 0.092662           0
0.543759 0.937629           1
1.000000 0.970773           1
1.000000 0.958052           1
0.031805 0.086394           0
0.479708 0.064688           0
1.000000 0.958549           1
1.000000 0.984237           1
0.535181 0.500697           0
0.579180 0.941179           1
0.883123 0.868614           0
0.223228 0.221371           0
0.026289 0.084616           0
0.925795 0.894542           1
1.000000 0.926263           0
1.000000 0.993823           1
0.628988 0.629133           0
0.211421 0.211481           0
1.000000 0.992820           1
0.581646 0.581426           1
0.098261 0.118419           1
0.125156 0.137279           0
0.666093 0.665588           0
1.000000 0.988020           1
0.000000 0.040051           0
0.000000 0.034690           0
0.000000 0.034382           0
0.765250 0.765438           0
1.000000 0.995963           1
1.000000 0.961952           1
0.882232 0.867596           1
0.720838 0.720851           0
1.000000 0.957989           1
0.411573 0.411735           0
1.000000 0.995357           1
0.528246 0.935442           1
0.890396 0.874127           0
0.463704 0.062596           0
0.052651 0.094760           0
1.000000 0.991677           1
1.000000 0.919664           1
0.581946 0.943047           1
0.480287 0.065349           0
0.917894 0.890136           0
0.797219 0.793571           0
0.123951 0.135000           0
1.000000 0.978750           1
0.471717 0.064138           1
0.086483 0.108915           0
0.130438 0.140984           0
1.000000 0.996433           1
0.012855 0.081362           0
0.087539 0.113389           0
0.000000 0.073595           0
0.055896 0.096417           0
1.000000 0.980560           1
0.842378 0.835843           0
0.144652 0.152210           0
0.216317 0.213404           0
0.026154 0.084696           0
0.365345 0.050313           0
0.912207 0.886474           1
1.000000 0.982665           1
1.000000 0.991624           0
1.000000 0.982234           1
0.950584 0.906518           1
0.043227 0.090645           0
1.000000 0.994597           1
0.870466 0.848599           1
0.000000 0.044438           0
1.000000 0.997763           1
1.000000 0.997018           1
0.116458 0.129038           0
0.520580 0.934010           1
1.000000 0.953364           1
1.000000 0.957600           1
0.062811 0.099388           0
0.358815 0.358542           0
0.162201 0.170063           1
1.000000 0.980007           1
0.710418 0.710330           1
1.000000 0.991952           1
0.012890 0.080881           1
0.182095 0.185308           0
1.000000 0.994731           1
1.000000 0.986699           1
0.121393 0.132670           0
0.171420 0.167371           0
0.498690 0.498918           1
1.000000 0.995480           1
0.108189 0.124049           0
0.401098 0.054011           0
0.000000 0.032581           0
0.284386 0.283510           0
0.382870 0.049423           0
0.908495 0.886095           1
0.395905 0.053119           0
0.103449 0.118314           1
0.959735 0.908485           0
1.000000 0.992544           1
0.000333 0.077483           0
0.109670 0.126882           0
0.463928 0.062793           0
0.000000 0.036795           0
0.116312 0.130138           0
0.826041 0.822945           1
1.000000 0.963930           1
0.172283 0.174568           0
1.000000 0.994083           1
1.000000 0.966598           1
0.110142 0.126331           0
0.000000 0.027253           0
0.125604 0.139657           0
1.000000 0.981543           1
0.484098 0.065847           0
1.000000 0.994604           1
0.541354 0.541401           0
0.291332 0.293775           0
0.475531 0.064112           0
0.764225 0.761893           1
0.198552 0.198594           0
0.366064 0.362725           1
0.423098 0.424755           0
0.796989 0.794178           1
0.768493 0.767154           1
1.000000 0.980708           1
1.000000 0.969434           1
0.836778 0.825665           1
0.657947 0.951943           1
0.328254 0.328509           1
0.570964 0.563350           1
0.093065 0.117129           0
1.000000 0.979554           1
0.795045 0.789230           1
0.023269 0.083862           0
0.965672 0.911785           1
1.000000 0.990027           1
0.442625 0.059468           0
1.000000 0.956726           0
0.563746 0.940160           1
1.000000 0.988055           1
0.349070 0.349663           0
0.744314 0.744187           0
1.000000 0.996773           1
1.000000 0.982550           1
0.940494 0.897489           1
0.635126 0.633676           0
0.000000 0.044070           0
1.000000 0.961127           1
0.131578 0.142401           1
0.323407 0.322978           0
0.532557 0.934348           1
0.264237 0.269678           0
1.000000 0.976638           1
0.692918 0.692994           1
0.000000 0.043956           0
1.000000 0.992137           1
0.344221 0.344147           0
0.193814 0.197037           0
0.485312 0.487454           0
0.025900 0.083762           0
1.000000 0.995112           1
0.000000 0.022596           0
1.000000 0.996167           1
0.251483 0.252102           0
0.759478 0.755157           1
0.803346 0.800402           1
0.211039 0.210051           0
1.000000 0.990254           1
0.913208 0.888772           1
1.000000 0.976708           0
1.000000 0.984998           1
0.925771 0.894246           1
0.000000 0.027561           0
1.000000 0.990748           0
1.000000 0.992721           1
1.000000 0.991906           1
0.773397 0.771593           0
0.996993 0.919746           1
0.846215 0.834664           1
0.270741 0.270525           1
0.000000 0.030561           0
1.000000 0.925937           1
0.110495 0.127016           0
0.015271 0.081647           0
0.850983 0.841207           0
0.000000 0.037002           0
0.205582 0.204835           1
0.902134 0.881004           1
0.000000 0.038108           0
0.427088 0.056891           0
0.000000 0.042857           0
0.979029 0.916939           1
0.000000 0.033732           0
0.563794 0.940953           1
1.000000 0.969031           1
0.209948 0.210318           0
1.000000 0.981630           1
0.824503 0.821176           1
1.000000 0.972077           1
0.130342 0.140421           0
0.070660 0.104901           0
0.947409 0.905187           1
0.052669 0.095301           0
0.660198 0.950134           1
0.000000 0.034832           0
1.000000 0.983973           1
0.550634 0.937146           1
1.000000 0.965118           0
0.401348 0.053819           0
0.622081 0.947404           1
0.000000 0.028268           0
1.000000 0.991110           1
0.000000 0.076659           0
1.000000 0.974045           1
1.000000 0.986557           1
1.000000 0.995108           1
0.738332 0.729401           1
1.000000 0.993124           1
1.000000 0.986652           1
1.000000 0.987457           1
0.858997 0.852148           1
0.987025 0.918931           1
1.000000 0.990914           1
0.059248 0.089689           0
1.000000 0.987782           1
1.000000 0.993124           1
0.122803 0.134467           0
0.110413 0.127442           1
0.159776 0.164835           1
0.883633 0.866866           0
0.795115 0.780826           1
0.059286 0.097227           0
0.264773 0.264285           0
0.078706 0.104597           0
1.000000 0.988179           1
0.586356 0.585492           1
0.368177 0.339932           1
0.572996 0.939880           1
1.000000 0.988511           1
0.722543 0.722534           0
0.189764 0.191133           0
1.000000 0.923483           1
0.124498 0.136474           1
0.173598 0.176337           0
0.245281 0.245294           0
0.896882 0.878213           1
0.018188 0.082311           1
0.730632 0.728098           1
0.320555 0.305603           0
1.000000 0.924590           1
0.000000 0.023622           0
1.000000 0.995971           1
1.000000 0.972958           1
0.382955 0.051387           0
0.370457 0.049270           0
0.515066 0.933527           1
0.446133 0.061253           0
0.855434 0.834077           1
1.000000 0.995739           1
0.211137 0.208980           0
0.160065 0.167069           0
0.467828 0.062890           0
0.087786 0.119373           0
0.390760 0.052434           0
0.426953 0.057694           0
0.026114 0.084598           0
0.000000 0.047253           0
1.000000 0.994004           1
1.000000 0.986355           1
0.000000 0.037013           0
1.000000 0.919837           1
0.890180 0.872808           0
1.000000 0.994631           1
1.000000 0.989270           1
0.895890 0.876777           1
1.000000 0.980852           1
1.000000 0.996401           1
0.375659 0.048298           0
0.173092 0.175921           0
1.000000 0.962366           0
0.000000 0.041489           0
0.192299 0.196715           0
0.433195 0.057823           0
0.510933 0.511085           1
1.000000 0.979952           1
1.000000 0.978679           0
1.000000 0.983094           1
0.531050 0.530140           0
1.000000 0.960823           1
1.000000 0.994480           1
0.393007 0.053082           0
0.152882 0.158862           1
0.000000 0.069246           0
1.000000 0.995352           1
0.143812 0.152413           0
1.000000 0.995204           1
1.000000 0.987631           1
1.000000 0.992782           1
0.798519 0.795467           1
1.000000 0.992537           1
0.506401 0.494897           1
0.460321 0.062278           0
1.000000 0.969127           1
0.763564 0.760558           1
1.000000 0.959638           1
0.354160 0.044631           0
0.425985 0.425728           0
0.000000 0.076102           0
0.460223 0.062074           0
0.471528 0.063559           0
1.000000 0.976238           1
0.116152 0.129895           1
0.143780 0.150847           0
0.000000 0.037227           0
1.000000 0.989635           1
0.475667 0.064804           0
0.070648 0.103922           0
1.000000 0.975357           1
0.109434 0.124500           0
1.000000 0.992730           1
0.387918 0.387673           1
0.933267 0.898318           1
0.000000 0.075325           0
1.000000 0.995750           1
1.000000 0.990464           1
1.000000 0.995322           1
0.651635 0.651642           0
0.532434 0.531787           1
0.000000 0.073389           0
1.000000 0.966579           1
0.865277 0.852525           1
1.000000 0.979136           1
0.000000 0.075494           0
1.000000 0.915996           1
0.187810 0.190463           0
1.000000 0.992988           1
0.409619 0.055153           0
0.043125 0.090338           0
0.471961 0.062608           0
0.000000 0.041121           0
0.703230 0.702550           0
1.000000 0.991850           1
0.000000 0.076585           0
0.000000 0.073008           0
0.028764 0.085859           0
0.956906 0.907526           0
0.257893 0.257266           0
0.445945 0.057607           0
1.000000 0.991630           1
1.000000 0.996719           1
0.236288 0.237084           0
0.917842 0.889839           1
0.592716 0.593019           0
0.572971 0.942681           1
1.000000 0.994813           1
1.000000 0.987685           1
1.000000 0.972408           1
0.037367 0.086752           0
0.078870 0.108831           0
1.000000 0.993923           1
0.987247 0.918533           1
0.702362 0.701694           0
0.436308 0.057441           0
0.012740 0.081065           0
0.420990 0.056134           0
1.000000 0.987412           1
1.000000 0.994272           1
0.898247 0.879627           0
1.000000 0.993350           1
0.181549 0.184125           0
1.000000 0.987894           1
0.000000 0.040483           0
0.146343 0.154934           0
0.000000 0.039145           0
0.087782 0.110969           0
0.153456 0.159511           0
1.000000 0.964091           1
0.000000 0.022640           0
0.732709 0.732394           0
0.000000 0.043257           0
0.699150 0.699039           0
1.000000 0.961643           1
1.000000 0.993538           1
0.155941 0.161352           1
1.000000 0.983265           1
1.000000 0.995477           1
1.000000 0.983039           1
0.055996 0.095768           0
0.797317 0.792583           0
0.213767 0.216563           0
0.845521 0.840857           1
0.000000 0.020785           0
1.000000 0.927841           0
0.840679 0.834431           1
0.023427 0.084288           0
1.000000 0.993032           1
0.311446 0.311280           0
1.000000 0.928138           1
0.189052 0.193840           1
0.000000 0.042151           0
1.000000 0.991525           1
0.449585 0.060106           0
1.000000 0.974547           1
0.000000 0.044221           0
0.467643 0.063153           0
1.000000 0.970689           1
0.265350 0.267373           0
0.560561 0.940210           0
0.171507 0.174836           0
1.000000 0.993885           1
0.746858 0.739118           1
1.000000 0.986368           1
0.278088 0.277898           0
1.000000 0.924306           1
0.125386 0.137457           0
0.930001 0.889352           1
0.000000 0.024530           0
0.123703 0.135898           1
1.000000 0.997091           1
1.000000 0.992742           1
0.475933 0.063126           0
0.208989 0.208621           1
0.091289 0.113646           0
0.787685 0.787983           0
0.536333 0.928768           1
0.091301 0.112841           0
0.810610 0.807943           0
1.000000 0.996630           1
0.912874 0.886645           1
0.756815 0.753824           1
1.000000 0.986007           1
0.184414 0.187292           0
1.000000 0.929898           1
1.000000 0.983201           1
1.000000 0.996312           1
0.378001 0.051421           0
0.000000 0.030166           0
0.486484 0.482257           1
0.073956 0.103547           0
0.657216 0.657336           0
0.426962 0.057446           0
0.166347 0.169525           1
0.971264 0.912613           1
0.753732 0.752926           0
0.412328 0.055202           0
0.997042 0.921948           1
0.593390 0.941992           1
0.003390 0.076219           0
1.000000 0.990254           1
1.000000 0.984353           1
0.140132 0.148952           0
0.679244 0.681217           0
0.000000 0.067384           0
1.000000 0.990581           1
1.000000 0.992487           1
1.000000 0.993853           0
0.940659 0.901123           1
0.000000 0.043238           0
1.000000 0.992970           1
0.087387 0.111966           1
1.000000 0.991861           1
1.000000 0.985947           1
0.049377 0.094294           0
0.349101 0.342836           0
0.484977 0.066130           0
1.000000 0.972938           1
1.000000 0.964258           1
0.243184 0.243106           0
0.677523 0.679326           0
0.052642 0.094869           0
0.863690 0.849005           1
0.148292 0.156968           0
0.453845 0.454922           0
0.456635 0.061455           0
1.000000 0.994974           1
0.846878 0.837092           1
0.840219 0.834023           1
0.560565 0.940238           1
1.000000 0.995281           1
0.393296 0.053097           0
1.000000 0.994334           1
0.953780 0.903317           1
0.395666 0.395939           0
1.000000 0.981797           1
1.000000 0.982190           1
0.430143 0.057346           0
0.820577 0.818189           1
1.000000 0.987336           1
0.528782 0.934512           0
0.077959 0.106761           0
0.647257 0.645804           1
1.000000 0.925295           1
0.000000 0.034444           0
1.000000 0.995989           1
0.000000 0.042998           0
0.146204 0.155367           0
0.536151 0.936962           1
1.000000 0.990894           1
0.339762 0.047585           0
1.000000 0.977477           1
1.000000 0.984047           0
0.753780 0.750612           0
0.000000 0.038961           0
0.712006 0.710646           1
0.000000 0.067060           0
1.000000 0.974663           1
0.626902 0.947638           1
1.000000 0.966389           1
0.000000 0.029715           0
0.000000 0.017157           0
0.528708 0.931536           1
0.000000 0.032726           0
0.589146 0.589206           1
0.214832 0.216739           1
0.234298 0.234139           0
0.213549 0.213302           1
0.823603 0.816080           1
1.000000 0.990169           1
0.220818 0.223108           0
1.000000 0.988666           1
0.194401 0.197020           0
0.223176 0.223117           1
0.000000 0.038999           0
1.000000 0.995312           1
0.657055 0.657898           0
0.543492 0.937803           1
0.176037 0.178298           0
1.000000 0.996128           1
0.398666 0.053699           0
0.020784 0.083133           0
0.001106 0.077170           0
1.000000 0.996679           1
1.000000 0.991025           1
0.023064 0.084837           0
0.046346 0.092003           0
0.000000 0.067552           0
0.092343 0.115484           0
1.000000 0.988514           1
0.483395 0.483745           0
1.000000 0.988211           1
0.078475 0.105904           0
0.897459 0.879482           1
0.000000 0.071869           0
1.000000 0.996122           1
0.031529 0.086488           0
0.612850 0.602986           1
0.000000 0.074704           0
0.078727 0.107843           0
0.023080 0.084818           0
0.000000 0.042984           0
0.108271 0.124140           0
0.454597 0.454482           1
0.037274 0.088769           0
1.000000 0.997138           1
1.000000 0.982641           1
1.000000 0.982083           0
1.000000 0.959260           1
0.043194 0.090314           0
0.037407 0.088215           0
0.557462 0.557171           1
1.000000 0.956734           1
0.716247 0.716320           0
0.059349 0.097799           0
0.000000 0.045188           0
0.944114 0.902737           1
0.037078 0.089732           0
1.000000 0.995127           1
0.200016 0.203720           0
1.000000 0.991501           1
0.180757 0.183658           0
0.013119 0.079402           0
0.199128 0.201928           0
0.003556 0.077883           0
0.059493 0.098741           1
1.000000 0.951609           1
0.679249 0.638933           0
0.634562 0.635370           0
1.000000 0.994716           1
0.000000 0.047424           0
0.471506 0.063059           0
1.000000 0.984280           1
0.863586 0.852909           1
0.266216 0.266237           0
1.000000 0.985373           1
0.393167 0.052690           0
1.000000 0.991254           1
0.273439 0.273134           0
0.891867 0.873055           0
0.010290 0.079932           1
0.166168 0.171055           0
0.000000 0.039208           0
0.245770 0.241091           1
0.426902 0.428173           0
0.598496 0.945551           0
1.000000 0.990654           1
1.000000 0.967329           1
1.000000 0.989304           1
0.276244 0.275852           0
0.311851 0.311118           0
0.453089 0.061294           0
1.000000 0.987759           1
1.000000 0.990062           1
0.185457 0.188475           0
1.000000 0.977269           1
0.897817 0.877795           1
1.000000 0.969910           1
0.415119 0.055543           0
1.000000 0.993027           1
0.000000 0.071457           1
0.092230 0.114554           0
0.604191 0.941129           1
0.000000 0.030041           0
1.000000 0.975663           1
1.000000 0.972671           1
0.382751 0.048964           0
0.401161 0.050152           0
0.135649 0.144869           0
0.775149 0.774858           0
1.000000 0.988611           1
0.725543 0.725908           1
0.000000 0.039886           0
0.412517 0.055051           0
0.000000 0.026982           0
1.000000 0.989607           1
1.000000 0.995479           1
0.000000 0.020796           0
1.000000 0.983619           1
1.000000 0.973028           1
1.000000 0.993235           1
0.613728 0.534739           1
0.114171 0.128205           1
0.000000 0.020569           0
1.000000 0.995184           1
0.436023 0.434991           0
0.804944 0.801319           0
1.000000 0.994209           1
1.000000 0.965310           1
0.188309 0.190656           1
0.140314 0.148851           0
0.475664 0.064295           0
1.000000 0.994291           1
0.183613 0.186252           1
0.635776 0.636320           0
0.933151 0.895422           1
0.000000 0.076111           0
0.426907 0.053414           0
1.000000 0.990058           1
0.522651 0.519990           1
0.251212 0.251156           1
1.000000 0.996026           1
0.968323 0.911753           1
1.000000 0.986268           1
0.442812 0.058962           0
1.000000 0.974940           1
0.781981 0.780445           1
0.772688 0.772419           0
0.000000 0.029355           0
1.000000 0.996475           1
1.000000 0.990153           1
0.471741 0.063802           0
0.107820 0.124853           0
0.074394 0.105264           1
1.000000 0.997077           1
1.000000 0.974151           1
0.547124 0.934649           1
1.000000 0.985673           1
1.000000 0.995500           1
0.020700 0.082263           0
0.167614 0.173021           1
0.000000 0.028708           0
1.000000 0.973826           1
1.000000 0.959770           0
0.543334 0.937541           1
0.000000 0.069268           0
1.000000 0.992083           1
1.000000 0.991024           1
0.378000 0.051331           0
1.000000 0.974304           1
0.000000 0.069469           0
0.000000 0.042436           0
1.000000 0.976130           1
1.000000 0.930802           1
1.000000 0.984475           1
0.959705 0.900568           0
0.795732 0.791291           1
0.000000 0.068435           0
0.000000 0.040662           0
0.211043 0.212594           0
0.000000 0.070273           0
0.000000 0.074831           0
0.000000 0.071299           0
0.730294 0.729024           0
0.000000 0.029974           0
0.452703 0.055049           0
0.136376 0.146306           0
1.000000 0.980532           1
1.000000 0.968395           1
1.000000 0.992804           1
1.000000 0.961585           1
1.000000 0.982964           1
0.575443 0.572762           0
0.415051 0.412831           1
1.000000 0.975017           1
1.000000 0.986503           0
0.412298 0.055084           0
1.000000 0.996608           1
0.412000 0.388320           0
0.442763 0.059012           0
0.000000 0.030539           0
0.156731 0.161419           0
0.133613 0.143352           0
1.000000 0.997215           1
1.000000 0.987183           0
0.439366 0.439145           1
0.031784 0.086766           0
1.000000 0.993197           1
0.092050 0.114731           0
1.000000 0.982828           1
1.000000 0.993252           1
0.000000 0.036974           0
0.459935 0.061413           1
1.000000 0.993877           1
1.000000 0.970814           1
1.000000 0.993422           1
1.000000 0.979287           1
0.484741 0.066144           0
1.000000 0.969719           1
1.000000 0.982583           1
0.889651 0.872569           0
0.515545 0.933373           1
0.000000 0.041278           0
0.028811 0.085943           0
0.933732 0.899254           0
0.382671 0.052181           0
1.000000 0.994868           1
0.765790 0.753885           0
0.883058 0.868481           1
1.000000 0.964501           1
1.000000 0.978387           1
1.000000 0.996053           1
0.563767 0.941392           1
0.779881 0.762496           1
0.025863 0.085152           0
1.000000 0.991519           1
0.950507 0.904452           1
1.000000 0.973322           0
1.000000 0.994251           1
0.167094 0.172299           0
1.000000 0.984187           1
0.844198 0.839348           0
0.360526 0.049990           0
1.000000 0.996045           1
0.382552 0.387674           0
0.576060 0.941455           1
0.000000 0.038322           0
0.415149 0.055395           0
1.000000 0.995685           1
1.000000 0.982133           1
0.401424 0.053612           0
0.518271 0.521317           0
0.196117 0.197685           0
0.770772 0.767906           1
0.000000 0.038370           0
0.087163 0.111899           0
0.098145 0.119543           0
1.000000 0.988152           1
0.000000 0.035942           0
0.000000 0.067202           0
0.000000 0.035068           0
1.000000 0.995771           1
0.193602 0.196778           1
1.000000 0.993461           1
0.811087 0.808470           0
0.488642 0.066714           0
0.552899 0.538697           1
1.000000 0.976188           1
1.000000 0.990014           1
0.000000 0.036420           0
0.000000 0.022290           0
0.132742 0.133983           0
0.278939 0.279030           0
1.000000 0.973593           1
0.912521 0.887843           1
0.351093 0.045266           0
0.859714 0.841198           0
0.000000 0.074699           0
0.737659 0.728175           0
0.926136 0.890909           1
0.243588 0.243704           0
0.837206 0.831228           1
0.145963 0.153642           0
0.657491 0.657517           1
0.896534 0.872062           1
0.116123 0.128183           0
1.000000 0.991029           1
0.000000 0.066203           0
0.000000 0.036199           0
0.345378 0.345659           0
1.000000 0.992555           1
0.672390 0.668378           0
1.000000 0.991458           1
1.000000 0.952634           1
0.971480 0.912411           1
1.000000 0.995846           1
0.925469 0.891955           1
1.000000 0.981796           1
0.443743 0.441455           1
0.774438 0.774205           1
0.135908 0.145897           0
0.341785 0.341919           0
1.000000 0.986510           1
0.363153 0.050183           0
1.000000 0.986893           1
1.000000 0.984040           1
1.000000 0.990887           1
0.103045 0.121916           0
0.010604 0.079965           0
0.950628 0.903504           1
0.821198 0.815665           0
0.477168 0.462550           1
1.000000 0.986626           1
0.937000 0.899697           1
0.000000 0.040895           0
0.052604 0.094604           0
0.034590 0.087169           0
0.097495 0.118193           0
0.539617 0.937904           1
0.175478 0.177489           0
0.000000 0.030352           0
0.711480 0.711338           0
0.347302 0.048720           0
0.195736 0.198705           0
0.409596 0.054259           0
1.000000 0.954983           1
0.629245 0.948187           1
0.411672 0.411851           0
0.000000 0.030944           0
0.833352 0.804069           1
0.000000 0.030897           0
0.000000 0.020949           0
1.000000 0.960012           1
0.537811 0.537550           0
1.000000 0.984500           1
0.488532 0.066584           0
1.000000 0.995107           1
0.609854 0.610194           1
0.665134 0.659202           0
0.124385 0.137431           0
1.000000 0.963134           1
0.714966 0.714410           1
0.034200 0.086326           0
0.078153 0.106880           0
0.460163 0.059601           0
0.655645 0.653266           0
1.000000 0.987529           1
1.000000 0.984053           1
1.000000 0.993038           1
1.000000 0.931720           0
1.000000 0.992860           1
0.183122 0.184376           0
0.916761 0.885898           1
0.560541 0.937616           1
0.479872 0.065028           0
0.000000 0.046083           0
1.000000 0.994569           1
1.000000 0.989680           1
1.000000 0.952177           1
0.456579 0.060936           0
0.000000 0.076309           0
0.070230 0.102169           0
0.000000 0.042062           0
0.611547 0.611887           1
0.968557 0.908568           1
0.532248 0.935407           1
0.344599 0.048329           0
1.000000 0.978583           1
1.000000 0.992113           1
1.000000 0.968989           1
0.550493 0.938529           0
0.453306 0.457088           0
0.026076 0.084545           0
1.000000 0.984460           1
0.651039 0.639326           1
0.687002 0.686962           0
1.000000 0.994554           1
0.147551 0.155732           0
0.253488 0.254097           0
0.000000 0.065917           0
1.000000 0.982850           1
1.000000 0.994880           1
0.925525 0.886823           1
1.000000 0.966439           1
1.000000 0.926828           0
0.091805 0.114564           0
0.456307 0.060857           0
0.683361 0.674940           0
1.000000 0.993234           1
0.000000 0.043954           0
1.000000 0.995772           1
1.000000 0.977187           1
1.000000 0.997128           1
0.121284 0.134390           0
0.925599 0.894870           1
1.000000 0.992014           1
0.779141 0.778589           1
0.479855 0.064912           0
1.000000 0.961692           1
0.950578 0.901830           1
0.209484 0.209101           0
1.000000 0.984181           1
0.803268 0.795411           1
0.103996 0.122417           0
0.406907 0.407885           0
0.603947 0.945985           1
0.929798 0.895565           1
0.349331 0.045044           0
0.020690 0.082646           0
0.536179 0.926368           1
0.007612 0.079373           0
1.000000 0.969889           1
0.752077 0.752531           0
1.000000 0.994928           1
0.344381 0.045069           0
0.347134 0.048265           0
0.677143 0.676866           1
1.000000 0.992190           1
0.429876 0.430690           0
0.449563 0.060480           1
1.000000 0.964071           1
1.000000 0.976691           0
1.000000 0.995733           1
0.772255 0.772476           1
1.000000 0.989384           1
0.467559 0.062625           0
0.649580 0.649734           0
0.096991 0.116930           0
1.000000 0.951785           1
0.000000 0.037530           0
0.475282 0.064767           0
0.569989 0.941811           0
0.361505 0.366256           0
1.000000 0.994698           1
1.000000 0.995830           1
1.000000 0.927372           1
1.000000 0.992018           1
0.167469 0.172633           1
0.000000 0.029470           0
0.000000 0.040201           0
0.255996 0.255725           1
0.205537 0.208387           1
1.000000 0.945834           1
0.854774 0.846491           1
1.000000 0.995491           1
0.603432 0.592040           1
0.102481 0.122216           0
1.000000 0.978683           1
1.000000 0.991278           1
0.010211 0.078589           0
0.864365 0.850902           0
0.870121 0.860934           1
0.875150 0.861978           1
1.000000 0.992868           1
1.000000 0.989512           1
0.000000 0.033179           0
0.566562 0.566326           0
0.000000 0.075847           0
1.000000 0.986797           1
0.965622 0.911581           1
1.000000 0.993601           1
0.190143 0.192623           0
0.091747 0.114493           0
0.797436 0.793869           0
0.456497 0.060172           0
0.000000 0.038064           0
0.108357 0.125666           0
1.000000 0.969701           1
1.000000 0.992313           1
0.962886 0.910196           1
0.082163 0.108974           0
1.000000 0.965163           1
1.000000 0.993216           1
0.059317 0.096736           0
0.000000 0.035060           0
1.000000 0.981731           1
0.365833 0.050852           0
0.875246 0.863142           1
1.000000 0.992828           1
0.412446 0.055311           0
1.000000 0.994272           1
0.256256 0.257968           0
0.052643 0.094546           0
0.000000 0.038102           0
0.141846 0.150181           0
0.133207 0.142527           0
0.903826 0.881979           1
1.000000 0.971866           1
1.000000 0.989984           1
1.000000 0.980861           1
1.000000 0.995685           1
0.125084 0.137059           0
0.000000 0.041791           0
1.000000 0.992472           1
1.000000 0.969234           1
1.000000 0.985731           1
0.436285 0.058042           0
0.000000 0.035036           0
1.000000 0.996673           1
1.000000 0.982149           1
0.352788 0.352586           0
1.000000 0.982331           1
0.834241 0.815569           0
0.805867 0.803188           1
1.000000 0.973151           1
1.000000 0.960753           1
0.000000 0.042787           0
1.000000 0.984327           1
0.179679 0.181675           0
1.000000 0.960136           1
1.000000 0.980776           1
0.360648 0.046159           0
1.000000 0.976434           1
0.159859 0.164497           0
1.000000 0.969122           1
1.000000 0.958674           1
0.438989 0.438777           0
0.632883 0.632720           0
0.126281 0.138586           0
0.660714 0.660739           0
0.083112 0.109658           0
0.609421 0.946263           1
1.000000 0.993136           1
0.046260 0.091251           0
1.000000 0.986482           1
1.000000 0.993397           1
1.000000 0.992662           1
0.403771 0.054302           0
0.430115 0.057061           0
1.000000 0.993422           1
0.312285 0.312146           0
1.000000 0.976532           1
0.702677 0.702646           1
0.471624 0.063777           0
0.550499 0.931765           1
0.383048 0.051464           0
1.000000 0.974967           1
1.000000 0.993836           1
0.115037 0.128316           0
0.903807 0.883610           1
0.540432 0.540008           0
0.000000 0.033891           0
1.000000 0.981390           1
0.776567 0.776773           1
1.000000 0.969247           1
0.124243 0.134550           0
1.000000 0.989315           1
1.000000 0.969466           1
1.000000 0.983209           1
1.000000 0.995550           1
0.989795 0.919689           1
0.304810 0.303335           0
0.049465 0.092298           0
0.925549 0.886869           1
0.107453 0.123467           0
0.834927 0.829008           1
0.710231 0.708897           1
1.000000 0.996483           1
1.000000 0.984441           1
1.000000 0.970488           1
0.353597 0.049445           0
0.000000 0.027996           0
1.000000 0.990048           1
1.000000 0.994016           1
0.122572 0.133332           0
0.897261 0.878327           1
0.000000 0.033276           0
0.056041 0.097455           0
1.000000 0.964816           1
0.074441 0.105458           0
1.000000 0.928581           1
0.000000 0.031623           0
0.471906 0.063842           0
0.673314 0.672970           0
0.175853 0.178557           1
0.148353 0.156314           0
0.125638 0.137890           0
0.259836 0.259796           0
0.512616 0.507877           1
0.455219 0.454555           0
0.199565 0.202248           0
0.082949 0.110644           0
0.082663 0.109475           0
0.000000 0.037100           0
1.000000 0.929556           1
0.771702 0.768245           0
1.000000 0.952505           1
0.874499 0.859640           0
1.000000 0.990696           1
1.000000 0.985324           1
1.000000 0.970710           1
1.000000 0.975684           1
0.857469 0.849070           1
0.639045 0.944228           1
0.806523 0.803909           1
1.000000 0.982206           1
1.000000 0.979867           1
0.096861 0.117517           0
0.000000 0.031961           0
1.000000 0.964177           1
0.395849 0.051810           0
0.157305 0.162290           1
1.000000 0.991133           1
1.000000 0.993876           1
1.000000 0.993939           1
0.840065 0.833380           1
0.433045 0.057589           0
1.000000 0.996400           1
1.000000 0.969505           1
0.000000 0.028297           0
1.000000 0.986781           1
0.981695 0.910054           1
0.426968 0.057355           0
1.000000 0.974232           1
0.251934 0.248251           0
0.023173 0.084357           0
0.034334 0.087893           0
1.000000 0.995629           1
0.000000 0.069844           0
0.991731 0.920623           1
0.368059 0.046395           0
1.000000 0.994665           1
0.759044 0.757394           0
1.000000 0.985105           1
0.194359 0.197137           0
0.249095 0.248861           0
1.000000 0.973650           1
0.452886 0.060861           0
0.761009 0.759369           0
1.000000 0.929662           1
1.000000 0.995165           1
0.290986 0.290934           1
0.897193 0.878533           1
1.000000 0.966891           1
0.358801 0.046399           0
0.007872 0.078911           0
0.025818 0.085237           0
1.000000 0.980010           1
0.000000 0.068800           0
0.020753 0.082863           0
0.040174 0.089704           0
1.000000 0.985560           1
1.000000 0.994487           1
1.000000 0.971831           1
0.000000 0.038048           0
0.933188 0.896078           0
0.686159 0.685626           1
0.008178 0.079251           0
1.000000 0.996674           1
1.000000 0.925814           1
0.415070 0.055565           0
0.306660 0.304230           0
1.000000 0.979334           1
0.994613 0.920884           1
0.000000 0.070247           0
1.000000 0.991123           1
0.947297 0.891540           1
0.093007 0.116466           0
1.000000 0.987457           1
1.000000 0.992249           1
0.485556 0.478107           0
0.000000 0.039348           0
0.614617 0.946628           1
0.046304 0.092727           0
1.000000 0.987861           1
0.000000 0.066776           0
1.000000 0.989087           1
1.000000 0.994560           1
0.000000 0.069742           1
1.000000 0.994830           1
0.000000 0.069121           0
0.034442 0.087992           0
1.000000 0.991807           1
1.000000 0.953585           0
0.000000 0.069697           0
1.000000 0.995480           1
1.000000 0.968213           1
0.000000 0.039751           0
0.882887 0.866950           1
0.895858 0.876646           0
1.000000 0.991602           1
1.000000 0.982332           1
0.046282 0.093257           0
0.020349 0.083443           0
0.000000 0.034809           0
1.000000 0.995195           1
1.000000 0.994817           1
1.000000 0.983336           1
0.167005 0.172422           0
1.000000 0.992055           1
1.000000 0.983191           1
1.000000 0.968833           1
1.000000 0.993923           1
0.000000 0.021929           0
1.000000 0.965011           1
0.566971 0.941835           1
0.000000 0.044017           0
0.430046 0.057043           0
0.144252 0.152756           1
0.480076 0.065077           0
0.000000 0.043291           0
1.000000 0.976531           1
0.131558 0.140854           0
1.000000 0.997537           1
0.973767 0.912666           1
1.000000 0.954019           1
0.026031 0.085211           0
0.007998 0.077924           0
0.320279 0.322558           1
0.550403 0.938673           1
0.730796 0.730192           0
0.446140 0.059683           0
1.000000 0.976363           1
0.114990 0.128406           0
0.820881 0.817240           1
0.000000 0.075412           0
0.000000 0.076194           0
1.000000 0.975235           1
1.000000 0.976147           1
0.000000 0.028551           0
1.000000 0.988148           1
0.174115 0.176484           0
0.000000 0.039778           0
0.874086 0.853923           1
0.515967 0.930485           1
0.547928 0.539835           1
0.511346 0.930476           1
1.000000 0.986185           1
0.591996 0.591730           0
0.423953 0.056436           0
0.807820 0.803971           0
0.360441 0.049681           0
1.000000 0.993669           1
0.000000 0.034888           0
0.912986 0.887130           1
0.756042 0.756060           1
0.000000 0.072034           0
0.202251 0.204863           0
1.000000 0.970794           1
0.511089 0.510992           1
0.091516 0.114076           0
1.000000 0.987349           1
1.000000 0.976924           1
1.000000 0.984889           1
0.786956 0.787611           1
0.000000 0.041316           0
0.000000 0.033128           0
0.984350 0.892829           1
0.288891 0.289078           0
1.000000 0.991477           1
0.836194 0.829577           0
1.000000 0.992413           1
1.000000 0.978978           1
0.757131 0.757238           0
0.000000 0.038469           0
1.000000 0.990080           1
1.000000 0.957905           1
0.000000 0.041024           0
0.000000 0.069538           0
0.162104 0.167198           1
0.896845 0.878146           1
0.412239 0.055235           0
1.000000 0.986983           1
0.293402 0.293061           0
0.196197 0.199125           1
1.000000 0.966457           1
1.000000 0.987932           1
0.406682 0.054345           0
0.114113 0.127592           0
1.000000 0.992022           1
0.241112 0.241494           0
1.000000 0.993353           1
0.043234 0.091191           1
0.704050 0.704736           0
1.000000 0.972679           1
0.639011 0.941583           1
0.854107 0.842491           1
1.000000 0.997190           1
1.000000 0.994586           1
0.000000 0.068419           0
0.692763 0.692782           1
0.593098 0.945566           1
0.365365 0.364384           0
0.052687 0.094467           0
0.049389 0.093462           0
0.147983 0.155467           0
1.000000 0.985377           1
0.691656 0.690277           1
1.000000 0.994589           1
1.000000 0.995296           1
0.000000 0.037547           0
0.000000 0.076074           0
0.000000 0.034207           0
0.023499 0.081015           0
1.000000 0.993288           1
0.624744 0.624883           0
0.000000 0.024985           0
0.452817 0.060129           1
0.784299 0.783743           1
0.720499 0.720284           0
0.159446 0.164227           0
0.709379 0.709479           1
0.000000 0.033588           0
0.000000 0.070364           0
0.000000 0.044394           0
1.000000 0.952776           1
0.000000 0.027504           0
1.000000 0.974352           1
0.074052 0.104292           0
0.000000 0.047302           0
1.000000 0.971583           1
0.865723 0.855793           1
0.430063 0.053648           0
0.441816 0.435849           0
0.362957 0.047250           0
0.820764 0.815674           1
0.000000 0.047607           0
0.361209 0.046947           0
0.566906 0.940922           1
0.031658 0.086262           0
1.000000 0.984782           1
0.560133 0.560338           0
0.052620 0.094557           0
0.070102 0.102398           0
0.192523 0.195200           0
0.000000 0.041595           0
0.777825 0.775787           0
0.418147 0.055789           0
1.000000 0.995969           1
1.000000 0.993245           1
1.000000 0.961302           1
0.407574 0.401214           1
1.000000 0.995426           1
0.028702 0.085503           0
0.000000 0.037102           0
1.000000 0.952194           1
0.638212 0.638385           0
0.023281 0.083936           0
1.000000 0.961907           1
0.680927 0.681833           0
0.438974 0.432878           1
0.707307 0.694662           1
0.000000 0.075341           0
0.771965 0.770981           0
0.460096 0.061512           0
1.000000 0.959146           1
0.255529 0.255518           0
1.000000 0.986023           1
1.000000 0.985222           1
1.000000 0.990101           1
1.000000 0.991226           0
0.031490 0.085014           0
1.000000 0.992172           1
0.049507 0.092181           0
0.654950 0.649660           0
0.406551 0.054917           0
0.052612 0.095646           0
1.000000 0.970206           1
1.000000 0.995888           1
0.380448 0.051342           0
0.000000 0.045123           0
1.000000 0.991446           1
1.000000 0.972948           1
0.413320 0.412816           0
0.439481 0.058666           0
1.000000 0.983642           0
1.000000 0.993046           1
0.025818 0.085142           1
0.199892 0.203153           0
0.453841 0.452357           0
0.000000 0.071507           0
0.656139 0.631863           1
0.524066 0.934316           1
1.000000 0.985441           1
1.000000 0.990038           1
1.000000 0.973289           1
0.000000 0.039182           0
1.000000 0.967655           1
0.814304 0.791074           0
0.585797 0.582505           0
0.211018 0.211205           0
1.000000 0.987126           1
0.043198 0.091193           0
1.000000 0.974515           1
0.999016 0.922304           0
0.087898 0.113708           0
1.000000 0.973137           1
0.219774 0.219216           0
0.367589 0.363534           0
0.092624 0.116392           0
1.000000 0.965331           1
1.000000 0.990463           1
0.956874 0.904673           1
0.000000 0.031079           0
1.000000 0.980337           1
1.000000 0.993483           1
0.000000 0.034222           0
1.000000 0.979406           1
1.000000 0.959608           1
0.000000 0.024597           0
1.000000 0.978644           0
0.000000 0.032971           0
0.134339 0.144151           0
0.005264 0.078391           0
1.000000 0.976574           1
1.000000 0.993580           1
0.426946 0.057357           0
0.406838 0.050141           0
0.539870 0.538877           0
0.164579 0.170179           0
0.844149 0.838990           1
0.395845 0.053426           0
1.000000 0.975618           1
1.000000 0.977718           1
0.489024 0.067371           0
1.000000 0.989451           1
0.566277 0.559063           0
1.000000 0.990090           1
0.000000 0.070634           0
0.439451 0.058799           0
0.000000 0.023863           0
0.000000 0.034976           0
0.082900 0.110480           0
0.588334 0.590103           0
0.070659 0.103195           0
1.000000 0.979426           1
0.471664 0.061637           0
1.000000 0.969448           1
0.000000 0.073090           0
0.000000 0.040733           0
0.043223 0.090026           1
1.000000 0.986788           1
0.000000 0.031783           0
0.000000 0.075334           0
0.912484 0.882710           1
0.000000 0.031942           0
0.442646 0.059448           0
0.131994 0.142852           0
0.049398 0.093894           0
0.833506 0.824489           0
1.000000 0.993985           1
0.512226 0.500719           0
0.066339 0.100540           0
0.495089 0.494962           0
1.000000 0.988642           1
0.008115 0.078944           0
1.000000 0.974724           1
1.000000 0.996734           1
1.000000 0.948531           1
0.853966 0.846193           0
0.074200 0.104641           0
0.355608 0.353517           0
0.680589 0.680413           0
0.000000 0.042657           0
1.000000 0.976436           1
1.000000 0.953409           1
0.409530 0.054800           0
1.000000 0.992223           1
1.000000 0.992385           1
0.000000 0.027683           0
0.377745 0.051332           0
0.781716 0.781950           1
0.000000 0.077186           0
1.000000 0.981458           1
1.000000 0.995627           1
0.000000 0.033080           0
0.933574 0.898565           1
1.000000 0.984319           1
1.000000 0.979601           1
0.267411 0.266887           0
1.000000 0.994297           1
0.903497 0.883339           1
0.028859 0.083016           0
0.213934 0.214076           0
0.000000 0.028611           0
0.696150 0.694771           0
1.000000 0.991398           1
0.319190 0.314689           0
0.908517 0.884456           0
0.000000 0.071051           0
0.000000 0.035219           0
0.167811 0.174186           0
1.000000 0.990861           1
0.186722 0.188993           0
0.724811 0.724871           1
0.229190 0.227915           0
0.034199 0.088861           0
0.365856 0.050408           0
1.000000 0.995016           1
0.000000 0.072290           0
1.000000 0.978892           1
0.159638 0.165755           0
0.382996 0.051635           0
0.001001 0.077088           0
0.659187 0.658956           0
0.028771 0.085514           0
1.000000 0.996511           1
0.031496 0.086954           0
1.000000 0.975011           1
0.368457 0.368511           0
0.114679 0.127363           0
1.000000 0.972501           1
0.778196 0.776911           0
0.134397 0.144216           0
1.000000 0.981555           0
1.000000 0.997159           1
1.000000 0.991636           1
0.092499 0.116102           0
0.867388 0.856641           1
1.000000 0.990828           1
1.000000 0.972183           1
0.043140 0.092695           0
0.103988 0.123579           0
0.709635 0.694071           0
1.000000 0.981616           1
0.708149 0.708269           0
0.824079 0.821054           1
0.255740 0.255390           0
1.000000 0.996368           1
0.107852 0.124851           0
0.302179 0.300800           0
0.062743 0.098241           0
0.421106 0.055857           0
1.000000 0.993033           1
1.000000 0.990363           1
1.000000 0.993412           1
1.000000 0.995189           1
0.000000 0.069034           0
1.000000 0.995157           1
1.000000 0.987260           1
0.780854 0.781016           1
0.393376 0.052754           0
1.000000 0.990725           1
1.000000 0.983513           1
1.000000 0.985367           1
0.639442 0.950551           1
0.349017 0.049087           0
0.854542 0.846208           0
1.000000 0.983498           1
0.000000 0.037403           0
0.000000 0.031999           0
0.000000 0.029593           0
1.000000 0.953329           1
0.929893 0.897535           1
1.000000 0.995655           1
0.439382 0.058742           0
1.000000 0.985003           1
0.096641 0.117056           0
1.000000 0.997359           1
0.387985 0.051379           0
0.581894 0.942961           1
1.000000 0.980460           1
0.929742 0.883495           1
0.059305 0.097709           0
0.427011 0.053217           1
0.087385 0.112137           0
0.420960 0.056256           0
1.000000 0.980869           1
1.000000 0.992524           1
0.340041 0.340217           0
0.373026 0.372782           0
0.330472 0.350055           1
0.956776 0.894373           0
0.186630 0.190681           0
1.000000 0.985876           1
0.420968 0.055778           0
1.000000 0.985801           1
0.000000 0.041016           0
0.116910 0.130236           0
0.753473 0.753491           1
0.834290 0.828852           1
0.810069 0.797247           1
1.000000 0.983357           1
0.412389 0.055130           0
1.000000 0.991958           1
0.000000 0.038949           0
1.000000 0.970770           1
1.000000 0.990522           1
0.436358 0.057214           0
1.000000 0.981304           1
0.430027 0.057285           0
0.182406 0.187049           0
0.933535 0.898456           0
1.000000 0.974407           1
0.889460 0.870059           1
0.000000 0.047619           0
0.996638 0.921967           1
0.347338 0.347508           0
1.000000 0.974270           1
1.000000 0.996665           1
1.000000 0.991871           1
0.000000 0.044069           0
0.131318 0.141707           0
1.000000 0.993272           1
1.000000 0.993302           1
0.601331 0.944486           1
1.000000 0.993488           1
0.838610 0.830174           1
1.000000 0.994968           1
0.520886 0.520238           0
0.401254 0.053797           0
1.000000 0.992965           0
1.000000 0.984670           1
1.000000 0.994794           1
1.000000 0.981697           1
0.124261 0.137025           0
0.707259 0.705807           1
0.349503 0.348323           1
1.000000 0.983380           1
0.855893 0.848110           1
0.300247 0.293318           1
0.823971 0.803693           1
1.000000 0.994879           1
0.368345 0.050242           0
1.000000 0.982234           1
0.043215 0.091282           0
1.000000 0.993639           1
0.000000 0.037817           0
0.227219 0.227024           0
0.010265 0.080321           0
1.000000 0.986849           1
0.025974 0.084534           1
0.818146 0.808120           1
1.000000 0.976001           1
0.000000 0.039996           0
0.458840 0.458524           0
0.264128 0.264548           0
0.000000 0.072448           0
0.000000 0.043505           0
1.000000 0.967844           1
0.693227 0.691351           0
0.070416 0.103243           0
0.896572 0.877077           1
0.401022 0.053407           0
0.000000 0.042324           0
1.000000 0.981191           0
1.000000 0.995743           1
0.415259 0.055542           0
1.000000 0.993526           1
0.799823 0.796967           1
1.000000 0.994989           1
0.000000 0.044180           0
1.000000 0.978789           1
1.000000 0.995842           1
0.713459 0.712354           0
0.450465 0.450609           1
0.403511 0.403581           1
0.999645 0.922300           1
0.543319 0.937881           1
0.898408 0.878456           1
0.406758 0.054340           0
1.000000 0.955777           0
1.000000 0.988445           1
0.670023 0.667751           1
1.000000 0.995225           1
1.000000 0.995151           1
0.388847 0.388587           1
1.000000 0.991834           1
0.096896 0.117595           0
0.143563 0.150988           1
0.439492 0.058698           0
0.776289 0.772222           1
0.000000 0.035872           0
0.000000 0.069535           0
0.000000 0.024554           0
1.000000 0.958534           1
0.028867 0.084040           0
0.687799 0.686921           0
0.103819 0.122642           0
0.329022 0.328261           0
1.000000 0.994102           1
0.925461 0.894484           1
1.000000 0.980100           1
0.178984 0.181608           0
1.000000 0.981244           1
0.000000 0.047003           0
0.578051 0.560378           0
0.916943 0.888354           1
1.000000 0.978601           1
0.896665 0.877415           0
0.745411 0.745899           0
0.258762 0.258996           0
0.467533 0.062976           0
0.775083 0.774542           0
0.000000 0.044187           0
0.066507 0.101081           0
0.000000 0.067441           0
1.000000 0.991980           1
0.059353 0.098051           0
0.973877 0.910430           1
0.188882 0.191852           1
1.000000 0.952140           1
1.000000 0.994894           1
1.000000 0.990242           1
1.000000 0.960894           1
1.000000 0.996178           1
1.000000 0.992871           1
0.091306 0.113364           0
1.000000 0.984833           1
0.000000 0.071384           0
0.086934 0.111920           0
1.000000 0.989662           1
0.828040 0.825748           1
1.000000 0.950017           0
0.173342 0.175555           0
0.216833 0.216582           0
1.000000 0.951721           1
0.000000 0.040691           0
0.377832 0.048364           0
0.636554 0.946068           0
0.134602 0.144327           1
0.907376 0.882506           0
1.000000 0.990448           1
0.187021 0.190272           0
1.000000 0.955376           1
0.059316 0.096322           0
0.117757 0.132938           0
0.546875 0.937726           1
0.000000 0.043021           0
0.433068 0.057422           0
0.000000 0.070760           0
0.680185 0.680182           0
0.130060 0.139832           0
0.999033 0.922924           0
0.040337 0.089137           0
0.007813 0.079133           0
1.000000 0.994282           1
0.196784 0.199724           0
0.415108 0.053041           0
1.000000 0.996276           1
1.000000 0.975038           1
0.907256 0.884080           1
1.000000 0.987121           1
0.124336 0.136358           0
0.153457 0.158191           0
1.000000 0.993105           1
0.628886 0.630758           1
1.000000 0.967441           1
0.000000 0.042726           0
0.255162 0.255020           1
0.082459 0.108633           0
0.398784 0.053193           0
0.023524 0.083167           0
1.000000 0.996301           1
0.959706 0.909865           0
1.000000 0.996546           1
0.535231 0.535207           0
1.000000 0.991787           1
0.685653 0.686129           0
0.779093 0.778060           1
0.012659 0.080873           0
0.000000 0.068236           0
0.557257 0.940884           1
1.000000 0.993363           1
0.046269 0.092916           0
1.000000 0.969498           1
0.601429 0.941532           1
0.409482 0.054802           0
1.000000 0.986474           1
0.489173 0.067049           0
1.000000 0.996096           1
0.102369 0.120321           0
1.000000 0.970291           1
0.483918 0.065989           0
1.000000 0.986809           1
0.364379 0.365947           0
0.000000 0.042911           0
0.420941 0.056216           0
0.305296 0.300792           0
0.146084 0.154162           0
0.855039 0.846287           1
1.000000 0.979779           1
0.000000 0.047280           0
0.541916 0.532548           0
0.463792 0.062251           0
0.101802 0.117567           0
1.000000 0.961428           1
1.000000 0.977838           1
0.049448 0.093049           0
1.000000 0.994019           1
0.992036 0.916067           1
1.000000 0.994872           1
1.000000 0.990478           1
1.000000 0.992082           1
1.000000 0.987585           1
1.000000 0.983350           1
1.000000 0.951765           1
1.000000 0.993652           1
0.375573 0.049701           0
1.000000 0.987674           1
1.000000 0.975568           1
0.410622 0.410499           1
0.933316 0.896498           1
1.000000 0.992474           1
0.863818 0.850565           0
1.000000 0.991086           1
0.481146 0.463266           0
1.000000 0.985576           1
0.856079 0.848431           1
0.034294 0.088151           0
0.439393 0.054389           0
0.456609 0.061640           0
0.769425 0.767846           1
0.264280 0.264535           0
1.000000 0.985598           1
0.040092 0.089943           0
0.715809 0.716401           0
0.354044 0.346044           0
0.795857 0.790428           1
0.031671 0.087273           0
0.784778 0.768514           1
0.576187 0.576186           1
0.000000 0.039167           0
0.913100 0.888757           1
0.046238 0.091926           0
0.250494 0.243763           1
1.000000 0.995229           1
0.086605 0.110032           0
1.000000 0.996724           1
0.201701 0.205193           0
1.000000 0.989628           1
0.213789 0.215828           1
0.055812 0.096013           0
1.000000 0.989091           1
0.289419 0.289065           0
1.000000 0.993059           1
0.940650 0.900934           1
0.026009 0.084459           0
0.757191 0.757086           1
0.391210 0.391383           1
1.000000 0.995219           1
0.467358 0.062962           0
0.180765 0.183055           0
0.000000 0.073334           0
0.088056 0.113233           0
0.005235 0.078064           0
0.889942 0.872381           0
1.000000 0.993248           1
0.000000 0.071445           0
0.342281 0.341421           0
0.448070 0.445737           0
0.765080 0.764814           1
0.117910 0.132396           0
0.557013 0.553425           1
1.000000 0.988201           1
0.302184 0.297670           1
0.710139 0.710602           1
0.015384 0.080728           0
0.269895 0.270165           0
0.480201 0.065605           0
0.619992 0.620844           1
0.606683 0.951008           1
0.000000 0.023931           0
0.000000 0.030560           0
1.000000 0.927773           1
0.000000 0.037558           0
1.000000 0.984507           1
1.000000 0.993499           1
0.000000 0.036540           0
0.000000 0.043607           0
0.480312 0.065679           0
0.087801 0.113487           0
0.475920 0.065226           0
1.000000 0.985934           1
0.005224 0.078478           0
0.834800 0.828912           0
0.441679 0.438993           1
0.660952 0.660133           0
0.173289 0.176382           0
0.000000 0.045421           0
1.000000 0.969718           1
0.816050 0.812120           1
0.467530 0.063026           0
1.000000 0.994284           1
1.000000 0.989507           1
0.000000 0.040525           0
0.012592 0.081226           0
0.190080 0.193089           0
0.429929 0.430577           0
1.000000 0.979972           1
1.000000 0.997262           1
0.947348 0.905072           1
0.439494 0.058907           0
0.456267 0.061188           0
0.062964 0.100475           0
1.000000 0.987920           1
0.535540 0.534977           1
1.000000 0.995076           1
0.000000 0.027184           0
1.000000 0.978965           1
0.000000 0.022911           0
0.412460 0.052978           0
0.000000 0.033719           0
0.122782 0.134380           0
1.000000 0.990825           1
1.000000 0.978104           1
0.139950 0.146996           1
0.000000 0.033378           0
0.000000 0.030007           0
0.801084 0.798612           0
0.028827 0.086178           0
0.243176 0.243612           0
1.000000 0.979678           1
0.267152 0.266579           0
1.000000 0.990315           1
0.539988 0.938403           1
0.000000 0.042414           0
0.749908 0.749805           0
0.959792 0.896310           1
0.078203 0.106239           0
1.000000 0.969398           1
0.124900 0.136856           1
0.000000 0.040864           0
1.000000 0.989454           1
0.208800 0.208191           0
0.362794 0.046751           0
0.351837 0.044887           0
0.121722 0.132602           0
0.890877 0.872122           1
0.395926 0.052923           0
0.000000 0.071649           0
1.000000 0.971374           1
0.005585 0.078405           0
1.000000 0.976342           1
1.000000 0.993727           1
0.202045 0.204928           1
1.000000 0.984293           1
1.000000 0.993668           1
0.539893 0.937536           1
0.077880 0.106507           1
1.000000 0.983366           1
0.401150 0.054090           0
0.802067 0.798540           1
0.602386 0.602347           0
0.857886 0.842726           1
0.000000 0.030089           0
0.421135 0.051821           0
0.385364 0.052380           0
0.360689 0.049926           0
0.699770 0.694790           1
0.463593 0.061831           0
1.000000 0.967964           1
0.704315 0.702289           0
1.000000 0.995154           1
0.734143 0.734077           0
0.665406 0.665199           0
0.410670 0.411461           1
0.884117 0.866468           0
0.536389 0.938046           1
1.000000 0.924025           1
0.566861 0.936902           1
0.678972 0.659336           1
0.547027 0.934183           1
0.000000 0.039331           0
0.642190 0.641677           0
0.145510 0.147048           0
1.000000 0.961176           1
0.148635 0.156445           0
1.000000 0.995515           1
0.000000 0.045402           0
1.000000 0.990512           1
1.000000 0.994255           1
0.953695 0.908524           0
0.452925 0.060546           0
0.000000 0.034856           0
0.409899 0.401867           1
0.000000 0.071187           0
1.000000 0.990905           1
1.000000 0.974810           1
1.000000 0.976932           1
0.159007 0.163998           0
0.000000 0.043096           0
0.444889 0.438790           0
0.000000 0.072035           0
0.925298 0.885565           1
1.000000 0.982159           1
1.000000 0.993195           1
0.000000 0.036455           0
1.000000 0.952808           1
1.000000 0.996766           1
0.043110 0.091098           0
0.388004 0.052772           0
0.433123 0.057586           1
1.000000 0.973520           1
1.000000 0.995538           1
0.630502 0.627673           0
0.711557 0.711608           0
1.000000 0.990815           1
0.191059 0.193775           0
0.180671 0.183000           0
0.029007 0.085028           0
0.629411 0.945792           1
0.000000 0.044855           0
1.000000 0.974766           1
0.082893 0.110306           0
0.816942 0.812853           0
1.000000 0.993303           1
1.000000 0.988584           1
0.761692 0.761418           0
1.000000 0.996075           1
0.913023 0.888949           0
0.449105 0.439836           1
0.000000 0.067906           0
1.000000 0.978465           1
0.000000 0.030248           0
0.950492 0.906267           1
1.000000 0.986179           0
0.479701 0.062010           0
0.092446 0.115991           0
1.000000 0.994422           1
0.097673 0.119004           1
1.000000 0.994225           1
1.000000 0.988209           0
0.648767 0.948336           1
0.005576 0.078493           1
0.017966 0.082396           0
1.000000 0.928635           1
0.133207 0.142527           0
0.532651 0.937167           1
1.000000 0.997589           1
0.403927 0.050087           0
1.000000 0.991191           1
0.981976 0.916685           1
0.000000 0.027906           0
0.484351 0.065594           0
0.000000 0.037027           0
0.000000 0.070579           0
0.000000 0.069058           0
0.000000 0.069422           0
0.176322 0.178617           1
1.000000 0.929110           1
0.992072 0.918175           1
0.473789 0.473682           1
0.859551 0.852223           0
1.000000 0.984596           1
1.000000 0.994373           1
0.000000 0.025012           0
0.543633 0.935674           1
0.178031 0.180303           1
0.460110 0.061905           0
0.771205 0.768913           0
0.125034 0.135121           0
1.000000 0.971403           1
0.634523 0.944786           1
0.423915 0.057193           0
0.114193 0.127499           0
1.000000 0.986341           1
0.000000 0.042207           0
0.646079 0.945749           1
1.000000 0.986600           1
0.874421 0.860022           1
1.000000 0.990943           1
0.000000 0.074513           0
1.000000 0.992092           1
0.902925 0.882102           1
0.000000 0.034673           0
0.275669 0.274987           0
0.000000 0.026848           0
0.801358 0.796967           0
0.403991 0.052599           0
0.853553 0.836571           1
1.000000 0.984821           1
0.383040 0.052298           0
0.175341 0.177495           0
0.723928 0.725049           0
1.000000 0.927832           1
0.409605 0.053415           0
0.981869 0.917186           1
1.000000 0.981095           1
0.634537 0.948446           1
0.066431 0.101131           0
1.000000 0.993133           1
1.000000 0.996639           1
0.446097 0.059652           0
0.000000 0.073665           0
0.564145 0.565259           1
0.499809 0.499831           0
0.000000 0.075428           0
1.000000 0.956298           1
1.000000 0.962199           0
0.471678 0.063909           0
0.685892 0.684298           1
0.385437 0.052330           0
0.891377 0.872863           1
0.560488 0.941186           1
0.940764 0.901359           0
0.512769 0.513640           0
1.000000 0.988864           1
0.814626 0.811967           0
0.901898 0.879790           1
0.446124 0.059832           0
0.393304 0.052385           0
0.782709 0.782683           1
0.372629 0.047688           0
1.000000 0.989365           1
1.000000 0.996444           1
0.059469 0.095609           0
1.000000 0.966202           1
0.769119 0.765370           1
1.000000 0.957985           1
0.000000 0.069695           0
0.842527 0.835604           1
0.475987 0.064718           0
0.852176 0.843717           1
1.000000 0.994140           1
0.813476 0.809462           0
1.000000 0.972188           1
0.243391 0.243556           0
0.344388 0.045417           0
0.155021 0.159672           0
1.000000 0.990542           1
0.395862 0.048666           0
1.000000 0.929934           1
0.546963 0.931477           1
1.000000 0.991385           1
0.852500 0.843389           1
0.282887 0.283028           0
1.000000 0.970134           1
1.000000 0.970691           1
0.097720 0.118835           1
1.000000 0.984385           1
0.000000 0.028032           0
1.000000 0.989495           1
1.000000 0.959248           1
0.313683 0.316484           1
1.000000 0.995097           1
1.000000 0.985784           1
0.497482 0.502951           0
0.387783 0.048779           0
0.420927 0.420686           0
0.864758 0.848201           1
0.467451 0.062684           0
0.375328 0.048240           0
0.000000 0.042623           0
1.000000 0.988702           1
0.000000 0.076584           0
1.000000 0.995603           1
0.736443 0.735521           0
0.543581 0.937282           1
0.122225 0.133126           0
0.581825 0.941492           1
0.606793 0.946595           1
0.031379 0.086661           0
1.000000 0.990088           1
0.937000 0.897961           1
1.000000 0.967842           1
1.000000 0.990051           1
0.778106 0.776207           1
0.705555 0.705462           1
1.000000 0.975908           1
0.066261 0.098993           0
0.373251 0.050700           0
0.000000 0.040749           0
1.000000 0.975531           1
1.000000 0.995939           1
0.429966 0.056989           0
0.037210 0.089000           0
0.000000 0.035704           0
1.000000 0.975619           1
0.415546 0.412414           1
1.000000 0.990868           1
0.467612 0.062737           0
0.854233 0.839914           1
1.000000 0.993406           1
0.986954 0.919417           0
0.563374 0.563565           0
0.197901 0.201137           0
0.062750 0.099589           0
1.000000 0.993813           1
0.152663 0.157337           0
0.826543 0.824299           0
1.000000 0.994803           1
1.000000 0.990112           1
0.026145 0.084166           0
1.000000 0.996577           1
0.581798 0.939449           1
0.000000 0.073447           0
0.000000 0.031103           0
0.508792 0.508024           1
0.922034 0.892874           1
0.810620 0.806719           1
0.944028 0.899784           0
1.000000 0.996914           1
1.000000 0.992656           1
0.409444 0.054969           0
1.000000 0.992941           1
0.144527 0.150833           0
0.146057 0.154921           0
0.779867 0.780145           1
0.446000 0.059597           0
1.000000 0.984306           1
0.795013 0.792117           1
0.000000 0.045329           0
0.883108 0.864001           0
0.000000 0.045011           0
0.739542 0.739747           1
1.000000 0.995451           1
0.020827 0.083140           0
0.890088 0.874119           0
0.356232 0.048056           0
0.000000 0.048436           0
0.097386 0.118614           0
0.947459 0.905151           1
1.000000 0.975884           1
0.000000 0.075532           0
0.662983 0.658264           0
0.133270 0.143565           0
1.000000 0.958292           1
0.471233 0.063788           0
1.000000 0.991890           1
1.000000 0.968094           1
0.227666 0.227217           0
0.409324 0.055106           0
1.000000 0.966278           1
0.000000 0.067090           0
1.000000 0.982218           1
0.479807 0.065491           0
1.000000 0.996192           1
0.699443 0.699665           1
0.000000 0.074363           0
0.000000 0.073330           0
0.436224 0.055957           0
0.562441 0.561753           1
1.000000 0.977143           1
1.000000 0.994378           1
1.000000 0.991806           1
0.453407 0.452492           1
0.224419 0.224347           0
1.000000 0.976224           1
0.000000 0.037083           0
1.000000 0.965593           1
1.000000 0.990731           1
1.000000 0.992139           1
0.017948 0.082196           0
0.066270 0.100529           0
1.000000 0.981078           1
0.698707 0.698919           1
1.000000 0.989207           1
0.000000 0.027241           0
0.000000 0.040664           0
0.475899 0.065157           0
0.000000 0.035864           0
1.000000 0.994751           1
1.000000 0.984347           1
0.070136 0.101087           0
0.566379 0.565700           1
0.382807 0.051373           0
1.000000 0.973437           1
1.000000 0.989536           1
1.000000 0.989215           1
1.000000 0.983322           1
0.865941 0.851957           0
0.705425 0.704399           1
0.997314 0.921945           1
1.000000 0.994367           1
0.140100 0.147164           0
1.000000 0.983558           1
0.712806 0.712494           1
0.092367 0.115837           0
0.110172 0.128170           0
1.000000 0.970895           1
1.000000 0.996789           1
0.000000 0.034715           0
1.000000 0.991147           1
0.876035 0.863812           0
1.000000 0.972661           1
1.000000 0.996025           1
0.000000 0.038102           0
1.000000 0.990833           1
1.000000 0.982393           1
0.161934 0.167528           0
0.062950 0.100336           0
0.103310 0.120687           0
1.000000 0.991860           1
0.000000 0.069542           0
1.000000 0.990125           1
0.177357 0.180443           0
0.569423 0.569295           0
1.000000 0.985924           1
0.165793 0.172071           0
0.749864 0.749323           0
0.059378 0.097334           0
0.144992 0.153017           1
0.804472 0.799343           1
0.107792 0.124623           1
0.082279 0.108518           0
0.098123 0.119581           0
0.648862 0.951015           1
0.000000 0.044854           0
1.000000 0.992062           1
1.000000 0.928805           1
0.157466 0.162253           0
0.532347 0.935126           0
1.000000 0.996779           1
0.000000 0.066117           0
0.155860 0.162268           0
0.837475 0.831919           0
0.043275 0.090913           0
0.821426 0.802416           0
1.000000 0.995119           1
1.000000 0.979246           1
0.059224 0.096986           0
0.784103 0.783886           1
0.000000 0.034154           0
0.479870 0.065773           0
1.000000 0.992182           1
0.717784 0.717742           0
0.857097 0.848799           1
0.722808 0.722115           0
0.000000 0.043145           0
1.000000 0.979379           1
0.933703 0.899839           1
0.971292 0.911486           1
0.727444 0.727324           1
1.000000 0.995310           1
0.300565 0.300841           0
0.091646 0.113610           0
0.779081 0.779562           1
0.000000 0.062283           0
0.390500 0.052528           0
1.000000 0.983224           1
0.154039 0.161315           0
1.000000 0.953868           1
0.000000 0.072003           0
0.786536 0.786560           0
1.000000 0.993861           1
0.000000 0.040811           0
1.000000 0.996037           1
0.311000 0.309463           0
0.200489 0.203370           0
0.860228 0.848634           1
0.142647 0.150647           0
1.000000 0.994480           1
0.000000 0.033799           0
1.000000 0.996093           1
0.683902 0.682989           0
0.528121 0.932678           1
0.087666 0.112877           0
0.000000 0.075931           0
0.423835 0.056211           0
1.000000 0.987224           1
0.074606 0.105519           1
1.000000 0.993336           0
0.015321 0.081270           0
1.000000 0.980975           1
1.000000 0.993706           1
1.000000 0.965034           1
0.354075 0.046644           0
0.010492 0.079590           1
1.000000 0.978985           0
1.000000 0.987642           1
1.000000 0.980904           1
0.195483 0.198351           1
0.641241 0.642470           0
0.031410 0.086572           0
0.563894 0.564079           0
1.000000 0.971005           1
0.446080 0.055006           0
0.398729 0.053466           0
1.000000 0.989345           1
0.663634 0.662791           1
1.000000 0.985299           1
1.000000 0.994029           1
1.000000 0.973988           1
1.000000 0.993058           1
1.000000 0.996361           1
1.000000 0.992593           1
1.000000 0.981169           0
0.760994 0.761082           1
0.442763 0.059001           0
1.000000 0.986883           1
0.188120 0.190743           0
1.000000 0.994991           1
0.759257 0.751456           1
0.052607 0.094453           0
0.062828 0.099449           0
0.524077 0.934395           1
0.334632 0.334444           0
1.000000 0.970598           1
0.000000 0.070228           0
1.000000 0.993610           1
0.393151 0.053175           0
0.606064 0.605786           0
0.532588 0.934274           1
0.947345 0.905393           1
0.354649 0.354458           0
0.851072 0.843137           0
0.770387 0.765519           1
0.409583 0.054874           0
0.933655 0.898555           1
0.463892 0.062089           0
0.351264 0.048429           0
1.000000 0.970357           1
0.052689 0.095117           0
0.000000 0.038693           0
0.110487 0.127218           0
1.000000 0.984782           1
0.897151 0.875857           1
0.858698 0.834247           1
0.365767 0.049946           0
1.000000 0.992978           1
0.349780 0.350024           0
0.175689 0.179531           0
0.412512 0.055078           0
0.001093 0.077158           0
0.368325 0.050345           0
0.000000 0.031098           0
0.000000 0.075014           0
1.000000 0.989573           1
0.239900 0.240042           0
0.180659 0.183312           0
0.017813 0.082403           0
0.968604 0.907310           0
0.000000 0.068829           0
0.078664 0.108623           0
0.082634 0.108935           0
0.059295 0.096925           0
1.000000 0.995195           1
0.000000 0.044651           0
0.000000 0.040442           0
0.388246 0.052646           0
0.375907 0.362244           0
0.715117 0.711839           1
0.882122 0.867559           1
0.787648 0.787802           0
1.000000 0.989649           1
0.573056 0.941371           1
0.000000 0.034460           0
1.000000 0.957327           1
1.000000 0.996362           1
0.000000 0.034762           0
0.846682 0.839305           1
0.467802 0.063454           0
0.446179 0.059427           0
1.000000 0.969594           1
0.614011 0.613533           1
0.190674 0.193117           1
1.000000 0.996538           1
0.816717 0.814067           0
1.000000 0.964661           1
1.000000 0.997376           1
1.000000 0.989538           1
0.347664 0.347728           0
0.000000 0.038371           0
0.412272 0.054924           0
0.000000 0.076543           0
1.000000 0.991738           1
0.000000 0.030548           0
0.815285 0.799554           1
0.698906 0.701971           0
0.000000 0.044087           0
0.291592 0.291425           0
1.000000 0.996691           1
1.000000 0.995887           1
1.000000 0.956389           1
0.000000 0.027417           0
0.132068 0.143610           0
0.625358 0.625081           1
1.000000 0.981846           1
1.000000 0.962884           1
0.141583 0.144431           0
1.000000 0.992464           1
0.479352 0.064934           0
1.000000 0.993937           1
1.000000 0.990427           1
1.000000 0.992539           1
1.000000 0.976726           1
1.000000 0.989420           1
0.108409 0.123916           0
0.025832 0.085406           1
0.484392 0.066823           0
1.000000 0.920988           1
0.059307 0.098629           0
1.000000 0.993339           1
1.000000 0.974391           1
0.735185 0.735268           1
0.000000 0.073419           1
0.000000 0.076078           0
0.325164 0.319771           0
0.037118 0.088807           0
1.000000 0.977425           1
1.000000 0.992218           1
0.351234 0.308459           0
0.000000 0.068432           0
0.847296 0.841340           1
0.000000 0.032807           0
0.753996 0.750791           1
0.132310 0.142221           0
1.000000 0.984762           1
0.493754 0.490252           1
0.397964 0.398123           0
0.023473 0.083577           0
0.771512 0.771572           1
0.976590 0.915275           0
0.000000 0.076138           0
1.000000 0.991644           1
1.000000 0.992661           1
0.442710 0.059204           0
0.455764 0.454800           0
0.676254 0.674878           0
1.000000 0.995583           1
0.360696 0.046538           0
0.156377 0.161040           0
0.052667 0.094338           0
1.000000 0.984541           1
0.777427 0.778784           1
1.000000 0.991176           1
0.697653 0.697782           0
0.885673 0.868208           1
0.484047 0.065503           0
0.097929 0.118803           0
1.000000 0.996027           1
0.125062 0.137106           0
0.000000 0.071088           0
0.000000 0.039059           0
1.000000 0.994313           1
0.446096 0.055008           0
0.719547 0.718098           1
0.070648 0.103922           0
1.000000 0.992571           1
1.000000 0.992071           1
0.183198 0.185719           1
0.569973 0.942282           1
0.000000 0.040073           0
0.467444 0.062928           0
1.000000 0.986601           1
0.393157 0.052752           0
0.012817 0.081137           0
1.000000 0.974448           1
0.936918 0.899283           1
0.696499 0.695761           1
1.000000 0.990754           1
1.000000 0.975329           1
0.439443 0.059800           0
1.000000 0.989927           1
0.082539 0.108481           0
1.000000 0.991751           1
1.000000 0.994775           1
0.984266 0.914241           1
0.000000 0.025667           0
1.000000 0.994358           1
0.000000 0.038244           0
0.114428 0.129175           1
0.401162 0.052888           0
1.000000 0.962770           1
0.143456 0.150462           0
0.000000 0.075006           0
0.000000 0.074581           0
0.320837 0.320665           0
0.070468 0.103461           0
0.839713 0.834130           1
0.950514 0.905182           0
0.168067 0.174191           1
0.757594 0.755838           1
1.000000 0.971804           1
1.000000 0.993613           1
0.723543 0.723578           0
0.074463 0.109665           0
0.684121 0.684006           1
0.428491 0.428638           1
0.767913 0.767994           0
0.087478 0.112350           0
0.205107 0.206826           0
1.000000 0.994534           1
1.000000 0.984617           1
0.313044 0.312465           1
1.000000 0.968692           1
1.000000 0.995797           1
0.581497 0.581132           1
1.000000 0.994271           1
0.131768 0.141616           0
0.755681 0.755963           0
0.824197 0.821411           1
1.000000 0.957323           1
1.000000 0.993735           1
0.103486 0.122434           0
1.000000 0.989681           1
0.121926 0.134140           0
1.000000 0.995241           1
0.000000 0.042922           0
0.134905 0.144812           0
0.096688 0.116428           1
0.569725 0.565380           1
0.000000 0.027856           0
0.000000 0.029156           0
0.000000 0.048315           0
0.285861 0.284223           0
0.129689 0.138271           1
0.183272 0.185702           0
0.459843 0.061572           0
0.146883 0.154310           0
0.070568 0.103701           0
1.000000 0.992769           1
1.000000 0.989809           1
0.635012 0.631266           1
0.527943 0.526394           1
0.867703 0.857454           1
1.000000 0.982854           1
0.012845 0.080738           0
1.000000 0.958325           1
0.063044 0.099408           0
0.000000 0.040410           0
0.858902 0.851849           1
0.716986 0.716639           1
0.173851 0.177880           0
1.000000 0.987632           1
0.769717 0.769909           1
0.884355 0.868663           1
0.802410 0.792430           0
0.040182 0.090104           0
0.087846 0.112633           0
1.000000 0.988985           1
0.506885 0.504896           1
0.715097 0.716379           0
1.000000 0.993732           1
0.000000 0.073450           0
0.000294 0.077186           0
0.143362 0.150464           0
0.891693 0.875669           0
0.855214 0.838851           1
0.344549 0.048644           0
1.000000 0.987407           1
0.020564 0.083611           0
1.000000 0.930122           1
0.074198 0.101712           0
0.736266 0.730460           1
0.144732 0.151992           0
1.000000 0.989904           1
1.000000 0.991210           1
0.722299 0.722359           0
1.000000 0.958210           1
0.052667 0.094290           0
0.353602 0.049086           0
0.557163 0.551216           1
0.070194 0.102329           0
0.971268 0.907981           1
0.092808 0.114318           0
1.000000 0.995305           1
0.133674 0.143571           0
0.096504 0.115724           0
0.805277 0.802522           0
0.460170 0.061604           0
0.272823 0.273684           0
0.356195 0.049127           0
1.000000 0.988577           1
0.031433 0.087086           0
1.000000 0.989633           1
0.000000 0.047874           0
0.063073 0.100744           0
0.788848 0.782779           1
0.000000 0.029910           0
0.835054 0.847564           1
0.433216 0.057926           0
0.082824 0.110435           0
0.667234 0.667210           0
1.000000 0.995005           1
0.362350 0.361982           1
0.976764 0.914270           0
0.643850 0.947627           1
0.000000 0.073002           0
0.743005 0.743194           0
1.000000 0.977525           1
0.807948 0.801198           1
1.000000 0.989174           1
1.000000 0.995466           1
1.000000 0.971701           1
1.000000 0.989292           1
1.000000 0.994772           1
0.476040 0.476290           0
1.000000 0.994656           1
1.000000 0.972020           1
0.809216 0.807073           1
0.398391 0.051658           0
1.000000 0.983516           1
0.406817 0.054306           0
0.104156 0.122838           0
0.000000 0.039368           0
0.456606 0.061737           0
1.000000 0.962350           1
0.217287 0.218922           0
0.000000 0.034593           0
1.000000 0.931790           1
0.512689 0.512352           1
0.449377 0.060187           0
0.429760 0.429878           1
0.000000 0.073054           0
1.000000 0.989009           1
1.000000 0.992597           1
1.000000 0.993448           1
0.000000 0.036978           0
0.000000 0.026074           0
1.000000 0.993549           1
0.353286 0.353796           0
1.000000 0.992197           1
0.702177 0.703731           0
0.159765 0.166101           0
0.505991 0.503091           0
0.062911 0.099588           0
0.804379 0.800397           1
0.000000 0.034878           0
0.912689 0.887398           0
1.000000 0.964090           1
0.806460 0.803679           1
0.196459 0.199359           0
0.010726 0.079310           0
1.000000 0.995813           1
0.000000 0.075121           0
0.429995 0.056682           0
0.418026 0.055683           0
0.265397 0.262475           0
0.412347 0.053495           0
1.000000 0.978391           1
0.078224 0.106774           0
1.000000 0.995597           1
1.000000 0.994696           1
0.859544 0.850860           1
0.107647 0.123401           1
1.000000 0.996154           1
1.000000 0.993490           1
0.759290 0.759305           1
0.178132 0.180475           0
1.000000 0.993173           1
1.000000 0.989309           1
0.372610 0.051743           0
0.000000 0.036651           0
1.000000 0.974443           1
0.776195 0.775708           0
1.000000 0.989485           1
0.774204 0.774286           1
0.290628 0.284844           0
0.149410 0.158191           0
0.000000 0.028844           0
1.000000 0.959832           1
1.000000 0.985367           1
0.000000 0.067486           1
0.046176 0.093199           0
0.008074 0.079340           0
0.322073 0.324462           1
1.000000 0.990115           1
0.385175 0.051841           0
0.074271 0.105058           0
0.621396 0.621063           0
0.000000 0.038083           0
1.000000 0.975203           1
0.698103 0.698002           0
0.000000 0.039992           0
1.000000 0.960682           1
0.277934 0.280175           0
0.000000 0.046058           0
1.000000 0.993678           1
0.000000 0.068181           0
1.000000 0.957406           1
1.000000 0.980463           1
1.000000 0.990851           1
1.000000 0.988022           1
0.104047 0.122008           0
0.703833 0.703982           0
0.000000 0.074655           0
1.000000 0.981025           1
1.000000 0.992888           1
1.000000 0.976777           1
1.000000 0.972938           1
1.000000 0.979741           1
0.380270 0.048783           0
0.201165 0.204146           1
0.307213 0.306936           0
1.000000 0.988675           1
0.467929 0.063574           0
0.897278 0.863069           1
0.124692 0.136570           0
0.467415 0.062702           0
0.467740 0.062878           0
0.158414 0.163682           0
1.000000 0.977951           1
0.000000 0.022975           0
0.806717 0.801781           1
0.325452 0.325572           0
0.000000 0.036758           0
0.789224 0.787353           1
1.000000 0.991312           1
1.000000 0.963451           1
1.000000 0.953345           1
0.380508 0.051337           0
0.267987 0.272455           1
0.380934 0.380427           0
1.000000 0.993403           1
1.000000 0.995111           1
1.000000 0.988553           1
0.013039 0.079689           0
0.556682 0.556343           1
1.000000 0.983943           1
1.000000 0.959950           1
0.773058 0.772220           1
0.925416 0.893656           1
0.000000 0.039216           0
1.000000 0.925480           0
0.672634 0.672550           0
1.000000 0.991784           1
0.590492 0.944194           1
0.000000 0.042424           0
1.000000 0.989102           1
0.962712 0.910107           1
1.000000 0.990198           1
1.000000 0.996778           1
0.000000 0.040037           0
1.000000 0.992061           1
0.460284 0.062292           0
0.926089 0.887549           0
0.103456 0.121920           0
0.464448 0.464471           1
1.000000 0.975720           1
1.000000 0.988997           1
1.000000 0.996411           1
1.000000 0.921536           1
1.000000 0.996555           1
0.114552 0.128415           0
0.907952 0.873033           1
0.049370 0.094572           0
0.018094 0.082684           0
0.108639 0.125081           0
0.000000 0.072672           0
0.365865 0.366303           0
0.741036 0.740908           0
0.066584 0.100786           0
0.439458 0.057236           0
0.000000 0.030342           0
0.202582 0.205316           0
0.040204 0.089677           0
0.426953 0.056914           0
0.372756 0.051566           0
0.220231 0.219864           0
1.000000 0.985220           1
0.000000 0.043879           0
0.109343 0.125047           0
0.484532 0.066087           0
1.000000 0.953538           1
0.370462 0.050357           0
0.070543 0.104025           0
0.000000 0.046985           0
0.248624 0.247286           1
0.000000 0.035706           0
0.381596 0.384795           0
0.841687 0.835313           0
0.000000 0.068032           0
1.000000 0.966921           1
0.000000 0.027341           0
1.000000 0.994518           1
0.476793 0.476570           1
0.247107 0.247122           0
0.439556 0.058578           0
0.000000 0.046543           0
1.000000 0.954868           0
1.000000 0.988844           1
1.000000 0.994055           1
0.000000 0.072056           0
0.000000 0.043255           0
1.000000 0.990803           1
0.646878 0.643024           1
1.000000 0.977762           1
0.116438 0.131878           0
0.703844 0.703638           1
1.000000 0.993086           1
0.711869 0.696553           1
0.672490 0.669271           0
0.860140 0.849924           1
0.031427 0.086912           0
0.453034 0.059412           0
0.000000 0.070759           0
1.000000 0.991631           1
0.070155 0.102183           0
0.301789 0.301622           1
0.913114 0.887325           1
1.000000 0.973279           1
0.991905 0.916348           1
1.000000 0.990792           1
0.368264 0.050146           0
0.087540 0.112789           0
1.000000 0.996105           1
0.557256 0.939827           0
0.697895 0.694031           1
1.000000 0.974132           1
1.000000 0.967347           1
0.263842 0.263871           0
0.629366 0.948112           1
0.519928 0.927450           1
0.484405 0.065928           1
0.154194 0.158934           0
0.236753 0.237448           0
1.000000 0.973871           1
0.000000 0.040225           0
0.721220 0.720898           0
0.013244 0.080064           0
0.805649 0.802539           0
1.000000 0.992300           1
0.811686 0.806263           1
0.626777 0.627307           0
0.000000 0.039107           0
0.828162 0.823226           1
1.000000 0.984520           1
0.442655 0.059297           0
0.465827 0.466293           0
0.775109 0.760198           1
0.587748 0.943180           1
0.684121 0.683737           1
0.480423 0.065470           0
0.164884 0.169506           0
0.908717 0.885192           1
0.456135 0.457149           0
0.716655 0.716826           0
0.663752 0.660286           0
1.000000 0.984072           1
0.877921 0.864307           1
1.000000 0.958688           1
0.003266 0.077305           0
1.000000 0.986084           1
1.000000 0.967480           1
0.082267 0.109374           0
0.092900 0.116210           1
0.672772 0.669190           1
1.000000 0.974608           1
0.000000 0.073184           0
0.000000 0.033017           0
1.000000 0.961507           1
0.000000 0.076016           0
1.000000 0.969420           0
0.000000 0.028582           0
0.488509 0.066712           0
0.994276 0.921970           1
0.000000 0.039222           0
0.480006 0.065582           0
1.000000 0.982852           1
1.000000 0.986749           1
0.000000 0.028799           0
1.000000 0.994046           1
0.884578 0.870371           1
0.110734 0.126488           0
0.430034 0.057375           0
0.078110 0.105904           0
1.000000 0.974091           1
0.480231 0.066001           0
1.000000 0.994755           1
0.759733 0.759000           0
0.179828 0.182981           1
0.000000 0.068748           0
0.000000 0.073438           0
1.000000 0.932044           1
0.351194 0.046050           0
0.832768 0.825113           0
0.984240 0.918633           1
0.622026 0.948123           1
0.976724 0.914655           1
0.059510 0.098288           0
0.452982 0.061222           0
0.921993 0.886215           1
0.398769 0.053051           0
0.579967 0.577788           1
0.987025 0.918079           1
0.007981 0.079573           0
0.959938 0.907750           1
0.078050 0.107247           0
0.000000 0.046104           0
0.059386 0.097675           0
1.000000 0.996494           1
1.000000 0.994464           1
0.609559 0.955123           1
1.000000 0.992996           1
0.000000 0.066907           0
0.070383 0.103522           0
0.000000 0.042683           0
0.110116 0.126522           0
0.000000 0.034573           0
0.653706 0.653870           1
0.074700 0.105043           0
0.377787 0.051688           0
0.255613 0.251907           0
0.000000 0.067056           0
0.739864 0.738504           1
1.000000 0.956963           1
0.000000 0.067769           0
1.000000 0.954813           1
0.355092 0.354384           1
1.000000 0.993538           1
0.883789 0.869335           1
1.000000 0.922184           1
0.557565 0.556508           1
1.000000 0.955218           0
0.087739 0.111513           0
0.667098 0.656098           0
1.000000 0.982729           1
0.701778 0.699888           1
0.000000 0.038202           0
1.000000 0.951446           1
1.000000 0.995645           1
1.000000 0.996605           1
1.000000 0.992391           1
0.994420 0.912868           1
1.000000 0.996769           1
0.028879 0.086127           0
0.000000 0.042854           0
0.423115 0.423418           0
0.557311 0.940718           1
1.000000 0.961136           1
0.897496 0.878561           1
0.917894 0.890136           0
0.850876 0.840449           1
0.471748 0.063835           0
0.157228 0.161184           0
1.000000 0.989223           1
1.000000 0.969923           1
1.000000 0.983500           1
0.062990 0.100344           0
0.189989 0.192661           0
0.023275 0.084319           0
0.171868 0.175161           0
0.146992 0.155145           1
1.000000 0.988675           1
0.644752 0.642323           1
0.311780 0.310751           0
0.436183 0.058031           0
1.000000 0.974156           1
1.000000 0.952066           1
1.000000 0.989268           1
0.803428 0.791235           1
0.878651 0.861878           1
1.000000 0.980737           1
0.000000 0.038020           0
0.000000 0.038409           0
0.184760 0.187243           1
0.515533 0.930646           1
0.836150 0.823278           1
0.000000 0.033275           0
0.866262 0.854095           1
1.000000 0.992191           1
1.000000 0.981296           0
0.059374 0.097424           0
1.000000 0.978143           1
0.627203 0.948206           1
1.000000 0.993398           1
1.000000 0.985310           1
0.175897 0.178274           0
1.000000 0.980359           1
0.000000 0.032368           0
0.000000 0.036315           0
0.295141 0.293552           0
0.000000 0.030068           0
0.000000 0.040997           0
0.171548 0.173636           1
1.000000 0.993452           1
0.000000 0.042287           0
1.000000 0.966286           1
0.195558 0.197584           0
0.123593 0.136014           0
0.000000 0.039298           0
0.141277 0.148027           0
0.309385 0.311653           0
1.000000 0.993550           1
0.346804 0.048587           0
1.000000 0.987555           1
0.415089 0.055787           0
0.687120 0.681705           0
1.000000 0.991195           1
0.950568 0.906049           1
1.000000 0.993668           1
0.950611 0.906260           1
0.152905 0.157506           0
1.000000 0.957625           1
0.000000 0.033909           0
0.049387 0.093441           0
1.000000 0.971373           1
0.984484 0.917930           1
0.159438 0.164949           0
1.000000 0.982929           1
1.000000 0.989318           1
0.782155 0.781682           1
0.814851 0.812120           1
1.000000 0.993941           1
0.885591 0.871757           1
0.043119 0.091473           0
0.870126 0.835568           1
0.439436 0.058243           0
1.000000 0.990317           1
0.000000 0.070382           0
1.000000 0.970473           1
1.000000 0.990543           1
1.000000 0.989329           1
0.049453 0.094064           0
1.000000 0.958803           1
1.000000 0.996236           1
0.000000 0.075742           0
1.000000 0.989496           1
0.601321 0.946603           1
1.000000 0.993673           1
0.096372 0.116119           0
0.108230 0.123984           0
1.000000 0.967700           1
0.447806 0.442217           0
0.501640 0.502537           1
1.000000 0.992290           1
0.809222 0.807678           1
0.040164 0.089441           0
0.532131 0.934586           1
0.563805 0.939091           1
1.000000 0.966337           1
0.215676 0.215562           0
0.000000 0.028845           0
1.000000 0.985596           1
1.000000 0.995589           1
1.000000 0.989611           1
1.000000 0.985417           1
1.000000 0.975963           1
0.895928 0.871074           1
1.000000 0.925389           0
1.000000 0.989013           1
0.147365 0.155235           0
1.000000 0.958609           1
1.000000 0.965947           1
0.463809 0.062314           0
1.000000 0.996867           1
0.947357 0.903870           0
0.000000 0.043377           0
0.012841 0.080801           0
0.843265 0.834662           1
0.639332 0.949261           1
0.439435 0.058990           0
1.000000 0.995623           1
0.433201 0.057858           0
0.000000 0.039261           0
0.415832 0.415058           1
0.097359 0.117126           0
0.467318 0.062817           0
0.114518 0.128277           0
1.000000 0.989017           1
0.097270 0.117672           0
0.098185 0.118016           0
1.000000 0.969188           0
1.000000 0.991619           1
0.654464 0.653508           0
0.008123 0.078597           0
0.031565 0.086721           0
0.372316 0.369392           0
1.000000 0.992470           1
1.000000 0.957088           1
0.755082 0.749566           0
1.000000 0.975977           1
0.116740 0.131207           0
1.000000 0.969932           1
1.000000 0.926369           1
0.959894 0.909852           1
1.000000 0.993617           1
0.727811 0.727707           1
0.804655 0.801695           1
0.386498 0.386025           0
0.156910 0.161602           0
0.179665 0.181973           0
0.686612 0.684389           1
0.102103 0.120727           0
0.864947 0.854849           0
1.000000 0.994432           1
0.944174 0.902863           1
0.000000 0.026484           0
1.000000 0.962903           0
0.625809 0.625481           0
0.000000 0.045236           0
0.810238 0.772337           1
0.460191 0.061631           0
1.000000 0.992306           1
1.000000 0.989689           1
1.000000 0.990089           1
0.718371 0.718135           1
1.000000 0.976119           1
0.773827 0.773743           0
0.000000 0.040020           0
1.000000 0.995654           1
1.000000 0.983277           1
0.407855 0.403861           0
0.347532 0.347129           0
0.488442 0.067096           0
1.000000 0.993506           1
0.563073 0.563125           0
1.000000 0.957120           1
0.124185 0.134138           1
0.227851 0.227718           1
0.000000 0.029205           0
0.000933 0.077329           1
0.813139 0.810228           1
1.000000 0.990224           1
1.000000 0.971797           1
0.885840 0.871157           1
1.000000 0.951612           1
1.000000 0.991945           1
0.670242 0.655928           0
0.074530 0.105352           0
0.000000 0.040016           0
1.000000 0.988264           1
0.000000 0.019906           0
1.000000 0.954248           1
1.000000 0.986340           1
0.511618 0.931377           1
0.818144 0.813546           1
1.000000 0.988071           1
0.989259 0.920102           1
0.117807 0.132586           0
1.000000 0.995084           1
0.000000 0.075425           0
0.172892 0.175864           0
1.000000 0.995450           1
0.718579 0.716606           1
1.000000 0.996579           1
1.000000 0.973532           1
1.000000 0.993453           1
0.770003 0.770191           1
0.488771 0.068138           0
0.020721 0.083094           0
0.937016 0.895187           1
0.000000 0.035719           0
0.000000 0.076111           0
0.867501 0.855567           0
0.000000 0.043945           0
0.000000 0.076075           0
0.000000 0.035139           0
1.000000 0.970578           1
1.000000 0.991915           1
0.156164 0.161116           0
0.180632 0.178767           0
0.000000 0.045277           0
1.000000 0.985576           1
0.173412 0.174588           1
1.000000 0.995424           1
0.156149 0.160949           0
0.375186 0.051117           0
0.825624 0.823080           0
0.000000 0.040807           0
0.000000 0.043720           0
0.034265 0.088245           0
0.365738 0.046989           0
1.000000 0.996191           1
1.000000 0.992861           1
0.852503 0.844956           1
1.000000 0.994459           1
0.000000 0.036415           0
0.040246 0.089442           0
0.601689 0.601004           1
1.000000 0.991360           1
0.997181 0.918755           0
1.000000 0.995308           1
0.087428 0.111568           0
0.395908 0.053063           0
0.000000 0.029045           0
1.000000 0.989603           1
0.456285 0.061243           0
0.116263 0.131206           0
1.000000 0.993700           1
0.000000 0.028424           0
1.000000 0.988734           1
0.049374 0.092884           0
0.000000 0.027939           0
0.161038 0.161860           0
1.000000 0.993363           1
0.832852 0.827501           0
1.000000 0.993673           1
0.341934 0.045518           0
1.000000 0.956302           0
0.448938 0.448645           1
0.000000 0.039194           0
1.000000 0.986868           1
0.475637 0.064649           0
0.134966 0.145758           0
0.463805 0.062608           0
0.790980 0.789473           0
0.388014 0.052207           0
0.552591 0.552065           0
0.097255 0.118562           0
1.000000 0.922809           1
0.884982 0.871290           1
0.703525 0.703646           0
0.950571 0.906776           1
0.018211 0.081817           0
0.000000 0.035906           0
0.000000 0.038832           0
1.000000 0.951891           1
1.000000 0.996073           1
0.471608 0.063958           0
0.759900 0.759711           0
0.000537 0.077221           0
0.452772 0.060485           0
0.828083 0.824843           1
0.446101 0.055437           0
0.303946 0.305079           1
1.000000 0.980472           1
1.000000 0.993876           1
1.000000 0.995319           1
1.000000 0.996766           1
1.000000 0.977047           1
0.921325 0.891910           1
0.407230 0.406558           0
1.000000 0.982884           1
0.162240 0.167388           0
1.000000 0.978760           1
0.161913 0.167848           0
0.177409 0.179239           1
1.000000 0.995332           1
1.000000 0.973644           1
0.005672 0.078942           0
0.298436 0.299634           0
1.000000 0.990277           1
0.446034 0.058859           0
0.023147 0.084240           0
0.000000 0.071449           0
1.000000 0.984732           1
1.000000 0.984164           1
0.049330 0.093222           0
1.000000 0.994022           1
0.000000 0.027956           0
1.000000 0.962082           1
0.447327 0.445250           0
0.062977 0.100105           0
1.000000 0.974423           1
0.161004 0.165910           0
1.000000 0.978688           1
0.365959 0.049725           0
1.000000 0.979550           1
0.348451 0.348458           0
0.000000 0.033340           0
0.233491 0.233487           0
0.000000 0.076543           0
0.976607 0.911346           0
0.000000 0.035653           0
1.000000 0.989965           1
0.091562 0.113845           0
1.000000 0.984257           1
0.463755 0.062266           0
0.000000 0.033888           0
0.994332 0.921148           1
0.381067 0.386000           0
1.000000 0.955458           1
0.516272 0.933717           1
0.000000 0.039646           0
0.398493 0.398634           0
0.987119 0.917275           1
0.998986 0.922920           1
0.108153 0.125405           0
1.000000 0.973731           1
0.000000 0.066944           0
1.000000 0.995218           1
0.326395 0.328493           0
1.000000 0.979755           1
0.000000 0.037603           0
1.000000 0.994150           1
0.370702 0.051035           0
0.585036 0.942379           1
1.000000 0.958832           1
0.375689 0.051034           0
0.135760 0.145684           0
1.000000 0.993501           1
1.000000 0.974895           1
0.055966 0.093248           0
0.332572 0.332519           0
0.898033 0.879356           0
0.062686 0.096096           0
0.145622 0.150793           1
1.000000 0.996222           1
0.230337 0.230707           0
1.000000 0.997564           1
0.838647 0.831888           0
0.000000 0.027696           0
1.000000 0.993551           1
0.765415 0.761619           1
1.000000 0.995718           1
0.000000 0.074433           0
0.000000 0.071595           0
0.302683 0.302532           0
0.968394 0.898707           0
0.096313 0.117193           0
0.043265 0.090713           1
1.000000 0.959940           1
0.020548 0.083581           0
1.000000 0.993357           1
1.000000 0.981267           1
0.409439 0.054325           0
0.573127 0.573344           0
0.433079 0.057163           0
0.560536 0.938592           1
0.023210 0.085005           0
0.744225 0.743553           1
1.000000 0.975518           1
0.520243 0.928845           1
0.563755 0.934579           1
0.883584 0.868932           1
1.000000 0.997448           1
1.000000 0.976338           1
0.218484 0.219036           0
1.000000 0.988309           1
0.606962 0.940421           0
0.096475 0.116661           0
1.000000 0.979982           1
0.110580 0.128238           0
0.000000 0.040452           0
1.000000 0.985241           1
0.000000 0.023901           0
0.214356 0.214379           0
1.000000 0.994028           1
0.000000 0.030410           0
1.000000 0.993677           1
0.587779 0.941697           1
0.000000 0.034032           0
1.000000 0.982291           1
0.715282 0.723588           0
1.000000 0.968954           1
0.172907 0.175791           0
0.154891 0.157012           0
0.860126 0.847696           1
0.718044 0.717290           1
1.000000 0.994653           1
0.056083 0.096637           0
0.087536 0.112410           0
0.161499 0.166596           0
0.582251 0.579403           0
0.000000 0.046680           0
1.000000 0.960091           1
0.000000 0.037882           0
0.933655 0.897140           1
1.000000 0.972857           1
0.785761 0.783810           1
0.762909 0.762887           0
1.000000 0.987165           1
0.000000 0.040373           0
1.000000 0.979355           1
0.480337 0.065619           0
1.000000 0.996662           1
0.420930 0.057247           0
0.648019 0.648103           0
0.571160 0.570566           0
0.182045 0.184518           0
1.000000 0.995477           1
0.854760 0.847258           1
0.020689 0.083130           0
0.101715 0.120934           0
0.423940 0.056879           0
1.000000 0.964617           1
0.563754 0.942033           1
0.979438 0.915160           0
1.000000 0.971498           1
0.901902 0.881139           1
1.000000 0.984966           1
0.994547 0.921270           1
0.165879 0.171117           0
0.213377 0.209890           0
1.000000 0.994361           1
1.000000 0.957023           1
0.496955 0.495453           0
1.000000 0.985103           1
1.000000 0.982355           1
0.916778 0.887932           0
0.078553 0.108068           0
0.809631 0.806911           1
0.463872 0.061006           0
0.062808 0.099724           0
1.000000 0.988905           1
1.000000 0.992883           1
1.000000 0.987314           1
0.385712 0.047533           0
1.000000 0.982286           1
0.409842 0.410861           0
0.734768 0.734306           1
0.074129 0.105631           0
1.000000 0.958762           1
0.718674 0.718383           0
1.000000 0.995329           1
1.000000 0.995099           1
1.000000 0.968114           1
0.511631 0.930692           1
1.000000 0.995931           1
0.391119 0.391250           0
0.604011 0.936620           1
0.237017 0.244346           0
0.416069 0.391073           1
1.000000 0.990414           1
0.003488 0.077538           0
0.560505 0.940971           1
1.000000 0.929587           0
0.852373 0.837528           1
1.000000 0.988555           1
0.981990 0.912617           1
1.000000 0.994788           1
1.000000 0.975773           1
0.673638 0.673834           1
0.857577 0.847531           0
0.241668 0.242638           0
0.000000 0.042891           0
1.000000 0.988889           1
1.000000 0.974750           1
0.510984 0.511175           0
0.440657 0.439350           1
0.547217 0.939168           0
0.765124 0.762748           0
0.611760 0.947395           1
0.000000 0.032973           0
0.479206 0.479146           0
0.917753 0.889300           1
0.457096 0.459641           0
0.415061 0.054435           0
0.000000 0.043325           0
1.000000 0.981822           1
0.677163 0.680351           0
1.000000 0.996569           1
1.000000 0.973553           1
0.000000 0.039805           0
0.908660 0.885677           1
1.000000 0.990708           1
1.000000 0.976425           1
0.000000 0.035243           0
0.471468 0.064036           0
1.000000 0.973904           1
1.000000 0.991065           1
1.000000 0.977455           1
1.000000 0.972027           1
0.615645 0.603432           1
0.000000 0.037326           0
0.097909 0.118299           0
1.000000 0.983363           1
1.000000 0.990448           1
1.000000 0.982017           1
1.000000 0.997060           1
1.000000 0.994498           1
1.000000 0.955849           1
1.000000 0.993381           1
1.000000 0.994980           1
1.000000 0.978915           1
0.031476 0.087400           0
0.639203 0.631101           0
0.940429 0.901278           1
1.000000 0.988819           1
0.031622 0.086875           0
0.782032 0.781830           1
0.446215 0.059430           0
0.000000 0.069665           0
0.714460 0.703991           0
0.811964 0.799247           1
0.000000 0.041949           0
0.000000 0.043191           0
0.235721 0.235638           0
0.576104 0.940735           1
1.000000 0.982293           1
0.066371 0.100723           0
0.907676 0.884128           1
1.000000 0.989492           1
0.358537 0.048685           0
1.000000 0.993822           1
0.423972 0.055956           0
0.745520 0.740888           0
0.010395 0.080333           0
1.000000 0.995572           1
0.000000 0.042745           0
1.000000 0.995503           1
0.558481 0.557854           0
0.000000 0.042577           0
0.001045 0.076671           0
0.740282 0.740424           0
0.959807 0.909511           1
0.046203 0.091754           0
0.171350 0.173011           0
0.476022 0.064888           0
0.554007 0.938510           1
1.000000 0.951025           1
1.000000 0.989656           1
1.000000 0.964177           1
0.107580 0.123169           0
1.000000 0.990160           1
0.000000 0.072541           0
0.154306 0.158802           0
0.055925 0.095714           0
0.164439 0.170795           0
0.000000 0.034796           0
0.000000 0.024952           0
0.000000 0.032560           0
1.000000 0.993867           1
0.606557 0.607871           0
1.000000 0.985260           1
0.007820 0.079444           0
0.000000 0.038607           0
1.000000 0.993314           1
1.000000 0.956732           1
0.981958 0.917323           1
0.108376 0.124053           0
0.761681 0.761798           1
0.401170 0.054279           0
1.000000 0.984703           1
0.000000 0.043118           0
0.114744 0.128245           0
1.000000 0.986201           1
0.819924 0.818450           1
1.000000 0.986985           1
0.217608 0.219478           1
0.091542 0.112301           0
0.818213 0.812432           1
0.221386 0.220474           1
0.714936 0.714464           0
0.199040 0.201933           1
0.015179 0.081300           1
0.560550 0.941506           1
0.342846 0.044980           0
1.000000 0.963275           1
0.363290 0.047733           0
0.515119 0.928694           1
0.062967 0.099183           0
1.000000 0.965423           1
1.000000 0.925325           1
0.123463 0.136848           0
0.097599 0.118951           0
1.000000 0.987806           1
0.074374 0.101817           0
0.433079 0.057594           0
0.007986 0.079185           0
0.883608 0.867757           1
1.000000 0.970770           1
1.000000 0.975659           1
1.000000 0.992183           1
1.000000 0.990385           1
0.363275 0.355128           0
0.543631 0.543223           1
0.037368 0.088401           0
0.000000 0.070051           0
0.463921 0.062488           0
0.220748 0.220467           0
0.028763 0.085781           0
0.073812 0.104180           0
1.000000 0.963552           1
1.000000 0.988830           1
0.034347 0.087723           0
1.000000 0.976521           1
0.056099 0.096734           0
1.000000 0.953339           1
1.000000 0.981879           1
0.453086 0.061126           0
0.265822 0.265647           0
0.194957 0.194093           1
1.000000 0.997249           1
0.460249 0.061854           0
0.968678 0.902024           0
0.442689 0.058998           0
0.002883 0.078029           1
1.000000 0.996803           1
0.560502 0.940336           1
1.000000 0.990651           1
0.741622 0.737523           1
0.000000 0.032681           0
0.017906 0.083194           0
0.623020 0.623281           1
0.000000 0.030471           0
1.000000 0.993333           1
0.373106 0.051003           0
0.144998 0.153259           0
1.000000 0.992039           1
1.000000 0.996845           1
0.040191 0.089739           0
0.753740 0.750519           1
1.000000 0.994886           1
1.000000 0.981349           1
1.000000 0.971855           1
1.000000 0.986492           1
0.000000 0.038552           0
0.000000 0.044573           0
0.815083 0.811823           0
1.000000 0.972726           0
1.000000 0.986292           1
0.528174 0.926776           1
0.110687 0.127321           0
1.000000 0.982459           1
1.000000 0.913287           1
0.593210 0.944407           1
0.576065 0.938501           1
0.000000 0.036013           0
0.005569 0.078193           0
1.000000 0.967363           1
0.000000 0.075859           0
1.000000 0.994625           1
0.445449 0.444892           0
0.420997 0.052303           0
0.198199 0.201270           0
0.444242 0.443457           1
1.000000 0.982927           1
1.000000 0.983768           1
0.678294 0.678451           1
0.031608 0.086653           0
0.000000 0.044151           0
1.000000 0.992257           1
0.000000 0.023810           0
1.000000 0.993270           1
1.000000 0.994437           1
1.000000 0.961977           0
1.000000 0.989405           1
1.000000 0.981038           0
0.439545 0.055075           0
0.943925 0.902368           0
0.193527 0.196709           0
0.543621 0.936564           1
1.000000 0.995306           1
1.000000 0.995574           1
1.000000 0.991087           1
1.000000 0.987407           1
0.097539 0.119100           0
0.129807 0.138779           1
1.000000 0.960784           1
0.159653 0.164368           0
0.037253 0.087479           0
0.511039 0.510848           0
1.000000 0.966945           1
0.000000 0.070056           0
0.775646 0.774860           0
1.000000 0.970929           1
0.840928 0.833794           0
0.729832 0.729656           1
0.000000 0.026062           0
0.426940 0.055861           0
0.534451 0.534526           0
1.000000 0.979150           0
0.560427 0.940255           1
0.124835 0.136909           0
0.126233 0.137033           0
0.000000 0.073165           0
0.950508 0.902077           0
1.000000 0.981864           1
0.141029 0.147982           0
1.000000 0.993300           1
0.000000 0.036867           0
1.000000 0.987238           1
0.040307 0.089346           0
1.000000 0.969427           1
0.350724 0.351133           0
1.000000 0.993945           1
0.947434 0.903693           1
0.123939 0.135672           0
0.838465 0.833352           0
1.000000 0.993687           1
0.131157 0.140215           0
0.000000 0.076616           0
1.000000 0.993594           1
1.000000 0.989348           1
0.984250 0.910745           1
0.395977 0.053352           0
0.000000 0.028570           0
1.000000 0.950977           1
0.639745 0.637686           1
0.102700 0.120948           0
1.000000 0.952176           1
0.000000 0.046210           0
0.484398 0.459274           0
0.056027 0.096578           0
1.000000 0.959983           1
1.000000 0.993590           0
0.543324 0.936146           1
1.000000 0.979682           1
0.023522 0.083974           0
0.193282 0.198659           1
0.252930 0.252399           0
0.000000 0.071011           0
0.478396 0.479179           0
1.000000 0.960240           1
1.000000 0.980954           1
1.000000 0.954125           1
0.000000 0.040320           0
0.276049 0.276121           0
0.000000 0.037573           0
0.000000 0.073088           0
0.484143 0.066129           0
0.675671 0.666465           1
1.000000 0.995655           1
0.091588 0.114063           0
0.425687 0.421835           1
0.577346 0.576674           1
0.658059 0.950754           1
0.034430 0.087859           0
1.000000 0.956475           1
0.595986 0.944787           1
0.000000 0.043160           0
1.000000 0.982731           1
0.000000 0.034898           0
1.000000 0.994598           1
0.968361 0.913052           1
0.177473 0.178223           0
0.231437 0.231239           0
1.000000 0.993934           1
0.000000 0.037329           0
1.000000 0.984198           1
0.723957 0.715882           1
0.929733 0.897197           0
0.512214 0.511035           0
0.385680 0.050867           0
0.178706 0.180820           0
0.722717 0.722730           1
1.000000 0.994680           1
0.265890 0.267236           0
1.000000 0.970281           1
0.225734 0.225940           0
0.091322 0.113428           0
0.188516 0.191653           0
1.000000 0.966372           1
0.623648 0.618980           1
0.070082 0.102010           0
1.000000 0.983425           1
0.000000 0.030264           0
0.000000 0.034003           0
1.000000 0.996310           1
1.000000 0.960825           1
0.282690 0.282285           1
0.471902 0.063929           0
1.000000 0.975272           1
1.000000 0.979521           1
0.397326 0.384927           0
0.260117 0.259710           0
0.055854 0.096458           0
0.173782 0.175170           0
0.756879 0.755873           0
0.000000 0.032139           0
0.074269 0.105859           0
1.000000 0.980471           1
1.000000 0.977874           1
1.000000 0.987870           1
0.097628 0.116798           0
1.000000 0.991153           1
0.766221 0.763629           0
1.000000 0.991444           1
0.913463 0.886946           1
0.442719 0.057632           0
0.200080 0.204057           0
0.211072 0.207709           1
0.744859 0.740980           1
0.641503 0.947841           1
1.000000 0.983108           1
1.000000 0.988467           1
0.198699 0.203188           0
0.580185 0.571808           1
1.000000 0.991424           1
0.156936 0.163076           0
0.000000 0.073531           0
0.000000 0.045141           0
0.000000 0.038208           0
0.000000 0.035505           0
0.417900 0.055925           0
1.000000 0.988332           1
0.040348 0.089160           0
1.000000 0.996129           1
0.416241 0.416048           0
1.000000 0.990517           1
0.028548 0.086531           0
0.868880 0.857613           1
1.000000 0.990930           1
1.000000 0.927213           1
0.846089 0.840794           0
0.000000 0.031344           0
1.000000 0.927424           1
1.000000 0.975402           1
1.000000 0.974839           1
0.576393 0.572536           1
0.538524 0.538662           0
1.000000 0.992281           1
0.000000 0.074491           0
0.875999 0.862636           0
0.000000 0.072036           0
0.363110 0.050359           0
0.000000 0.040895           0
1.000000 0.977457           1
1.000000 0.929860           1
0.743343 0.743162           0
0.416577 0.417242           0
0.363296 0.050131           0
1.000000 0.989412           1
0.163329 0.168547           0
0.962785 0.907374           1
0.464071 0.063090           0
0.144980 0.152514           0
1.000000 0.963065           1
1.000000 0.990994           1
1.000000 0.950992           0
0.000000 0.043071           0
0.524433 0.524179           1
1.000000 0.979115           1
0.070410 0.102370           0
1.000000 0.990169           1
0.393401 0.052960           0
0.000000 0.040743           0
1.000000 0.986049           1
1.000000 0.996879           1
1.000000 0.924794           1
0.109250 0.125236           0
0.471250 0.063297           0
1.000000 0.989803           0
0.000000 0.070161           0
0.606048 0.581644           0
0.000000 0.039455           0
0.000000 0.068800           0
1.000000 0.978743           1
1.000000 0.994171           1
0.023289 0.083737           0
1.000000 0.974189           1
0.358293 0.046018           0
1.000000 0.994109           1
0.225907 0.225702           0
0.315938 0.314743           1
1.000000 0.980196           1
0.121619 0.133059           0
1.000000 0.992860           1
1.000000 0.927801           1
0.867755 0.845913           0
0.655514 0.951199           1
1.000000 0.986478           1
1.000000 0.994949           1
0.141227 0.149798           0
0.640305 0.653842           1
0.162255 0.167759           1
1.000000 0.997019           1
0.000000 0.029675           0
0.607534 0.609139           0
1.000000 0.990672           1
0.062882 0.098862           0
1.000000 0.973113           1
0.272367 0.271698           0
0.000000 0.033013           0
0.808409 0.805399           1
1.000000 0.989588           1
1.000000 0.994944           1
1.000000 0.963583           1
1.000000 0.995521           1
1.000000 0.987616           1
0.375303 0.050571           0
1.000000 0.995431           1
0.000000 0.028014           0
1.000000 0.995683           1
0.464057 0.062631           0
0.020352 0.083239           0
0.000000 0.030412           0
0.460306 0.061803           0
1.000000 0.957191           1
1.000000 0.990798           1
1.000000 0.993689           1
1.000000 0.986688           1
0.000000 0.041919           0
0.412295 0.055353           0
1.000000 0.985255           1
1.000000 0.994892           1
0.563707 0.939087           1
1.000000 0.990849           1
0.073996 0.103167           0
0.000000 0.074655           0
0.000000 0.033895           0
0.063084 0.099143           0
0.691002 0.689172           0
0.745657 0.745068           0
0.420914 0.056399           0
1.000000 0.994422           1
1.000000 0.979980           1
1.000000 0.985725           1
0.370583 0.049915           0
0.488978 0.067568           0
0.409654 0.053843           0
0.430032 0.057439           0
0.189963 0.193468           0
1.000000 0.981392           1
0.665135 0.665225           0
0.705398 0.703077           1
1.000000 0.988811           1
1.000000 0.988191           1
1.000000 0.995934           1
1.000000 0.965744           1
0.000000 0.041694           0
0.307013 0.308531           0
1.000000 0.959251           1
0.293949 0.293923           0
1.000000 0.991036           1
0.000000 0.047868           0
0.144952 0.151941           0
0.731749 0.731847           0
1.000000 0.953283           1
1.000000 0.994008           1
0.163767 0.168816           1
0.845562 0.840733           1
1.000000 0.965785           1
1.000000 0.980816           1
1.000000 0.994136           1
1.000000 0.996135           1
1.000000 0.955205           1
0.000000 0.029119           0
1.000000 0.994878           1
0.897720 0.878894           1
0.261442 0.261473           1
1.000000 0.993074           1
0.000000 0.040566           0
1.000000 0.968330           1
0.000000 0.035342           0
0.070429 0.103132           0
1.000000 0.994687           1
1.000000 0.994259           1
0.000000 0.034288           0
1.000000 0.970065           1
1.000000 0.995946           1
0.117773 0.133116           0
0.007758 0.079248           0
1.000000 0.993663           1
0.511342 0.932844           1
0.097721 0.118117           0
0.609699 0.946804           1
0.666431 0.668436           1
0.104093 0.123362           0
0.153498 0.151836           0
0.810461 0.790645           1
1.000000 0.996895           1
0.409495 0.055253           0
0.103192 0.122500           0
0.882248 0.866416           1
1.000000 0.957989           1
0.109233 0.125478           0
0.387791 0.052269           0
1.000000 0.990027           1
0.456368 0.061271           0
0.643296 0.643133           0
1.000000 0.954104           1
1.000000 0.991934           1
1.000000 0.996055           1
0.059443 0.095619           0
0.282799 0.269030           0
0.176364 0.180237           0
0.406940 0.054534           0
0.037103 0.089028           0
0.811530 0.806414           0
1.000000 0.980236           1
0.866134 0.855554           1
0.143761 0.151175           0
0.008012 0.079550           1
0.426585 0.426426           0
0.385508 0.052266           0
1.000000 0.931821           1
0.148478 0.156231           0
0.940569 0.899480           1
0.817785 0.814981           1
1.000000 0.981799           1
0.825202 0.820627           0
0.429982 0.056529           0
0.705190 0.705255           0
1.000000 0.991437           1
0.101762 0.114693           0
1.000000 0.985378           1
0.921331 0.891577           1
1.000000 0.991443           1
0.000000 0.045065           0
0.000852 0.074495           0
0.000000 0.041706           0
1.000000 0.984330           1
1.000000 0.976529           1
0.883746 0.868880           1
0.000000 0.024053           0
1.000000 0.964466           1
0.115076 0.128813           0
0.000000 0.073323           0
0.000000 0.041910           0
0.296890 0.285440           0
1.000000 0.988771           1
1.000000 0.995095           1
0.000000 0.042225           0
1.000000 0.994159           1
0.641521 0.947758           1
0.698845 0.697257           1
1.000000 0.955178           1
0.000000 0.041598           0
0.351095 0.046422           0
0.606798 0.945191           1
0.878325 0.864000           1
0.974016 0.914805           1
1.000000 0.992178           1
0.475646 0.064147           0
0.142708 0.150004           1
1.000000 0.987873           1
0.882080 0.866533           1
1.000000 0.958354           1
0.976383 0.916252           1
1.000000 0.960064           1
0.460180 0.061813           0
0.771950 0.772171           0
1.000000 0.994759           1
0.037174 0.088788           0
0.181758 0.184270           0
0.118049 0.133431           0
1.000000 0.974840           1
0.557259 0.935780           1
0.912371 0.886383           0
0.356514 0.362226           0
0.698913 0.699043           1
1.000000 0.987563           1
1.000000 0.985688           0
1.000000 0.990227           1
0.188655 0.192381           0
1.000000 0.986431           1
0.000000 0.033430           0
0.000000 0.039747           0
0.199660 0.202443           0
1.000000 0.996600           1
1.000000 0.971661           1
1.000000 0.989167           1
0.078689 0.108170           0
0.124907 0.136776           0
0.393259 0.052513           0
0.442788 0.059018           0
1.000000 0.970525           1
1.000000 0.985780           1
0.751363 0.748740           1
1.000000 0.990850           1
0.412368 0.055265           0
0.264967 0.265678           0
1.000000 0.991477           1
1.000000 0.969687           1
1.000000 0.993092           1
0.864931 0.853666           1
1.000000 0.985367           1
1.000000 0.994768           1
1.000000 0.968945           1
1.000000 0.996098           1
0.000000 0.071978           0
1.000000 0.974350           1
1.000000 0.977075           0
0.350874 0.350608           0
0.971349 0.914133           1
0.936963 0.890206           1
0.536263 0.937177           1
0.921284 0.892511           1
0.073845 0.104034           0
0.560596 0.940869           1
0.070329 0.103237           0
1.000000 0.992248           1
0.828085 0.823285           0
0.917242 0.888707           1
1.000000 0.981637           1
0.130126 0.140618           0
0.000000 0.041966           0
0.646310 0.646372           1
0.606615 0.939405           1
0.141005 0.148817           0
1.000000 0.980016           1
0.052741 0.094976           0
0.520208 0.934381           0
1.000000 0.990162           1
1.000000 0.996897           1
0.092678 0.115329           0
0.000000 0.023924           0
0.488540 0.066535           0
1.000000 0.974829           1
1.000000 0.986993           1
1.000000 0.994809           1
0.155955 0.160172           1
1.000000 0.993175           1
1.000000 0.978490           1
0.703838 0.703104           1
0.116982 0.131515           0
1.000000 0.985706           1
1.000000 0.971074           1
0.999416 0.919596           1
1.000000 0.981972           1
1.000000 0.996084           1
0.000000 0.072889           0
0.385173 0.052107           0
0.125716 0.138604           0
0.429929 0.430577           0
1.000000 0.988060           1
0.840755 0.833446           1
1.000000 0.986934           1
0.706027 0.702362           1
0.433140 0.057927           0
0.393061 0.053094           0
0.837385 0.832071           1
0.098301 0.119026           0
0.082198 0.109128           0
1.000000 0.989763           1
1.000000 0.959234           1
0.000000 0.034250           0
0.171926 0.174493           0
0.843546 0.838711           1
1.000000 0.989030           1
0.375367 0.047338           0
0.055920 0.096163           0
0.102360 0.120537           0
1.000000 0.996612           1
0.000000 0.074784           0
0.247995 0.247645           0
0.000000 0.038398           0
0.818349 0.815254           1
0.475396 0.064645           0
0.102238 0.121256           0
0.055977 0.097176           0
0.655245 0.946437           1
0.082775 0.108968           0
0.000000 0.043380           0
1.000000 0.994941           1
0.753728 0.753042           1
0.519827 0.927427           1
0.000000 0.041052           0
1.000000 0.990371           1
1.000000 0.963315           1
0.704975 0.665236           0
0.148265 0.155833           0
0.929959 0.893928           1
0.540364 0.536645           0
0.297485 0.248964           0
0.518454 0.518339           0
0.436344 0.058337           0
0.578941 0.935523           1
0.587767 0.941333           1
0.467464 0.063327           0
0.639293 0.947549           1
0.000000 0.070040           0
1.000000 0.996595           1
0.950616 0.906369           1
0.163238 0.165858           1
0.000000 0.040862           0
0.156785 0.161428           1
0.357981 0.358170           1
0.037302 0.086286           0
1.000000 0.989132           1
0.865125 0.853071           1
1.000000 0.980117           1
0.851766 0.836620           1
0.885950 0.870119           1
1.000000 0.964586           1
1.000000 0.957068           1
0.668420 0.668246           1
0.420094 0.420272           0
0.115273 0.129694           0
0.000000 0.032353           0
0.015446 0.081946           0
0.000000 0.040455           0
0.401061 0.052945           0
1.000000 0.986074           1
0.653551 0.949508           1
0.807453 0.803998           0
0.000000 0.040850           0
1.000000 0.991042           1
1.000000 0.982621           1
0.693227 0.691351           0
0.000000 0.033799           0
1.000000 0.992787           1
0.722874 0.722688           1
0.303920 0.303973           1
1.000000 0.973013           1
0.515881 0.509806           0
1.000000 0.961349           1
0.236472 0.236012           0
0.463530 0.062620           0
0.270536 0.270100           0
0.000000 0.040024           0
0.796338 0.793590           1
1.000000 0.994010           1
1.000000 0.986914           1
0.177415 0.180336           1
1.000000 0.965990           1
0.040102 0.090609           0
0.073937 0.104535           0
0.000000 0.035314           0
0.243014 0.242949           0
0.389980 0.389873           0
0.000000 0.035034           0
1.000000 0.978549           1
1.000000 0.993939           1
0.803952 0.800672           1
0.162660 0.167564           0
1.000000 0.955056           1
0.456469 0.061534           0
1.000000 0.995264           1
1.000000 0.993635           1
1.000000 0.993055           1
0.184176 0.186436           0
1.000000 0.975608           1
1.000000 0.971327           1
0.626983 0.946695           1
0.000000 0.026390           0
0.124021 0.136165           0
0.663299 0.663385           0
0.875218 0.847019           0
0.037221 0.088028           0
0.000000 0.068828           0
0.296520 0.296563           1
0.338704 0.336394           0
1.000000 0.992809           1
0.999297 0.873269           1
1.000000 0.982484           1
0.866917 0.857014           1
0.000000 0.033875           0
1.000000 0.993967           1
0.043105 0.090879           0
0.376412 0.378284           0
0.020448 0.083476           0
0.627100 0.948151           1
1.000000 0.988400           1
0.343045 0.336013           0
0.096323 0.117353           0
0.078182 0.106381           0
0.043257 0.090173           0
0.726057 0.726037           1
0.000000 0.031089           0
0.925413 0.893042           1
0.040311 0.089169           1
0.484597 0.066232           0
1.000000 0.971935           1
1.000000 0.995082           1
0.091451 0.112746           1
0.925448 0.893982           1
0.211625 0.209326           0
1.000000 0.995337           1
0.000000 0.030550           0
1.000000 0.996133           1
1.000000 0.972848           1
0.200232 0.203056           1
1.000000 0.987319           1
0.707625 0.702825           1
0.000000 0.075285           0
0.056051 0.096370           0
0.489102 0.066680           0
0.010126 0.080181           0
0.595870 0.945589           1
0.974115 0.911874           1
0.854630 0.844817           1
0.396090 0.053395           0
0.124208 0.136602           0
1.000000 0.996039           1
1.000000 0.993956           1
0.102607 0.120475           0
0.736845 0.736776           0
0.066390 0.101388           0
0.164027 0.169259           0
0.799015 0.796166           0
0.913276 0.887400           1
0.187484 0.190499           0
0.484618 0.066698           0
0.655491 0.951182           1
1.000000 0.966484           1
0.219249 0.219193           0
0.429930 0.057218           0
1.000000 0.977117           1
1.000000 0.992376           1
0.863466 0.853117           1
0.442697 0.058706           0
1.000000 0.962315           1
0.709074 0.708893           0
0.812997 0.808789           0
1.000000 0.996416           1
0.000000 0.020438           0
1.000000 0.987557           1
0.875979 0.878983           1
0.882904 0.868422           1
1.000000 0.950355           1
1.000000 0.981044           0
1.000000 0.995406           1
1.000000 0.994741           1
0.000000 0.034577           0
1.000000 0.990640           1
1.000000 0.973059           1
0.815553 0.808785           1
1.000000 0.990952           1
0.000000 0.030186           0
0.136112 0.147540           0
0.000000 0.030207           0
0.446105 0.058981           0
1.000000 0.977790           0
0.364667 0.371058           0
1.000000 0.991840           1
1.000000 0.983561           1
0.777296 0.776162           0
1.000000 0.994394           1
0.000000 0.030899           0
0.784822 0.784898           1
0.000000 0.024854           0
1.000000 0.982508           1
0.579069 0.577095           1
0.000000 0.070803           0
0.452933 0.060680           0
0.231430 0.233126           0
0.322688 0.323399           0
1.000000 0.929588           1
1.000000 0.993438           1
1.000000 0.985258           1
0.595877 0.939575           1
0.722470 0.721659           1
0.760416 0.758269           0
0.351364 0.045911           0
0.775077 0.772185           0
0.548309 0.548154           1
1.000000 0.967856           1
1.000000 0.995254           1
1.000000 0.986874           1
1.000000 0.980329           1
1.000000 0.952728           1
0.896860 0.877512           0
0.655924 0.656078           1
0.000000 0.043690           0
1.000000 0.993265           1
0.034435 0.087898           0
0.840711 0.835702           1
0.373092 0.047707           0
0.303395 0.303073           0
1.000000 0.979289           1
0.087014 0.111758           1
1.000000 0.976327           1
1.000000 0.968886           1
0.363340 0.049971           0
0.129852 0.139166           0
0.756401 0.756469           0
0.432250 0.432538           0
0.553848 0.531031           0
0.037326 0.088148           0
0.153476 0.159906           0
1.000000 0.929032           1
1.000000 0.996974           1
0.049445 0.087538           0
0.052716 0.094805           0
1.000000 0.982308           1
0.132234 0.142674           0
1.000000 0.972333           1
1.000000 0.976772           1
0.390662 0.053114           1
0.266752 0.266796           0
1.000000 0.974401           1
1.000000 0.989374           1
1.000000 0.987545           1
1.000000 0.987781           1
0.098167 0.120187           0
1.000000 0.965921           1
0.187702 0.190735           0
1.000000 0.982688           1
0.000000 0.032950           0
1.000000 0.986435           1
0.463628 0.061982           0
1.000000 0.979669           1
0.000000 0.043943           0
0.426942 0.056652           0
0.412083 0.055122           0
0.989434 0.918212           1
1.000000 0.993431           1
0.648398 0.949620           1
1.000000 0.923309           1
1.000000 0.995310           1
1.000000 0.981849           1
0.000000 0.037486           0
0.890764 0.858708           0
0.916898 0.889795           1
0.239714 0.239495           0
0.129910 0.135656           0
1.000000 0.994956           1
0.034553 0.087209           0
1.000000 0.964461           0
0.713267 0.706698           1
1.000000 0.962126           1
1.000000 0.986228           1
0.530713 0.529056           0
1.000000 0.995641           1
0.091776 0.114518           0
0.367180 0.367183           0
0.892107 0.875966           1
0.383307 0.051540           0
0.163158 0.169735           0
0.825176 0.821031           1
0.008007 0.079290           0
0.979080 0.916817           1
0.122924 0.134673           1
0.000000 0.069376           0
0.471764 0.064205           0
0.000000 0.034440           0
0.875506 0.863040           1
0.442675 0.059152           0
0.933675 0.897178           1
1.000000 0.995902           1
0.708476 0.703748           1
0.040269 0.090174           0
0.187446 0.189968           0
0.365904 0.049977           0
0.439409 0.058370           0
0.000000 0.041375           0
0.037263 0.088672           0
1.000000 0.996439           1
0.433197 0.057824           0
0.820892 0.818067           1
0.686136 0.685866           0
1.000000 0.997781           1
0.124183 0.136030           0
0.059328 0.097148           0
1.000000 0.954401           1
0.000777 0.076986           0
0.212217 0.212812           0
1.000000 0.991183           1
0.301359 0.301451           1
0.563815 0.941810           1
0.025848 0.085605           0
1.000000 0.991888           1
0.717634 0.716508           0
0.066631 0.101900           0
0.116824 0.127143           0
0.165487 0.169937           1
0.354023 0.045238           0
0.000000 0.035041           0
1.000000 0.963428           1
0.815602 0.811871           0
1.000000 0.993962           1
0.398439 0.053924           0
1.000000 0.970665           1
1.000000 0.982707           1
0.122908 0.134753           0
0.827246 0.823613           1
0.902301 0.880241           1
0.940649 0.901524           1
1.000000 0.991001           1
0.986832 0.918221           1
1.000000 0.989957           0
0.107807 0.121384           0
0.186041 0.189729           0
0.442782 0.056597           0
0.091945 0.114380           0
0.912975 0.888664           1
1.000000 0.991933           1
0.810271 0.804432           1
1.000000 0.993964           1
1.000000 0.991172           1
0.179441 0.181652           0
0.000000 0.024424           0
0.544741 0.544981           0
0.000378 0.075390           0
1.000000 0.995186           1
1.000000 0.955817           1
1.000000 0.972758           1
1.000000 0.985672           1
0.947338 0.903400           0
0.000000 0.074963           0
0.020879 0.082361           0
1.000000 0.958289           1
1.000000 0.993412           1
1.000000 0.975689           1
0.854793 0.847420           1
0.719925 0.706606           0
0.478880 0.479050           0
0.351616 0.049106           0
0.440086 0.437553           0
0.040378 0.089786           0
0.943970 0.902240           1
0.968699 0.903647           0
0.903018 0.876908           0
1.000000 0.995674           1
1.000000 0.989899           1
0.172482 0.174726           0
0.835034 0.820225           1
1.000000 0.987329           1
0.746937 0.745797           0
0.362992 0.050070           0
0.654518 0.654112           0
0.604376 0.946049           1
1.000000 0.962185           1
1.000000 0.987046           1
0.086841 0.112599           0
1.000000 0.992377           1
1.000000 0.993328           1
0.406830 0.054145           0
0.000000 0.075228           0
1.000000 0.976838           1
1.000000 0.981960           1
0.436336 0.056861           0
1.000000 0.979992           1
0.110507 0.127220           0
0.216479 0.216112           0
1.000000 0.992109           1
0.000000 0.042391           0
0.368412 0.046961           0
1.000000 0.972378           1
1.000000 0.986754           0
0.154871 0.159743           0
0.475536 0.477102           0
1.000000 0.994280           1
0.000000 0.035237           0
0.000000 0.070422           0
0.996666 0.921696           1
0.416396 0.420147           0
0.971057 0.914166           1
0.926194 0.889986           0
0.000000 0.036014           0
0.700531 0.700710           1
0.197618 0.200557           1
1.000000 0.963926           0
0.000000 0.074210           0
0.213641 0.210357           1
0.056125 0.097160           0
0.841138 0.834656           1
0.000000 0.027405           0
0.145840 0.153815           0
0.865347 0.852630           1
0.130023 0.137715           0
0.821820 0.810396           1
0.686069 0.677055           0
1.000000 0.983468           1
0.141193 0.148152           0
0.000000 0.037122           0
0.000514 0.077013           0
0.096956 0.116555           0
0.540124 0.540312           1
1.000000 0.992453           1
1.000000 0.994025           1
0.806151 0.801251           0
1.000000 0.962049           1
1.000000 0.952832           1
0.324688 0.324536           0
1.000000 0.995559           1
0.775227 0.775433           0
1.000000 0.965039           1
0.017942 0.082100           0
0.853343 0.844562           1
1.000000 0.994622           1
0.577383 0.581242           1
1.000000 0.990919           1
1.000000 0.952824           1
1.000000 0.991773           1
1.000000 0.982431           1
0.000000 0.044257           0
0.907029 0.867747           1
0.324654 0.326648           0
1.000000 0.996960           1
0.912024 0.886869           0
0.411687 0.411556           0
0.989358 0.915351           1
0.933628 0.896589           1
1.000000 0.931603           1
0.876628 0.860691           1
0.853437 0.843497           1
0.161268 0.164752           0
1.000000 0.928758           1
0.947267 0.905220           1
1.000000 0.993758           1
0.406754 0.050291           0
1.000000 0.989321           1
0.353666 0.049359           0
1.000000 0.989786           1
1.000000 0.993886           1
1.000000 0.994041           1
0.573045 0.941025           0
1.000000 0.985280           1
0.632119 0.632008           1
0.358339 0.046093           0
1.000000 0.974804           1
1.000000 0.993556           1
0.401441 0.052746           0
0.563702 0.937587           1
0.937271 0.899507           0
0.000000 0.033147           0
0.049362 0.094544           0
0.062717 0.098266           0
1.000000 0.996033           1
1.000000 0.987073           1
0.770495 0.770744           1
0.475661 0.062407           0
0.062954 0.098492           0
1.000000 0.918280           1
0.470194 0.470439           0
0.046370 0.091300           0
0.031801 0.084996           0
0.675392 0.675295           1
0.902739 0.879208           1
0.097937 0.116870           1
1.000000 0.961297           1
0.757017 0.746112           1
0.965668 0.910259           1
0.446474 0.447982           1
0.332805 0.315872           1
1.000000 0.993644           1
0.163376 0.168541           0
0.479949 0.065114           0
0.000000 0.044220           0
1.000000 0.997378           1
1.000000 0.960708           1
0.841896 0.836799           1
0.043155 0.090542           0
0.569428 0.569291           1
0.132005 0.142049           1
0.424146 0.416146           1
0.183879 0.185059           1
0.639486 0.639126           0
1.000000 0.987318           1
0.000000 0.035004           0
0.826827 0.823966           1
0.018011 0.082815           0
0.145996 0.153421           0
1.000000 0.993462           1
0.657661 0.654192           0
1.000000 0.955759           1
0.430095 0.057713           0
1.000000 0.983731           1
0.034259 0.087973           0
0.514035 0.508536           0
0.349857 0.350006           1
0.257968 0.261210           1
1.000000 0.978237           1
0.000000 0.043756           0
0.438271 0.440273           1
0.059209 0.097328           0
0.082853 0.110448           0
1.000000 0.979971           0
0.000000 0.072070           0
0.757756 0.757344           1
1.000000 0.995166           1
0.842626 0.834396           1
0.000000 0.072550           0
0.863519 0.853074           1
0.000000 0.041876           0
0.254025 0.254035           0
1.000000 0.983150           1
0.471884 0.062005           0
1.000000 0.968586           1
0.845728 0.840419           0
1.000000 0.977195           1
0.457874 0.456847           1
0.158390 0.164259           0
0.000000 0.025272           0
0.158948 0.163677           0
1.000000 0.970571           1
1.000000 0.976227           1
1.000000 0.977808           1
1.000000 0.996691           1
0.523949 0.934748           1
0.000000 0.040019           0
0.173218 0.176194           0
0.886011 0.870811           1
0.401155 0.053831           0
0.639223 0.634776           0
0.066548 0.101958           0
0.477968 0.477002           0
0.012827 0.080914           0
1.000000 0.993626           1
0.000000 0.071937           0
0.000000 0.024655           0
0.405241 0.405050           0
0.000000 0.040650           0
0.442684 0.058834           0
0.856770 0.848769           0
0.000000 0.045331           0
0.821882 0.818935           1
0.553943 0.940217           1
1.000000 0.983228           1
0.025905 0.085028           0
1.000000 0.982674           1
0.650714 0.950878           1
1.000000 0.989443           1
0.000000 0.043133           0
0.645775 0.946816           1
0.230617 0.229685           0
1.000000 0.985275           1
0.000000 0.047165           0
1.000000 0.980923           1
1.000000 0.963482           1
0.131580 0.142190           0
0.082516 0.109815           0
1.000000 0.996285           1
0.912761 0.878387           0
0.249777 0.246575           0
1.000000 0.960883           1
0.000000 0.030316           0
0.422341 0.419197           0
1.000000 0.997161           1
1.000000 0.993001           1
0.823221 0.819401           1
1.000000 0.992744           1
0.059358 0.097929           0
0.010231 0.080251           0
0.000000 0.047364           0
0.846518 0.841672           1
1.000000 0.995412           1
1.000000 0.992795           1
1.000000 0.991756           1
1.000000 0.952433           1
0.097786 0.118370           1
1.000000 0.952778           1
0.143776 0.152719           0
0.140338 0.147855           0
0.286456 0.292568           0
0.883761 0.866710           0
0.401172 0.054155           0
0.670869 0.669035           1
0.846257 0.830048           0
1.000000 0.989994           1
0.994273 0.918286           1
0.821604 0.818966           0
1.000000 0.980367           1
1.000000 0.991422           1
1.000000 0.990070           1
0.842739 0.837626           1
0.859046 0.848403           1
0.430004 0.057236           1
1.000000 0.996062           1
1.000000 0.995463           1
1.000000 0.987585           1
1.000000 0.975014           1
0.000000 0.046006           0
1.000000 0.995508           1
0.811545 0.808286           1
0.989793 0.917377           1
0.092117 0.114324           0
0.256660 0.256671           1
1.000000 0.994563           1
0.185963 0.183392           0
1.000000 0.995190           1
0.026249 0.084904           0
0.407024 0.391825           0
0.000000 0.039503           0
0.630301 0.628186           0
0.644614 0.643773           0
0.467680 0.063284           0
0.178991 0.182606           0
1.000000 0.993519           1
0.000000 0.024721           0
0.372847 0.050530           0
1.000000 0.992006           1
0.771721 0.771410           0
0.225951 0.225293           0
1.000000 0.963837           1
1.000000 0.987354           1
0.398441 0.054258           0
0.070012 0.102594           0
1.000000 0.991220           1
1.000000 0.985777           1
1.000000 0.982952           1
1.000000 0.992049           1
0.620443 0.621892           0
1.000000 0.974888           1
1.000000 0.995263           1
1.000000 0.990551           1
0.926140 0.893722           1
0.000000 0.071028           0
0.000000 0.034397           0
0.244218 0.245701           0
1.000000 0.996776           1
0.810134 0.806316           1
0.433195 0.057952           0
0.730236 0.730301           1
0.136092 0.146613           0
0.404085 0.054216           0
0.903172 0.883009           1
0.224438 0.222392           0
0.174321 0.176686           0
0.576112 0.939902           1
1.000000 0.995088           1
1.000000 0.992552           1
0.000000 0.035655           0
0.087808 0.109829           1
0.463903 0.062294           0
1.000000 0.992050           1
1.000000 0.990609           1
1.000000 0.994050           1
0.353706 0.048390           0
0.495761 0.497260           0
0.114806 0.128279           1
0.237826 0.237498           0
0.412387 0.055296           0
1.000000 0.991807           1
0.000000 0.041312           0
1.000000 0.988060           1
1.000000 0.958519           1
1.000000 0.995227           1
1.000000 0.982769           1
1.000000 0.988987           1
0.844728 0.837847           1
0.629187 0.943435           1
1.000000 0.985295           1
1.000000 0.996971           1
0.714001 0.714044           0
1.000000 0.996736           1
0.426896 0.056913           1
0.142429 0.147848           1
1.000000 0.994591           1
0.953816 0.905480           1
0.601314 0.946411           1
0.245217 0.245065           0
0.693498 0.692880           0
1.000000 0.986756           1
0.741958 0.742772           1
1.000000 0.995197           1
0.429912 0.057554           0
0.109270 0.126153           0
1.000000 0.994568           1
1.000000 0.920002           1
1.000000 0.989227           1
1.000000 0.965253           1
0.557310 0.939385           0
0.632272 0.945758           1
0.187615 0.190052           1
0.342498 0.340727           0
1.000000 0.981783           1
0.365422 0.050170           0
0.000000 0.043431           0
0.418117 0.055247           0
0.638990 0.949408           1
0.640551 0.640277           1
0.493341 0.492464           0
1.000000 0.995892           1
0.201305 0.204112           0
0.803686 0.801054           0
0.449420 0.058145           0
0.463848 0.060897           0
0.181861 0.184674           0
0.215612 0.215774           0
0.000000 0.047031           0
0.903493 0.882145           1
0.108631 0.125371           0
1.000000 0.987392           1
0.010279 0.079859           0
1.000000 0.974068           1
0.576215 0.575954           0
0.355971 0.046511           0
0.000000 0.043035           0
0.426921 0.056774           0
0.370198 0.050388           0
0.785567 0.785708           0
1.000000 0.986411           1
1.000000 0.991225           1
0.430082 0.056927           0
0.837135 0.808337           0
0.406620 0.052921           0
0.000000 0.024554           0
0.688077 0.686494           0
0.965727 0.907520           0
0.000000 0.044193           0
1.000000 0.995305           1
0.146914 0.154768           0
0.102820 0.121082           0
0.000000 0.074867           0
0.295226 0.297012           0
1.000000 0.996867           1
0.370186 0.049942           0
1.000000 0.992027           1
0.000000 0.032228           0
0.055872 0.095167           1
1.000000 0.995989           1
0.226611 0.227702           0
1.000000 0.993291           1
0.334902 0.334700           0
1.000000 0.964061           1
1.000000 0.993122           1
0.037180 0.088469           0
1.000000 0.929926           1
0.000000 0.031831           0
0.864225 0.853580           1
0.726849 0.725334           0
0.200339 0.203642           0
0.220087 0.223861           0
0.417914 0.053363           0
1.000000 0.988160           1
0.000000 0.038988           0
0.066370 0.100782           0
0.000000 0.029167           0
0.000000 0.070385           0
0.131032 0.141033           0
1.000000 0.993841           1
0.882630 0.746588           1
0.937293 0.901080           0
0.097338 0.118621           0
0.619341 0.942224           1
0.864908 0.849666           0
0.566925 0.940708           0
0.000000 0.043293           0
0.627456 0.947913           0
1.000000 0.990410           1
1.000000 0.979051           1
1.000000 0.981890           1
0.000000 0.029617           0
1.000000 0.971452           1
0.418110 0.055657           0
1.000000 0.991224           1
0.743753 0.740931           1
1.000000 0.995891           1
1.000000 0.995416           1
0.028930 0.084939           0
1.000000 0.986622           0
1.000000 0.974704           1
0.002694 0.078068           0
0.854471 0.846068           0
0.423869 0.052374           0
1.000000 0.994538           1
0.000000 0.070560           0
0.091753 0.115546           0
0.757367 0.758031           0
1.000000 0.994660           1
0.000000 0.074973           0
0.000000 0.028323           0
0.274531 0.271191           1
0.890915 0.874584           1
0.409622 0.053862           0
0.000000 0.070855           0
0.122678 0.134918           0
0.000000 0.076324           0
0.000000 0.042869           0
1.000000 0.996219           1
1.000000 0.989449           1
0.568787 0.565825           1
0.982187 0.916388           1
1.000000 0.976605           1
0.000000 0.037882           0
1.000000 0.979034           1
0.387421 0.386045           0
1.000000 0.995726           1
0.906922 0.882299           1
0.000000 0.071072           0
0.543590 0.936396           1
1.000000 0.991714           1
0.110521 0.126585           0
1.000000 0.994940           1
0.700911 0.700966           0
0.642244 0.622952           0
1.000000 0.994069           1
1.000000 0.988368           1
0.235881 0.235529           1
0.088087 0.113040           0
0.943968 0.903717           1
0.838578 0.833612           0
1.000000 0.977189           1
1.000000 0.976253           1
0.855849 0.844579           1
1.000000 0.997199           1
0.544335 0.546364           0
1.000000 0.988616           1
1.000000 0.925339           1
1.000000 0.991799           1
1.000000 0.927792           1
0.198222 0.201609           0
0.814032 0.811446           0
0.784614 0.782670           1
0.471744 0.471778           1
1.000000 0.993949           1
0.668448 0.669269           1
0.510253 0.512386           0
0.355642 0.355108           0
1.000000 0.995599           1
0.082859 0.109409           0
1.000000 0.991052           1
0.000000 0.037476           0
0.078588 0.108151           0
1.000000 0.926315           1
1.000000 0.994175           1
1.000000 0.992287           1
0.959758 0.905491           1
0.052736 0.095349           1
0.488432 0.066251           0
0.000000 0.046115           0
0.281099 0.280396           0
1.000000 0.994108           1
0.382791 0.048990           0
0.460173 0.062105           0
1.000000 0.994042           1
0.471366 0.063565           0
0.331248 0.330946           0
0.087653 0.112629           1
0.346970 0.045772           0
0.442677 0.055351           0
0.512566 0.511070           0
0.191657 0.194442           0
1.000000 0.966302           1
0.449540 0.060659           0
0.808178 0.800524           0
1.000000 0.978959           1
0.244569 0.244550           0
0.353519 0.048915           0
1.000000 0.992982           1
0.452765 0.059943           0
1.000000 0.982927           1
0.197870 0.203000           0
0.000000 0.040879           0
0.222982 0.222390           0
0.401257 0.053967           0
0.000000 0.070640           1
0.913093 0.887367           1
0.063029 0.102499           0
1.000000 0.975142           1
1.000000 0.990870           1
0.000000 0.040603           0
0.000000 0.037473           0
0.449251 0.059904           0
1.000000 0.995409           1
0.651950 0.639762           1
0.153922 0.158991           0
0.000000 0.033180           0
0.000000 0.071208           0
1.000000 0.986770           1
1.000000 0.996427           1
0.000000 0.042502           0
1.000000 0.988052           1
0.979124 0.920541           0
0.000000 0.030827           0
1.000000 0.981924           1
1.000000 0.989501           1
0.626094 0.626308           0
0.574266 0.570354           0
0.689994 0.690050           0
0.000000 0.025027           0
0.216139 0.207279           1
0.000000 0.041942           0
1.000000 0.964092           1
1.000000 0.993421           1
0.000000 0.076461           0
0.594404 0.593088           1
1.000000 0.994137           1
0.358639 0.046518           0
1.000000 0.989354           1
1.000000 0.991797           1
1.000000 0.966362           1
1.000000 0.971147           1
1.000000 0.980622           1
0.000000 0.068259           0
1.000000 0.978811           1
0.000000 0.074486           0
1.000000 0.996000           1
1.000000 0.993440           1
1.000000 0.982667           1
0.000000 0.039975           0
0.000000 0.043969           0
0.197506 0.200255           0
0.107977 0.126459           0
0.947246 0.901034           1
1.000000 0.919542           1
0.023509 0.083235           0
0.107740 0.123546           0
0.000000 0.067589           0
0.132314 0.142479           0
0.146133 0.154890           0
0.179156 0.181385           0
1.000000 0.996690           1
1.000000 0.989554           1
1.000000 0.976067           1
1.000000 0.976677           1
0.678181 0.678265           0
0.197657 0.200399           0
1.000000 0.987772           1
0.616815 0.944842           1
1.000000 0.990984           1
1.000000 0.993789           1
0.363118 0.050116           0
1.000000 0.994158           1
0.091426 0.113255           0
0.449471 0.060504           0
1.000000 0.986211           1
1.000000 0.988056           1
1.000000 0.924476           1
0.453044 0.060937           0
1.000000 0.979603           1
1.000000 0.993046           1
1.000000 0.996146           1
1.000000 0.996297           1
0.000000 0.067767           0
0.456578 0.060559           0
0.066564 0.101845           0
0.000000 0.070493           0
0.110097 0.127151           0
0.209907 0.208635           0
0.712845 0.705040           0
1.000000 0.990020           1
0.000000 0.039326           0
0.763690 0.763857           1
1.000000 0.967198           1
0.989422 0.909449           1
0.176686 0.178966           0
1.000000 0.993925           1
0.452699 0.060572           0
0.971244 0.913949           1
0.444764 0.444979           1
1.000000 0.970756           1
1.000000 0.987963           1
1.000000 0.988915           1
1.000000 0.987528           1
1.000000 0.953277           1
1.000000 0.996550           1
0.730983 0.730451           1
0.000000 0.039842           0
0.086791 0.111025           1
1.000000 0.990351           1
1.000000 0.977016           1
0.000000 0.031005           0
0.566885 0.938607           0
0.968585 0.907867           1
1.000000 0.995082           1
0.666062 0.658095           1
1.000000 0.983768           1
0.677226 0.669671           1
0.824690 0.819403           1
0.000000 0.027944           0
1.000000 0.991881           1
0.685997 0.685264           0
0.776810 0.776485           0
0.594833 0.594350           1
0.944018 0.903742           1
1.000000 0.996858           1
0.125113 0.137120           0
0.629800 0.947730           1
1.000000 0.979675           1
1.000000 0.994731           1
1.000000 0.991236           1
1.000000 0.978988           1
0.489402 0.489705           1
0.195425 0.198418           0
1.000000 0.985278           1
0.560475 0.941122           1
0.426994 0.056885           0
0.947370 0.904804           0
0.289824 0.289084           1
1.000000 0.994091           1
0.028845 0.085128           0
0.055969 0.096270           0
0.342248 0.048044           0
0.124722 0.136868           0
0.480482 0.065293           0
0.201470 0.206046           0
1.000000 0.993374           1
0.841853 0.833887           1
1.000000 0.988916           1
0.055965 0.096157           0
0.436344 0.058238           0
0.602970 0.593176           1
1.000000 0.995072           1
1.000000 0.982228           1
0.456690 0.061236           0
0.449409 0.060412           0
0.360584 0.048509           0
1.000000 0.919122           0
0.656296 0.654351           1
1.000000 0.971753           1
1.000000 0.952554           1
0.707890 0.703192           1
0.103793 0.112355           0
0.000000 0.034065           0
1.000000 0.994782           1
0.172702 0.175452           0
0.445980 0.059509           0
0.000000 0.041519           0
1.000000 0.964476           1
0.049474 0.092742           0
1.000000 0.992315           1
0.339851 0.342234           0
0.258634 0.260354           0
0.391298 0.390747           0
0.965654 0.911822           1
1.000000 0.988293           1
0.578869 0.943148           1
0.097067 0.117813           0
0.000000 0.026823           0
0.645514 0.644638           0
0.419507 0.419842           0
0.921140 0.891721           1
1.000000 0.980064           0
1.000000 0.983638           0
1.000000 0.976945           1
0.214124 0.216264           0
0.745056 0.745001           1
0.000000 0.076051           0
0.623632 0.624438           0
0.141827 0.144153           0
0.000000 0.024487           0
1.000000 0.995383           1
1.000000 0.994063           1
1.000000 0.931908           1
1.000000 0.975777           1
0.584937 0.941894           1
0.020426 0.083358           0
1.000000 0.990903           1
0.154174 0.160657           0
0.055991 0.096729           0
0.377623 0.050829           0
0.994602 0.921478           1
0.268676 0.268628           0
0.012691 0.081325           0
1.000000 0.961147           1
1.000000 0.984783           1
0.994719 0.915819           1
0.885511 0.870289           1
0.188014 0.189568           0
0.400839 0.400510           0
1.000000 0.990032           1
1.000000 0.990540           1
0.405650 0.399741           1
0.571372 0.572191           1
0.780797 0.771575           1
1.000000 0.982869           1
0.114833 0.129071           0
0.377932 0.051586           0
0.633493 0.625689           1
0.476169 0.065149           0
1.000000 0.995933           1
0.000000 0.041189           0
0.096489 0.116403           0
0.000000 0.027765           0
1.000000 0.986139           1
1.000000 0.995586           1
0.000000 0.068907           0
0.000000 0.074352           0
0.724201 0.722505           1
0.781343 0.781127           1
0.803251 0.799091           0
0.639032 0.948976           1
1.000000 0.989447           1
1.000000 0.971588           1
0.671454 0.671453           0
0.393173 0.052681           0
0.228170 0.227948           1
0.153210 0.157655           1
0.000000 0.041077           0
1.000000 0.992906           1
0.163805 0.171455           0
0.000000 0.041278           0
1.000000 0.994378           1
0.745672 0.744613           1
1.000000 0.995826           1
0.000000 0.027736           0
0.536340 0.933852           1
0.000000 0.023329           0
0.976525 0.912856           0
0.000000 0.029419           0
0.953707 0.903890           1
0.382952 0.047450           0
0.000000 0.040124           0
0.475626 0.064544           0
1.000000 0.994907           1
0.467542 0.062777           0
0.134327 0.143958           0
0.729933 0.729824           0
1.000000 0.982557           1
0.115223 0.130090           0
0.012621 0.081090           0
0.902683 0.881068           0
0.082620 0.109388           0
0.807089 0.802350           1
0.396033 0.053014           0
1.000000 0.963893           0
0.074632 0.106416           1
1.000000 0.990074           1
0.224085 0.224650           1
0.471410 0.063766           0
0.908711 0.885481           1
0.510240 0.509969           0
0.629389 0.948300           0
0.937213 0.890250           0
0.947435 0.905764           1
1.000000 0.989710           1
0.000000 0.029340           0
1.000000 0.991367           1
1.000000 0.955850           1
0.174873 0.177373           0
0.000000 0.030012           0
0.049438 0.093203           0
1.000000 0.994914           1
0.156679 0.161065           1
0.000000 0.038815           0
0.464101 0.060798           0
0.000000 0.071238           0
0.000000 0.020096           0
0.165234 0.167430           0
1.000000 0.995981           1
1.000000 0.996164           1
0.000000 0.076424           0
0.000000 0.068052           0
0.456551 0.061438           0
0.268479 0.237136           1
0.833345 0.813348           0
0.645854 0.949562           1
0.109992 0.127905           0
1.000000 0.995588           1
1.000000 0.983964           1
0.846663 0.839931           1
0.268504 0.269714           0
1.000000 0.974653           1
0.446064 0.059282           0
1.000000 0.980472           1
0.805030 0.802193           1
1.000000 0.992012           1
1.000000 0.993978           1
0.661963 0.662579           0
1.000000 0.965510           1
1.000000 0.966043           1
0.000000 0.034912           0
0.114053 0.128115           0
0.000000 0.041765           0
0.479915 0.065087           0
0.601949 0.601595           0
1.000000 0.984162           1
0.000000 0.076646           1
0.000000 0.016262           0
1.000000 0.977049           1
1.000000 0.986180           1
0.503865 0.502894           1
0.412378 0.055037           0
0.005195 0.078867           0
0.123843 0.135992           0
1.000000 0.964102           1
0.000000 0.028764           0
1.000000 0.996262           1
0.897235 0.878193           1
0.828625 0.823240           1
0.891377 0.873881           0
0.427006 0.056829           0
1.000000 0.986442           1
0.922049 0.894090           1
1.000000 0.994697           1
0.370370 0.047421           0
0.239681 0.239719           0
0.300215 0.297191           0
0.406574 0.050077           0
1.000000 0.995291           1
0.000000 0.035080           0
0.670551 0.670686           1
0.430081 0.057443           0
1.000000 0.970503           1
0.703392 0.693169           1
0.456644 0.061655           0
0.191744 0.193855           0
0.000000 0.027264           0
1.000000 0.960633           1
1.000000 0.969705           1
0.096500 0.116408           0
0.114471 0.127865           0
1.000000 0.996580           1
0.833302 0.824186           0
0.000000 0.032623           0
0.034448 0.088374           0
0.353654 0.049087           0
0.891169 0.874367           1
1.000000 0.987208           1
1.000000 0.987892           1
0.000000 0.041562           0
0.449506 0.060650           0
0.000000 0.030888           0
0.353603 0.353471           0
0.000000 0.071598           0
1.000000 0.986776           1
0.858644 0.844491           1
0.870099 0.855889           0
0.484055 0.065724           0
0.846155 0.839168           1
1.000000 0.987387           1
0.814382 0.811863           1
0.221525 0.223806           0
0.000000 0.052453           0
0.856149 0.847067           1
0.811363 0.808311           0
0.484734 0.066349           0
0.619752 0.941477           1
0.005910 0.079141           0
0.202236 0.205117           0
0.000000 0.033833           0
0.395998 0.052926           0
0.194496 0.197202           0
1.000000 0.993235           1
0.055857 0.096373           0
0.365761 0.050099           0
1.000000 0.991847           1
1.000000 0.978641           1
0.012953 0.080923           0
0.826801 0.824499           1
1.000000 0.969955           1
1.000000 0.984623           1
0.125831 0.138770           0
1.000000 0.982759           1
1.000000 0.994291           1
1.000000 0.982219           1
1.000000 0.992167           1
0.727068 0.725953           1
1.000000 0.993982           1
1.000000 0.966923           1
0.000000 0.043195           0
1.000000 0.985710           1
1.000000 0.997477           1
0.731073 0.720960           0
1.000000 0.989233           1
0.034464 0.087524           0
0.479177 0.479031           0
0.066529 0.102260           0
0.063031 0.101381           0
1.000000 0.993257           1
0.000000 0.044318           0
0.062973 0.098686           0
0.883441 0.869237           1
0.000000 0.045420           0
1.000000 0.988503           1
0.102798 0.120722           0
1.000000 0.991743           1
1.000000 0.966425           1
0.049388 0.092914           0
0.066549 0.101304           0
0.682298 0.678033           1
1.000000 0.975767           1
0.202655 0.205423           1
0.096858 0.117712           0
0.472458 0.471166           0
0.217173 0.216999           0
1.000000 0.996603           1
1.000000 0.981491           1
0.709264 0.709541           0
0.647428 0.647563           0
1.000000 0.994896           1
1.000000 0.992132           1
0.000000 0.029355           0
0.228582 0.228737           0
0.464029 0.062370           0
0.049416 0.092752           0
0.916875 0.884564           1
0.598520 0.597303           1
0.046386 0.091174           0
0.965708 0.912305           1
0.073935 0.104589           1
1.000000 0.976508           1
0.467706 0.063361           0
0.484167 0.065387           0
0.896224 0.873308           1
0.000000 0.043264           0
0.147769 0.155352           0
0.130908 0.138680           0
0.442686 0.059014           0
0.000000 0.041623           0
1.000000 0.977379           1
0.327501 0.325696           1
0.707061 0.707035           1
0.421057 0.055632           0
0.000000 0.072930           0
1.000000 0.982561           1
0.621837 0.947915           1
0.000000 0.041222           0
0.092148 0.115103           0
0.480363 0.065632           0
1.000000 0.992921           1
0.892426 0.863893           1
0.114583 0.126885           0
0.159842 0.166204           0
1.000000 0.929933           1
0.121162 0.132497           0
0.836124 0.830842           1
0.066861 0.101946           0
1.000000 0.986379           1
1.000000 0.957815           1
1.000000 0.997377           1
1.000000 0.982116           1
0.123494 0.135361           0
0.423952 0.051426           0
0.823809 0.820402           0
0.442811 0.054891           0
0.699917 0.694183           1
1.000000 0.982716           1
1.000000 0.992886           1
0.040100 0.089845           0
1.000000 0.990923           1
0.000000 0.038379           0
0.283275 0.286438           1
0.000000 0.033162           0
0.062903 0.099000           1
1.000000 0.995793           1
0.056041 0.097272           0
0.491302 0.491064           1
1.000000 0.992034           1
0.187177 0.189820           1
1.000000 0.967968           1
0.000000 0.022800           0
0.723966 0.723807           0
0.449513 0.058492           0
0.000000 0.040518           0
0.000000 0.068240           0
1.000000 0.991109           1
1.000000 0.994031           1
0.066797 0.102130           0
0.465748 0.461745           0
0.647995 0.647636           1
0.134514 0.144416           1
1.000000 0.992780           1
0.073905 0.104892           0
0.570051 0.942171           1
1.000000 0.992185           1
0.984840 0.916385           1
0.363377 0.046188           0
0.833903 0.828622           1
1.000000 0.988061           1
0.000000 0.045920           0
0.000000 0.036942           0
0.823270 0.820031           0
0.000000 0.034178           0
1.000000 0.953489           1
0.311745 0.310456           0
0.763201 0.756142           1
0.000000 0.027960           0
1.000000 0.983977           0
1.000000 0.990409           1
1.000000 0.988199           1
1.000000 0.966029           1
1.000000 0.955786           1
1.000000 0.989064           1
0.000000 0.037384           0
0.356505 0.045706           0
1.000000 0.988395           1
0.001105 0.076956           0
1.000000 0.991565           1
0.000000 0.036572           0
0.937004 0.888674           0
1.000000 0.987654           1
1.000000 0.994801           1
0.884000 0.869708           1
0.947370 0.904900           0
0.868480 0.852364           1
1.000000 0.964249           1
0.109205 0.125291           0
1.000000 0.995835           1
1.000000 0.989700           1
1.000000 0.994679           1
0.385399 0.052408           0
1.000000 0.990815           1
0.201521 0.205476           0
0.397638 0.397552           1
1.000000 0.996234           1
0.495827 0.495019           0
1.000000 0.991258           1
0.083118 0.110163           0
0.086730 0.110325           1
0.789586 0.789607           1
1.000000 0.983771           1
0.422578 0.421514           0
0.631823 0.948765           1
0.210599 0.210847           0
0.213551 0.213246           0
1.000000 0.988717           1
1.000000 0.973920           0
1.000000 0.982711           1
0.200688 0.203689           0
0.143548 0.151426           1
0.937003 0.899024           1
0.202349 0.204828           1
0.557259 0.939461           0
0.121814 0.132975           0
1.000000 0.978656           1
1.000000 0.960075           1
1.000000 0.975003           1
0.000000 0.030599           0
0.049375 0.093212           0
0.528461 0.528678           0
0.015479 0.081153           1
1.000000 0.993238           1
0.000000 0.028962           0
0.360001 0.360697           0
1.000000 0.952121           1
0.000000 0.031611           0
1.000000 0.950222           1
0.401353 0.053087           0
1.000000 0.996110           1
0.181650 0.185267           1
0.273973 0.275684           1
0.950527 0.904546           1
0.000000 0.072727           0
1.000000 0.995718           1
0.769996 0.771012           0
0.442735 0.059019           0
1.000000 0.985419           0
1.000000 0.987053           1
0.148307 0.156892           0
1.000000 0.986746           1
0.216669 0.216411           0
0.000000 0.036997           0
1.000000 0.988851           1
0.192478 0.195002           0
0.052596 0.094929           1
1.000000 0.964703           0
0.365980 0.050021           0
0.040184 0.089275           0
0.505677 0.505489           1
1.000000 0.977372           1
0.532993 0.535380           0
0.452807 0.060988           0
0.355818 0.348714           1
0.145615 0.153048           0
0.040168 0.089648           0
0.052634 0.094760           0
1.000000 0.985816           1
1.000000 0.991428           1
0.000000 0.067869           0
1.000000 0.953433           1
0.332004 0.332049           0
0.351504 0.048842           0
1.000000 0.993567           1
0.300965 0.299157           0
0.000000 0.068537           0
1.000000 0.989928           1
0.869220 0.855484           1
1.000000 0.994413           1
0.828407 0.821386           0
1.000000 0.991681           1
0.968381 0.913382           1
0.336999 0.336808           0
0.412241 0.405152           0
0.750313 0.750205           0
0.764883 0.764971           1
1.000000 0.994352           1
1.000000 0.986309           1
0.467370 0.062534           0
1.000000 0.984939           1
0.929430 0.895661           1
1.000000 0.972818           1
0.439469 0.057832           0
1.000000 0.953932           1
1.000000 0.981236           0
1.000000 0.992897           1
0.357898 0.358017           0
0.351833 0.047674           0
1.000000 0.926395           1
1.000000 0.984239           1
0.279271 0.281471           0
0.158905 0.163816           0
0.122206 0.135067           0
1.000000 0.987856           1
0.000000 0.041021           0
0.000000 0.022617           0
0.452763 0.060181           0
0.204106 0.209918           0
0.180710 0.183141           0
0.766984 0.761633           1
1.000000 0.996406           1
1.000000 0.995710           1
0.653097 0.653100           1
0.166631 0.171906           0
0.903744 0.883697           1
1.000000 0.996296           1
1.000000 0.993375           1
0.464081 0.466091           0
1.000000 0.996316           1
0.018149 0.082288           0
1.000000 0.996146           1
0.258619 0.259952           0
0.015674 0.081276           0
1.000000 0.993381           1
1.000000 0.989744           1
0.070149 0.103423           0
0.121679 0.132989           0
1.000000 0.924806           1
1.000000 0.992271           1
1.000000 0.984183           1
1.000000 0.954871           0
0.351694 0.048741           0
0.950547 0.896391           1
0.673270 0.672080           0
1.000000 0.989334           1
0.000000 0.040688           0
1.000000 0.989447           1
1.000000 0.996519           1
0.506690 0.505108           1
0.082438 0.108716           0
0.102043 0.119969           0
0.052688 0.095262           0
1.000000 0.965127           0
1.000000 0.930164           1
0.115224 0.129083           0
0.160090 0.165170           0
0.524335 0.930568           1
0.590319 0.945086           1
1.000000 0.979125           1
0.306050 0.307101           0
0.000000 0.031654           0
0.410519 0.410694           0
1.000000 0.994186           1
0.000000 0.026876           0
1.000000 0.996297           1
1.000000 0.980127           1
0.153761 0.160176           1
0.438618 0.439755           1
0.000000 0.023644           0
0.000000 0.043234           0
0.144652 0.151855           0
0.034239 0.087813           0
1.000000 0.974315           1
0.606070 0.587128           0
0.597017 0.597125           1
1.000000 0.987958           1
1.000000 0.992789           1
1.000000 0.995147           1
1.000000 0.993133           1
1.000000 0.994795           1
0.329186 0.329215           0
0.000000 0.030338           0
0.266458 0.266075           0
0.000000 0.039747           0
0.000000 0.041282           0
1.000000 0.993568           1
0.543646 0.935665           1
0.727445 0.726280           0
1.000000 0.995503           1
0.761512 0.760097           1
0.479839 0.065146           0
0.000000 0.039380           0
0.144278 0.151705           0
1.000000 0.971068           1
0.433214 0.057714           0
0.000000 0.070952           0
1.000000 0.996784           1
0.436358 0.058284           0
1.000000 0.983736           1
0.010520 0.080221           0
0.480136 0.065010           0
0.937099 0.899170           1
0.370418 0.048218           0
0.131839 0.142935           0
0.078022 0.106442           0
0.976468 0.914685           1
1.000000 0.995290           1
1.000000 0.993359           1
1.000000 0.971410           1
0.691809 0.693603           0
1.000000 0.988634           1
0.046259 0.091564           0
1.000000 0.987782           1
0.000000 0.072274           0
1.000000 0.960566           1
0.066718 0.101245           0
0.616730 0.943854           0
0.000000 0.069118           0
0.000000 0.021073           0
0.000000 0.076872           0
1.000000 0.993982           1
1.000000 0.977653           1
0.000000 0.032787           0
0.000000 0.030408           0
0.442782 0.059267           0
1.000000 0.987334           1
0.049385 0.093237           0
0.000000 0.036615           0
0.598588 0.945775           1
1.000000 0.991786           1
0.141361 0.143717           0
0.293623 0.293550           0
0.479348 0.064351           0
0.115214 0.129158           0
1.000000 0.960299           1
0.000000 0.037056           0
0.101803 0.120476           0
0.624653 0.624727           1
0.018293 0.082175           0
1.000000 0.992178           1
0.929458 0.893204           1
0.803949 0.801258           1
0.108218 0.124921           0
1.000000 0.989622           1
1.000000 0.994555           1
0.375186 0.051117           0
0.335388 0.335412           0
1.000000 0.983679           1
0.917875 0.871163           1
0.265152 0.264237           0
1.000000 0.951142           1
1.000000 0.966106           1
0.596950 0.597356           1
1.000000 0.964397           0
0.373977 0.374129           0
0.000000 0.040843           0
0.000000 0.038424           0
1.000000 0.956079           1
1.000000 0.982484           1
0.000000 0.076018           0
0.543423 0.928297           0
0.546917 0.547003           1
0.996551 0.920730           1
0.012895 0.081100           0
0.885969 0.869944           0
0.248777 0.249536           0
0.642742 0.640144           1
1.000000 0.987874           1
0.777438 0.772748           0
0.034315 0.087448           0
0.625758 0.625898           0
1.000000 0.986822           1
1.000000 0.958771           1
0.000000 0.035469           0
1.000000 0.993925           1
1.000000 0.996999           1
0.989290 0.919933           1
0.142060 0.150669           0
0.117532 0.131834           0
0.108096 0.124690           0
0.087779 0.113405           0
0.394070 0.394696           0
0.475210 0.064261           0
0.001061 0.077012           0
0.475339 0.064249           0
1.000000 0.996069           1
1.000000 0.928302           1
1.000000 0.995619           1
0.895875 0.876815           1
0.000000 0.026504           0
0.287273 0.289049           0
0.560954 0.558119           0
0.043113 0.092353           0
0.000000 0.043469           0
1.000000 0.971192           1
0.265970 0.269975           0
0.892073 0.875456           1
0.183393 0.186024           0
0.379109 0.379161           0
1.000000 0.991681           1
0.696328 0.693341           1
1.000000 0.966036           1
0.243777 0.244709           0
0.426944 0.056874           0
0.641207 0.948706           1
1.000000 0.993290           1
0.777098 0.775073           1
0.000000 0.030258           0
0.155868 0.160776           0
0.013212 0.079900           0
0.406585 0.054554           0
0.000000 0.029143           0
0.821312 0.817510           1
1.000000 0.988880           1
0.074290 0.105830           0
0.925751 0.893357           1
1.000000 0.966923           1
0.857633 0.841749           0
1.000000 0.987612           1
0.215603 0.214510           1
1.000000 0.993142           1
1.000000 0.924247           1
0.040067 0.090639           0
0.046224 0.091541           0
1.000000 0.972692           1
0.000000 0.036609           0
0.962733 0.910881           0
1.000000 0.991069           1
0.689758 0.688923           1
0.000000 0.024905           0
1.000000 0.994943           1
0.833063 0.827392           0
0.015375 0.082012           0
0.000000 0.042236           0
0.828216 0.825799           1
0.380326 0.379520           0
0.062742 0.098592           0
0.869087 0.858750           1
1.000000 0.969749           1
0.902526 0.880949           1
1.000000 0.986298           1
1.000000 0.955923           1
0.163603 0.164610           0
1.000000 0.996164           1
0.463582 0.062439           0
0.147431 0.154904           0
0.000000 0.067129           0
0.102230 0.120244           0
1.000000 0.993941           1
0.885199 0.871406           0
1.000000 0.994830           1
1.000000 0.993323           1
0.237074 0.237790           0
0.515549 0.933313           1
1.000000 0.977224           1
0.000000 0.032719           0
0.701024 0.698221           1
0.780243 0.775075           1
0.622320 0.622164           1
0.116416 0.130835           0
1.000000 0.981329           1
1.000000 0.951254           1
0.421743 0.411950           0
0.638662 0.634007           0
0.907712 0.882186           1
1.000000 0.922277           1
0.842532 0.837365           1
0.959785 0.909049           1
0.261566 0.261565           1
0.000000 0.041531           0
0.214844 0.212431           1
0.423887 0.056254           0
1.000000 0.989875           1
0.023560 0.084141           0
0.637512 0.637371           0
1.000000 0.920541           1
1.000000 0.995544           1
1.000000 0.995132           1
0.000000 0.045141           0
0.892161 0.872709           1
1.000000 0.985933           0
0.172398 0.174773           0
1.000000 0.990123           1
0.000000 0.067477           0
1.000000 0.993066           1
0.479572 0.067357           0
0.000000 0.041184           0
0.000000 0.069328           0
1.000000 0.993351           1
1.000000 0.959509           1
0.382817 0.385432           0
1.000000 0.993195           1
1.000000 0.981010           1
0.543426 0.937822           1
0.549440 0.549062           0
0.040343 0.088414           0
0.000000 0.068341           0
0.005459 0.077939           0
0.074366 0.103793           0
0.000000 0.030457           0
1.000000 0.996540           1
0.110032 0.126786           0
1.000000 0.977465           1
0.043156 0.091273           0
0.000000 0.043812           0
0.000000 0.071577           0
1.000000 0.995739           1
1.000000 0.952942           1
0.713351 0.713093           0
1.000000 0.930582           0
0.976515 0.914471           1
0.087562 0.111655           0
0.000000 0.042381           0
0.837347 0.831988           1
0.587750 0.942351           1
0.415224 0.055510           0
1.000000 0.993824           1
0.460079 0.058544           0
0.007672 0.080073           0
0.087070 0.111396           0
0.526425 0.526793           0
1.000000 0.983465           1
0.597937 0.597416           0
0.015573 0.080586           0
0.107488 0.124444           0
1.000000 0.994061           1
0.488702 0.066915           0
1.000000 0.991435           1
0.052627 0.097574           0
1.000000 0.985991           1
1.000000 0.963877           1
1.000000 0.995958           1
0.149270 0.156958           0
0.799129 0.788869           0
0.599200 0.588785           1
0.640866 0.640431           0
1.000000 0.970352           1
1.000000 0.995888           1
0.000000 0.066963           0
1.000000 0.996327           1
1.000000 0.995926           1
1.000000 0.982285           1
1.000000 0.949193           1
0.000000 0.073018           0
0.526662 0.526053           0
0.000000 0.030363           0
0.525448 0.525438           1
0.059240 0.097233           0
1.000000 0.961949           0
1.000000 0.993442           1
0.078106 0.107048           0
0.442683 0.059225           0
0.145985 0.154362           0
0.000000 0.037621           0
1.000000 0.994341           1
0.822316 0.818237           1
1.000000 0.994726           1
1.000000 0.988111           1
0.000000 0.038262           0
1.000000 0.982553           1
1.000000 0.986937           1
1.000000 0.986410           1
0.624637 0.945426           1
0.165254 0.171122           0
0.404104 0.054331           0
0.091750 0.113149           0
1.000000 0.965447           1
0.373041 0.047367           0
0.235870 0.234220           1
0.635702 0.635968           0
0.363766 0.360875           0
0.000000 0.039690           0
0.000000 0.028683           0
0.000000 0.076742           0
0.953736 0.903796           1
1.000000 0.994638           1
0.974220 0.915048           1
0.010148 0.078795           0
0.732024 0.731935           0
1.000000 0.994541           1
0.737120 0.737217           0
0.000000 0.067473           0
0.109293 0.126462           0
0.596756 0.597010           1
0.000000 0.039331           0
0.097420 0.119378           0
1.000000 0.960400           1
1.000000 0.957174           1
1.000000 0.994023           1
0.604166 0.944766           1
1.000000 0.988873           1
0.159250 0.165397           0
0.000000 0.029782           0
0.244814 0.243729           0
0.154965 0.160857           0
1.000000 0.982776           1
0.074380 0.105898           0
1.000000 0.973375           1
0.560601 0.940862           1
0.000000 0.023666           0
1.000000 0.973383           1
1.000000 0.974783           1
1.000000 0.986952           1
1.000000 0.996960           1
0.929962 0.897847           1
0.358829 0.358973           0
0.937049 0.900178           1
0.163311 0.168485           0
1.000000 0.991244           1
0.480123 0.064290           0
0.499060 0.492754           0
0.537845 0.538493           0
1.000000 0.990726           1
0.226896 0.228845           1
1.000000 0.955891           1
0.000000 0.069738           0
1.000000 0.985744           1
0.040192 0.089890           0
0.144694 0.151884           0
0.475967 0.064046           0
0.694841 0.694881           1
0.593395 0.943588           1
1.000000 0.989810           1
1.000000 0.984356           1
1.000000 0.995587           1
0.471412 0.063162           0
1.000000 0.982783           1
0.376380 0.374705           0
0.974020 0.911195           1
1.000000 0.962116           1
1.000000 0.979725           1
0.000000 0.071335           0
1.000000 0.964435           1
0.867210 0.853131           1
0.211196 0.210509           0
0.383813 0.383817           0
0.358501 0.048310           0
1.000000 0.994055           1
0.066593 0.100396           0
0.732583 0.730417           1
1.000000 0.991663           1
1.000000 0.996148           1
0.305685 0.305290           1
0.349548 0.045343           0
0.738715 0.737625           1
0.133621 0.142869           0
1.000000 0.990862           1
0.875741 0.860993           1
0.046339 0.092669           1
0.375390 0.051143           0
0.000000 0.069518           0
0.160232 0.166027           0
1.000000 0.963827           1
1.000000 0.963502           1
0.000000 0.042018           0
1.000000 0.993773           1
0.543605 0.543696           0
0.999283 0.922522           0
0.560520 0.936557           1
0.133026 0.143451           0
1.000000 0.990703           1
0.913269 0.881597           1
1.000000 0.986450           1
1.000000 0.990808           1
0.000000 0.068349           0
0.781835 0.780424           1
1.000000 0.996251           1
1.000000 0.978765           1
0.000000 0.022316           0
0.000000 0.069894           0
0.816182 0.812624           0
0.166536 0.171877           0
1.000000 0.984003           1
0.091781 0.115004           0
1.000000 0.976372           1
0.132856 0.143683           0
1.000000 0.981113           1
0.000000 0.074653           0
0.000000 0.047112           0
0.359082 0.361176           0
0.940467 0.893533           1
1.000000 0.982040           1
1.000000 0.986846           1
0.282934 0.282572           0
1.000000 0.985141           1
0.452994 0.061227           0
1.000000 0.994523           1
0.718584 0.718441           0
0.066722 0.101705           0
0.197990 0.200750           1
1.000000 0.997299           1
1.000000 0.996521           1
1.000000 0.989316           1
0.349247 0.048540           0
0.159641 0.165855           0
0.690577 0.689848           0
0.488586 0.067149           0
0.582335 0.581113           1
0.889330 0.859345           0
0.382047 0.380640           0
0.439483 0.058559           0
0.885721 0.866073           1
0.353861 0.045188           0
0.439406 0.058621           0
0.755796 0.753048           1
0.000000 0.073584           0
1.000000 0.957315           1
1.000000 0.995097           1
0.121991 0.133475           0
0.382064 0.382398           1
0.396138 0.049536           0
0.217357 0.216234           0
1.000000 0.985856           1
1.000000 0.989217           1
1.000000 0.983152           1
0.370003 0.370012           0
0.313789 0.313873           0
0.865206 0.852005           0
0.000000 0.030901           0
0.898203 0.879656           1
1.000000 0.966258           0
0.396019 0.052688           0
1.000000 0.986042           1
0.388567 0.388584           0
0.000000 0.032891           0
1.000000 0.993421           1
1.000000 0.990019           1
1.000000 0.980091           1
1.000000 0.978126           1
0.198361 0.202403           0
1.000000 0.986759           1
1.000000 0.980508           1
0.003156 0.077681           1
0.086722 0.111165           1
0.330740 0.330135           0
0.260978 0.267622           0
0.508927 0.507119           0
0.000000 0.024576           0
0.724312 0.716452           0
0.148389 0.156200           0
0.239190 0.239251           0
0.532613 0.935897           1
1.000000 0.971530           1
0.406880 0.054518           0
0.000000 0.026872           0
1.000000 0.996021           1
0.000000 0.045217           0
0.049381 0.093342           0
0.875611 0.861631           1
1.000000 0.994666           1
0.000000 0.030813           0
1.000000 0.995401           1
0.882876 0.864016           1
0.766122 0.764973           1
0.447589 0.447305           1
1.000000 0.994663           1
0.548905 0.548407           1
1.000000 0.990971           1
0.811979 0.808967           1
1.000000 0.984891           1
0.028673 0.085368           0
0.460094 0.062043           0
0.000000 0.027811           0
1.000000 0.967378           1
1.000000 0.990520           1
0.000000 0.025755           0
1.000000 0.963837           1
1.000000 0.969600           1
0.000000 0.019247           0
1.000000 0.993910           1
0.010573 0.078502           0
0.000000 0.031836           0
0.000000 0.030495           0
0.784364 0.774804           1
0.526237 0.526242           1
0.749912 0.746883           1
0.936960 0.895400           0
0.000000 0.032849           0
0.000000 0.037697           0
1.000000 0.995445           1
0.597451 0.597513           1
0.123856 0.133987           0
1.000000 0.993499           1
0.015504 0.081101           1
1.000000 0.996835           1
0.885854 0.872148           1
0.342788 0.043967           0
1.000000 0.973191           1
0.353646 0.049156           0
1.000000 0.978559           1
0.178782 0.181284           0
1.000000 0.960723           1
1.000000 0.993047           1
1.000000 0.995162           1
0.851716 0.842212           1
1.000000 0.957259           1
1.000000 0.992180           1
1.000000 0.924957           1
0.412753 0.414673           0
0.134584 0.145495           0
0.773666 0.773834           1
0.489023 0.067118           0
0.503911 0.502995           1
1.000000 0.997288           1
1.000000 0.988441           1
0.000000 0.072767           0
0.000000 0.044319           0
1.000000 0.991249           1
1.000000 0.994189           1
1.000000 0.996686           1
0.000000 0.038120           0
0.066826 0.102185           0
0.000000 0.038577           0
0.691582 0.691258           0
0.109510 0.125612           0
0.442708 0.058896           0
0.765138 0.765003           1
0.694726 0.695236           0
0.998958 0.921749           1
0.066342 0.100319           0
0.390612 0.052707           0
0.000000 0.033045           0
0.290078 0.290575           0
1.000000 0.926669           0
1.000000 0.980116           0
0.049485 0.093359           0
0.102010 0.119904           0
0.813915 0.811100           0
0.083327 0.109934           0
0.000000 0.045578           0
1.000000 0.993919           1
1.000000 0.931334           1
1.000000 0.984156           1
1.000000 0.926526           1
0.000000 0.020969           0
0.994196 0.921223           1
1.000000 0.994633           1
0.360671 0.049962           0
1.000000 0.987619           1
0.000000 0.035719           0
0.433659 0.432817           1
0.471868 0.064148           0
0.375102 0.051087           0
0.164852 0.170358           0
0.347135 0.047672           0
0.249464 0.243303           1
0.289445 0.279372           0
0.063102 0.100879           0
0.000000 0.075412           0
0.023052 0.084750           0
0.412247 0.055263           0
0.000000 0.022722           0
0.548895 0.548925           0
0.516891 0.517477           0
1.000000 0.967316           0
0.807804 0.803390           1
0.000000 0.044075           0
0.774453 0.773013           1
0.953654 0.908077           1
0.159459 0.164145           0
0.856741 0.847505           1
0.524119 0.933548           1
0.412140 0.054938           0
0.028771 0.085305           0
0.759605 0.753498           0
0.245796 0.245842           0
0.101726 0.119864           0
0.421462 0.426933           0
1.000000 0.955957           1
1.000000 0.992156           1
1.000000 0.993550           1
0.627097 0.947176           1
0.484871 0.062786           0
0.632185 0.947548           1
0.274016 0.268185           1
1.000000 0.992760           1
0.000000 0.072844           0
1.000000 0.994106           1
1.000000 0.978009           1
0.929586 0.896118           1
1.000000 0.990075           1
0.189059 0.192049           1
0.087039 0.111511           0
1.000000 0.970092           1
0.463820 0.063191           0
0.000000 0.029999           0
1.000000 0.986799           1
1.000000 0.979988           1
1.000000 0.968526           1
1.000000 0.988146           1
0.542837 0.540688           0
0.059431 0.100793           0
0.091865 0.113892           0
0.673130 0.673333           0
0.000000 0.042622           0
1.000000 0.973387           1
0.340645 0.338083           0
0.091965 0.114457           1
0.066586 0.101652           0
0.000000 0.026337           0
1.000000 0.976367           1
1.000000 0.982760           1
0.870279 0.860258           0
0.221718 0.221507           1
1.000000 0.994287           1
0.346824 0.048198           0
0.401151 0.050435           0
1.000000 0.966630           1
0.624540 0.948590           1
0.000000 0.034623           0
1.000000 0.991972           1
1.000000 0.958960           1
1.000000 0.989524           1
0.754388 0.752107           0
1.000000 0.987674           1
0.040367 0.089185           0
0.000000 0.026029           0
0.210386 0.209755           1
0.000000 0.028449           0
1.000000 0.984956           1
0.984200 0.917817           0
1.000000 0.980322           1
1.000000 0.983617           1
0.611448 0.596734           0
1.000000 0.996417           1
0.784576 0.782393           1
0.000000 0.027462           0
0.511259 0.932396           1
0.000000 0.030732           0
1.000000 0.986649           1
0.835469 0.829385           1
1.000000 0.989176           1
0.449617 0.060398           0
0.289603 0.290668           1
0.000000 0.068883           0
0.807547 0.804405           0
0.159002 0.163818           0
1.000000 0.992161           1
0.629630 0.949226           0
0.082476 0.108623           0
1.000000 0.974550           1
0.182549 0.185988           0
0.160273 0.164788           0
1.000000 0.993295           1
0.358142 0.050151           0
1.000000 0.987010           1
0.171933 0.174142           0
1.000000 0.980427           1
0.256051 0.256353           0
0.133807 0.143781           0
0.092372 0.110998           0
0.096919 0.118279           0
1.000000 0.993308           1
0.000000 0.024404           0
1.000000 0.987389           1
1.000000 0.993130           1
0.115064 0.129535           0
0.000000 0.035151           0
1.000000 0.993986           1
0.839969 0.834857           1
1.000000 0.984039           0
1.000000 0.992450           1
0.471355 0.063870           0
0.446194 0.059876           0
0.856923 0.841077           1
0.000000 0.045614           0
1.000000 0.951819           1
1.000000 0.987818           1
0.122672 0.134226           0
0.467629 0.063025           0
0.000000 0.039644           0
0.933210 0.895442           0
0.857115 0.844691           0
0.929936 0.896547           1
0.129724 0.138869           0
0.488337 0.066774           0
0.000000 0.029397           0
0.486311 0.478457           1
0.442006 0.441974           1
0.000000 0.068858           0
0.789864 0.789521           1
1.000000 0.995360           1
1.000000 0.991526           1
0.000000 0.073837           0
0.000000 0.037114           0
0.000000 0.045302           0
0.000560 0.077077           0
0.000000 0.039471           0
1.000000 0.985600           1
0.000000 0.019870           0
0.992158 0.913765           1
0.171647 0.175445           0
0.668085 0.668185           0
1.000000 0.995135           1
0.000000 0.026662           0
0.000000 0.039456           0
0.000000 0.066231           0
1.000000 0.961498           1
0.427086 0.057416           0
1.000000 0.975598           1
0.370651 0.050534           0
0.000000 0.029939           0
1.000000 0.993806           1
0.341493 0.339255           0
1.000000 0.985965           1
0.163821 0.169112           1
0.234955 0.234007           0
1.000000 0.979080           1
0.539880 0.936018           1
0.436345 0.058372           0
0.000000 0.035081           0
0.754770 0.755214           0
0.000000 0.035228           0
0.130002 0.140841           0
1.000000 0.931696           0
0.543697 0.938454           0
0.000000 0.041128           0
0.000000 0.046137           0
0.000000 0.077164           0
0.082716 0.109856           0
0.236822 0.235930           0
1.000000 0.989097           1
1.000000 0.981053           1
0.717102 0.716116           0
0.096583 0.116483           1
1.000000 0.991124           1
0.649475 0.650254           0
0.856977 0.846847           1
0.000000 0.041985           0
0.082798 0.108794           0
0.049420 0.094583           0
1.000000 0.973898           1
1.000000 0.976895           1
0.810253 0.805700           1
0.332348 0.322796           1
0.997317 0.913502           1
0.246181 0.246119           0
0.264809 0.262169           0
0.805055 0.799725           1
0.768224 0.768021           1
0.074581 0.105729           0
0.976795 0.912052           1
1.000000 0.995033           1
1.000000 0.984190           1
0.098142 0.119804           0
0.193023 0.195634           0
1.000000 0.965895           1
1.000000 0.988698           1
0.235696 0.229666           0
1.000000 0.996787           1
1.000000 0.995765           1
1.000000 0.993370           1
0.479301 0.481390           0
0.483876 0.064804           0
0.475692 0.063955           0
0.947356 0.904935           1
0.000000 0.023249           0
1.000000 0.988814           1
0.606852 0.946574           0
0.132732 0.142498           0
0.000000 0.067035           0
0.892035 0.872949           1
0.870056 0.859225           1
0.808876 0.804554           0
0.020784 0.083726           0
1.000000 0.989118           1
0.808481 0.804177           0
0.000000 0.035511           0
0.261081 0.263237           1
0.719333 0.719285           0
0.257029 0.257657           0
0.000000 0.069401           0
0.327814 0.327913           0
0.000000 0.037798           0
0.034245 0.088000           0
0.709831 0.710382           1
1.000000 0.979178           1
0.000000 0.072907           0
0.114538 0.128138           0
0.573102 0.942122           1
0.418099 0.055679           0
0.360591 0.362196           0
0.040250 0.088975           0
0.000000 0.074499           0
1.000000 0.990795           1
0.049418 0.092860           0
0.652229 0.647616           1
0.428078 0.428072           0
0.876694 0.861613           0
0.070520 0.104197           0
0.393177 0.053576           0
0.841744 0.836732           1
0.108500 0.125233           0
0.731733 0.732076           0
0.199890 0.202760           0
1.000000 0.976892           1
1.000000 0.984030           1
1.000000 0.984317           1
1.000000 0.990871           1
1.000000 0.930405           1
1.000000 0.994495           1
0.178674 0.181610           0
1.000000 0.989221           1
1.000000 0.976757           1
0.659731 0.629615           1
0.000000 0.036980           0
0.000000 0.038178           0
1.000000 0.992562           1
1.000000 0.993307           1
1.000000 0.982372           1
1.000000 0.993894           1
0.086587 0.110473           0
0.000000 0.069190           0
0.429573 0.414701           0
0.043143 0.091347           0
1.000000 0.974078           1
1.000000 0.994360           1
0.087364 0.113663           0
1.000000 0.989176           1
1.000000 0.926555           1
0.667640 0.667094           0
1.000000 0.990894           1
0.000000 0.025112           0
0.479321 0.064084           0
0.000000 0.047010           0
1.000000 0.973347           1
0.000000 0.047143           0
1.000000 0.994663           1
0.055993 0.096380           0
0.776209 0.776295           1
0.243225 0.243827           0
0.835930 0.829078           1
0.524088 0.925686           0
0.264839 0.264398           0
0.599039 0.598793           0
0.159192 0.164139           0
1.000000 0.968264           1
0.423477 0.420542           1
0.015261 0.080291           0
1.000000 0.962795           0
0.442790 0.056978           0
1.000000 0.978892           1
0.162894 0.165141           0
0.752323 0.747416           1
0.981858 0.909318           0
0.000000 0.072021           0
1.000000 0.977320           1
1.000000 0.993793           1
0.031656 0.086843           0
1.000000 0.977043           1
0.452884 0.059309           0
0.664378 0.664905           0
0.000000 0.046531           0
0.342088 0.048190           0
0.135085 0.146173           0
0.040124 0.090567           0
0.452724 0.055053           0
0.922141 0.893310           1
0.358286 0.356829           1
0.689921 0.687521           1
0.028907 0.086045           0
1.000000 0.965740           1
0.866940 0.855814           1
0.000000 0.037911           0
0.043211 0.090337           0
1.000000 0.979722           1
0.349554 0.349336           0
1.000000 0.991970           1
1.000000 0.979272           1
0.769803 0.765464           1
1.000000 0.992146           1
0.749869 0.746222           0
0.000000 0.030179           0
0.965688 0.911731           0
1.000000 0.971518           1
0.109415 0.126847           0
1.000000 0.981256           1
0.760450 0.760538           0
0.256658 0.254898           0
0.933525 0.899217           0
0.000000 0.040615           0
0.532436 0.935741           1
0.056035 0.096637           0
0.884565 0.857588           1
0.815164 0.812283           0
0.360857 0.049808           0
1.000000 0.971389           1
1.000000 0.997205           1
0.439383 0.053613           0
0.471129 0.061696           0
0.153180 0.158736           0
0.933307 0.895627           1
0.000000 0.071124           0
1.000000 0.930376           1
1.000000 0.970202           1
1.000000 0.990793           1
0.515170 0.514517           1
0.020813 0.082530           0
0.825103 0.818062           1
1.000000 0.994803           1
1.000000 0.994867           1
0.000000 0.031228           0
0.000000 0.026261           0
0.890264 0.873687           1
1.000000 0.994222           1
0.418374 0.423572           0
0.593359 0.941868           0
0.179787 0.182140           0
0.553993 0.940057           1
1.000000 0.982347           1
1.000000 0.980368           1
0.107816 0.123016           0
0.799014 0.796134           0
0.911954 0.878523           0
0.000000 0.073540           0
1.000000 0.994934           1
0.933644 0.894768           0
0.005604 0.078270           0
1.000000 0.928848           1
0.480463 0.065115           0
0.180540 0.182188           0
1.000000 0.958908           0
1.000000 0.996165           1
1.000000 0.992105           1
0.130761 0.140053           0
0.037219 0.089071           0
0.460153 0.460348           0
0.471378 0.063712           0
1.000000 0.994586           1
0.007919 0.079819           0
0.157642 0.162528           0
0.175832 0.178326           1
0.000000 0.042805           0
0.062869 0.098272           0
0.162566 0.167734           1
0.532027 0.933564           1
1.000000 0.955322           1
0.387714 0.050513           0
0.031574 0.086838           0
0.774899 0.764363           0
1.000000 0.993155           1
1.000000 0.995586           1
0.174427 0.176651           1
0.110409 0.127107           1
0.074227 0.104863           0
0.784501 0.784553           1
0.430054 0.057816           0
1.000000 0.990936           1
0.000000 0.072890           0
0.375852 0.384388           0
0.096844 0.116937           0
1.000000 0.994850           1
0.747099 0.746867           0
0.835909 0.828750           1
1.000000 0.978734           1
0.012632 0.080069           0
0.632040 0.942094           1
1.000000 0.982609           1
0.000000 0.030401           0
1.000000 0.986921           1
0.240748 0.239992           1
0.232120 0.233056           0
0.837421 0.831699           1
0.940466 0.895967           1
1.000000 0.989980           1
0.300824 0.300818           0
0.000000 0.025208           0
1.000000 0.983293           1
0.520224 0.934560           1
0.890315 0.873802           0
0.103447 0.121680           0
0.000000 0.021027           0
1.000000 0.979483           1
1.000000 0.992050           1
1.000000 0.954382           1
1.000000 0.992022           1
0.865227 0.854811           1
0.092617 0.115277           0
1.000000 0.987135           1
1.000000 0.926576           1
0.000000 0.038949           0
1.000000 0.994635           1
0.237648 0.240095           0
0.449407 0.057874           0
1.000000 0.995983           1
1.000000 0.968491           1
0.863875 0.849713           0
0.912233 0.886579           0
0.619800 0.619540           0
0.000000 0.047351           0
1.000000 0.994322           1
0.664398 0.664344           0
0.347340 0.048361           0
0.248299 0.248435           0
0.000000 0.043381           0
1.000000 0.978986           1
1.000000 0.957642           1
1.000000 0.967966           1
0.000847 0.076768           0
1.000000 0.929109           1
0.117634 0.132377           1
0.000000 0.025725           0
0.144341 0.151694           0
0.534812 0.532286           1
0.814626 0.811967           0
1.000000 0.973387           1
1.000000 0.969202           0
1.000000 0.927809           1
0.484679 0.482713           0
0.000000 0.047015           0
1.000000 0.952195           1
1.000000 0.981574           1
0.059394 0.096196           0
0.102730 0.120793           0
0.369037 0.370735           0
1.000000 0.993624           1
0.002852 0.078705           0
1.000000 0.991426           1
0.116162 0.131071           0
1.000000 0.921549           1
0.244337 0.239656           0
1.000000 0.975589           1
0.426952 0.056866           0
0.163694 0.168273           1
0.000000 0.037217           0
0.864951 0.851133           0
1.000000 0.981578           1
0.000000 0.071978           0
0.515008 0.931636           1
1.000000 0.979895           1
0.131927 0.141389           0
0.040175 0.090466           0
0.000000 0.039698           0
0.000000 0.074041           0
0.712335 0.712447           1
1.000000 0.994928           1
0.520242 0.933972           0
1.000000 0.993987           1
0.592484 0.592680           0
1.000000 0.990968           1
0.098031 0.118526           0
0.000000 0.043262           0
0.148362 0.155589           0
0.074644 0.106578           0
0.245226 0.245456           1
1.000000 0.982063           1
0.811109 0.807255           1
1.000000 0.997028           1
0.078263 0.107983           0
0.456637 0.061452           0
1.000000 0.992974           1
1.000000 0.963224           1
1.000000 0.965363           1
1.000000 0.961597           1
0.406709 0.054929           0
0.000000 0.029527           0
0.244762 0.246668           0
1.000000 0.964220           0
0.671255 0.669436           1
0.136035 0.146204           1
0.233858 0.233774           0
0.000000 0.028876           0
0.410593 0.409556           0
1.000000 0.991838           1
1.000000 0.995490           1
0.135729 0.147092           0
0.000000 0.023106           0
0.000000 0.067381           0
0.452832 0.060309           0
0.403900 0.050781           0
1.000000 0.995639           1
1.000000 0.963314           1
0.596704 0.596383           1
1.000000 0.960730           0
0.844828 0.839788           1
1.000000 0.995412           1
0.898198 0.880500           0
0.576731 0.558803           0
0.046208 0.090575           0
1.000000 0.994102           1
0.435150 0.423837           0
1.000000 0.985437           1
0.446087 0.059987           0
0.341402 0.341266           0
0.467210 0.062758           0
0.295832 0.294554           1
1.000000 0.971375           1
1.000000 0.957180           1
0.000000 0.035281           0
0.543447 0.928576           1
1.000000 0.996301           1
1.000000 0.994194           1
0.059455 0.098405           0
0.223935 0.227123           0
1.000000 0.992747           1
1.000000 0.990195           1
0.882606 0.867752           1
0.834805 0.827326           0
0.000000 0.043378           0
1.000000 0.982984           1
0.885492 0.871574           1
0.070240 0.100247           0
1.000000 0.996322           1
1.000000 0.964389           1
0.771240 0.758449           0
1.000000 0.967278           0
0.000000 0.042686           0
1.000000 0.973256           1
1.000000 0.991200           1
0.092318 0.114802           0
1.000000 0.996776           1
1.000000 0.990187           1
1.000000 0.984337           1
1.000000 0.974118           1
0.556866 0.557138           0
1.000000 0.995493           1
0.976609 0.914273           1
1.000000 0.968400           1
0.049470 0.093754           0
0.078061 0.106799           0
0.601135 0.946351           1
0.114236 0.129428           0
0.484615 0.065746           0
0.400151 0.395878           1
0.380573 0.051680           0
1.000000 0.954859           0
0.133130 0.144141           0
0.593329 0.943368           1
1.000000 0.968482           1
1.000000 0.996435           1
1.000000 0.983314           1
1.000000 0.991678           1
0.159855 0.164979           0
0.055860 0.095551           0
1.000000 0.992485           1
0.280305 0.280903           0
0.971335 0.912060           1
1.000000 0.991197           1
0.999563 0.918563           1
0.355694 0.049700           0
1.000000 0.960907           1
0.365744 0.045747           0
0.000000 0.040631           0
1.000000 0.988781           1
1.000000 0.982406           1
0.211352 0.209915           0
1.000000 0.995522           1
0.803176 0.798721           1
0.423878 0.056647           0
0.973906 0.913473           0
1.000000 0.959188           1
0.536336 0.924987           0
1.000000 0.982767           1
0.145754 0.153294           0
0.091312 0.113572           0
0.083244 0.109480           0
1.000000 0.994746           1
1.000000 0.960625           0
1.000000 0.928623           1
1.000000 0.924576           1
1.000000 0.989742           1
0.460075 0.061529           0
0.000000 0.074277           0
0.003066 0.078239           0
0.358191 0.046557           0
1.000000 0.983255           1
0.062800 0.099232           0
0.844993 0.839265           1
0.912908 0.886758           1
0.903833 0.883991           0
0.845286 0.828057           0
0.133935 0.143079           0
1.000000 0.956252           1
0.868160 0.858632           1
0.453039 0.060807           0
0.028682 0.082983           0
1.000000 0.980891           1
0.468005 0.063587           0
0.929430 0.896609           1
0.034492 0.086920           0
1.000000 0.968104           1
0.052654 0.093878           0
0.257053 0.258175           0
0.427028 0.056199           0
0.667968 0.666538           0
0.136428 0.143206           0
0.962839 0.911545           1
1.000000 0.993523           1
0.018212 0.082089           0
0.790586 0.787736           1
0.489040 0.066731           0
0.471556 0.063964           0
0.828049 0.821328           1
0.000000 0.033619           0
1.000000 0.996700           1
1.000000 0.972837           1
1.000000 0.978515           1
0.891002 0.874583           1
0.543414 0.931431           1
0.000000 0.029933           0
0.096542 0.116211           0
1.000000 0.986522           1
1.000000 0.993172           1
0.157294 0.161892           1
0.347089 0.048689           0
0.000000 0.069150           0
0.929976 0.896463           1
0.062787 0.098721           0
0.097841 0.116807           0
0.883917 0.868723           1
0.856087 0.844147           1
0.174913 0.177292           0
0.721394 0.722148           0
1.000000 0.973185           1
0.259598 0.259249           0
1.000000 0.996926           1
0.002802 0.078161           0
1.000000 0.994604           1
0.629193 0.946190           1
0.300271 0.297208           0
1.000000 0.978975           1
0.365054 0.366142           1
1.000000 0.994919           1
1.000000 0.995133           1
0.677595 0.677741           0
0.037468 0.088367           0
0.307714 0.306122           0
1.000000 0.996194           1
0.176996 0.179230           0
0.543720 0.938867           1
0.031509 0.086537           0
0.383003 0.051976           0
1.000000 0.992295           1
0.843690 0.838691           1
0.116133 0.130470           0
1.000000 0.996038           1
1.000000 0.991079           1
0.398753 0.398601           1
0.853910 0.846345           1
1.000000 0.996158           1
1.000000 0.989359           1
0.385557 0.048387           0
0.078022 0.106887           0
0.197317 0.202341           1
1.000000 0.997026           1
0.342180 0.045369           0
0.000000 0.074940           0
0.086755 0.111553           0
0.108930 0.126472           0
0.378101 0.046813           0
0.781626 0.781149           1
0.001077 0.076769           0
1.000000 0.995307           1
1.000000 0.952273           1
0.000000 0.027550           0
1.000000 0.969469           1
0.363654 0.050068           0
1.000000 0.969452           0
0.124999 0.137250           0
0.420918 0.056121           0
1.000000 0.988684           1
0.278289 0.278203           1
0.976443 0.915103           1
0.211311 0.206080           0
1.000000 0.993509           1
0.270157 0.267546           0
0.162936 0.170234           0
0.742264 0.725407           0
0.121667 0.133108           0
1.000000 0.972265           1
1.000000 0.994711           1
1.000000 0.949707           1
1.000000 0.969659           1
1.000000 0.986371           1
1.000000 0.976877           1
1.000000 0.992761           1
0.332921 0.333247           0
1.000000 0.995830           1
1.000000 0.960181           1
1.000000 0.992184           1
1.000000 0.959281           1
1.000000 0.994742           1
1.000000 0.971790           1
1.000000 0.981280           1
1.000000 0.996971           1
1.000000 0.996055           1
0.882794 0.867861           1
1.000000 0.992256           1
0.452912 0.060434           0
0.049378 0.093667           0
0.346690 0.045952           0
0.841450 0.836261           1
0.717720 0.717565           1
0.043196 0.091056           1
0.715128 0.715231           0
0.802111 0.799366           0
0.046307 0.091700           0
0.157711 0.162539           1
0.940399 0.901677           0
1.000000 0.992148           1
0.382675 0.051699           0
1.000000 0.967808           1
1.000000 0.965617           1
0.049373 0.093302           0
1.000000 0.971502           1
