============================================================
  Generated by:           Genus(TM) Synthesis Solution 22.16-s078_1
  Generated on:           Sep 10 2026  07:25:27 am
  Module:                 lstm_network
  Operating conditions:   PVT_1P32V_0C (balanced_tree)
  Wireload mode:          enclosed
  Area mode:              timing library
============================================================


Path 1: MET (0 ps) Setup Check with Pin lstm_inst/h_curr_reg[3][25]/CK->D
          Group: clock
     Startpoint: (R) lstm_inst/timestep_reg[1]/CK
          Clock: (R) clock
       Endpoint: (R) lstm_inst/h_curr_reg[3][25]/D
          Clock: (R) clock

                     Capture       Launch     
        Clock Edge:+   10000            0     
       Src Latency:+       0            0     
       Net Latency:+       0 (I)        0 (I) 
           Arrival:=   10000            0     
                                              
             Setup:-      14                  
     Required Time:=    9986                  
      Launch Clock:-       0                  
         Data Path:-    9986                  
             Slack:=       0                  

#-----------------------------------------------------------------------------------------------------------------------------------------------------------------------------
#                                           Timing Point                                            Flags    Arc    Edge   Cell      Fanout Load Trans Delay Arrival Instance 
#                                                                                                                                           (fF)  (ps)  (ps)   (ps)  Location 
#-----------------------------------------------------------------------------------------------------------------------------------------------------------------------------
  lstm_inst/timestep_reg[1]/CK                                                                      -       -       R     (arrival)  147805    -     0     0       0    (-,-) 
  lstm_inst/timestep_reg[1]/Q                                                                       -       CK->Q   F     DFFRHQX4        4  5.8    12    47      47    (-,-) 
  lstm_inst/g4077/Y                                                                                 -       A->Y    R     NAND2X2         2  2.0    11    10      58    (-,-) 
  lstm_inst/g4072/Y                                                                                 -       A->Y    F     INVX3           3  2.7     8     8      66    (-,-) 
  lstm_inst/g4053/Y                                                                                 -       B->Y    R     NAND2X2         8  2.8    13    10      76    (-,-) 
  lstm_inst/g3932/Y                                                                                 -       A->Y    F     NOR2XL          1  0.5    10    10      86    (-,-) 
  lstm_inst/g6987/Y                                                                                 -       A->Y    F     BUFX3           4  3.1     9    19     105    (-,-) 
  lstm_inst/g6989/Y                                                                                 -       A->Y    R     INVX1           1  1.5    10    10     115    (-,-) 
  lstm_inst/g6988/Y                                                                                 -       A->Y    F     INVX3          30  9.1    20    15     130    (-,-) 
  lstm_inst/g6993/Y                                                                                 -       B1->Y   R     AOI22XL         1  0.3    18    16     146    (-,-) 
  lstm_inst/g58864/Y                                                                                -       C->Y    F     NAND4XL         1  0.5    32    27     173    (-,-) 
  lstm_inst/g58403/Y                                                                                -       A->Y    R     NOR2X1          1  0.5    13    16     189    (-,-) 
  lstm_inst/g58200/Y                                                                                -       A->Y    F     NAND2X1         1  0.9    14    14     203    (-,-) 
  lstm_inst/g58078/Y                                                                                -       B->Y    R     NOR2X2          1  1.4    13    12     215    (-,-) 
  lstm_inst/g58015/Y                                                                                -       A->Y    R     CLKAND2X6       1  8.1    12    22     237    (-,-) 
  lstm_inst/fopt61001/Y                                                                             -       A->Y    F     CLKINVX16      91 37.5    19    15     252    (-,-) 
  lstm_inst/cell_inst/GEN_LSTM_NEURONS[3].neuron/mac_c/fopt95054/Y                                  -       A->Y    R     INVXL           2  0.6    10    11     262    (-,-) 
  lstm_inst/cell_inst/GEN_LSTM_NEURONS[3].neuron/mac_c/fopt95053/Y                                  -       A->Y    F     INVXL           2  0.6     7     8     271    (-,-) 
  lstm_inst/cell_inst/GEN_LSTM_NEURONS[3].neuron/mac_c/mul_110_25_I3_g28233/Y                       -       A1N->Y  F     OAI2BB1X1       2  0.6    12    18     289    (-,-) 
  lstm_inst/cell_inst/GEN_LSTM_NEURONS[3].neuron/mac_c/g103541/Y                                    -       B1->Y   F     AO22XL          2  0.6     8    24     312    (-,-) 
  lstm_inst/cell_inst/GEN_LSTM_NEURONS[3].neuron/mac_c/g98202/Y                                     -       A->Y    R     XOR2XL          1  0.8    10    31     343    (-,-) 
  lstm_inst/cell_inst/GEN_LSTM_NEURONS[3].neuron/mac_c/mul_110_25_I3_g24678/Y                       -       S0->Y   R     MXI2X1          2  1.5    27    22     366    (-,-) 
  lstm_inst/cell_inst/GEN_LSTM_NEURONS[3].neuron/mac_c/mul_110_25_I3_g24355/Y                       -       A->Y    F     INVX2           2  1.0     8    10     375    (-,-) 
  lstm_inst/cell_inst/GEN_LSTM_NEURONS[3].neuron/mac_c/mul_110_25_I3_g23605/Y                       -       A1->Y   R     OAI21X1         2  0.8    18    15     390    (-,-) 
  lstm_inst/cell_inst/GEN_LSTM_NEURONS[3].neuron/mac_c/mul_110_25_I3_g23380/Y                       -       A->Y    F     INVX1           3  0.9     8    10     400    (-,-) 
  lstm_inst/cell_inst/GEN_LSTM_NEURONS[3].neuron/mac_c/mul_110_25_I3_g23243/Y                       -       B->Y    R     MXI2XL          1  0.8    25    20     420    (-,-) 
  lstm_inst/cell_inst/GEN_LSTM_NEURONS[3].neuron/mac_c/mul_110_25_I3_g23146/Y                       -       S0->Y   R     MXI2X1          3  1.2    24    22     441    (-,-) 
  lstm_inst/cell_inst/GEN_LSTM_NEURONS[3].neuron/mac_c/mul_110_25_I3_g22680/Y                       -       A->Y    F     XOR3XL          3  1.0    11    53     495    (-,-) 
  lstm_inst/cell_inst/GEN_LSTM_NEURONS[3].neuron/mac_c/mul_110_25_I3_g22513/Y                       -       A2->Y   R     AOI31XL         1  0.3    17    14     509    (-,-) 
  lstm_inst/cell_inst/GEN_LSTM_NEURONS[3].neuron/mac_c/mul_110_25_I3_g22479/Y                       -       B->Y    F     NOR2XL          1  0.5    10    10     519    (-,-) 
  lstm_inst/cell_inst/GEN_LSTM_NEURONS[3].neuron/mac_c/mul_110_25_I3_g22454/Y                       -       B0->Y   R     AOI2BB1X1       1  1.1    17    15     534    (-,-) 
  lstm_inst/cell_inst/GEN_LSTM_NEURONS[3].neuron/mac_c/mul_110_25_I3_g22379/Y                       -       A->Y    F     NAND3X2         3  1.3    20    20     554    (-,-) 
  lstm_inst/cell_inst/GEN_LSTM_NEURONS[3].neuron/mac_c/g20/Y                                        -       A->Y    R     INVX1           3  1.4    12    12     566    (-,-) 
  lstm_inst/cell_inst/GEN_LSTM_NEURONS[3].neuron/mac_c/mul_110_25_I3_g22299/Y                       -       A1->Y   F     OAI21X1         1  0.5    14    13     579    (-,-) 
  lstm_inst/cell_inst/GEN_LSTM_NEURONS[3].neuron/mac_c/mul_110_25_I3_g22282/Y                       -       S0->Y   F     MXI2XL          1  0.8    23    20     599    (-,-) 
  lstm_inst/cell_inst/GEN_LSTM_NEURONS[3].neuron/mac_c/csa_tree_add_111_23_I12_pad_groupi_g86730/S  -       CI->S   R     ADDFXL          3  1.1    14    46     645    (-,-) 
  lstm_inst/cell_inst/GEN_LSTM_NEURONS[3].neuron/mac_c/csa_tree_add_111_23_I12_pad_groupi_g86480/Y  -       A1N->Y  R     OAI2BB2X1       2  1.1    30    25     670    (-,-) 
  lstm_inst/cell_inst/GEN_LSTM_NEURONS[3].neuron/mac_c/csa_tree_add_111_23_I12_pad_groupi_g86197/Y  -       S0->Y   R     MXI2X1          1  0.8    21    20     690    (-,-) 
  lstm_inst/cell_inst/GEN_LSTM_NEURONS[3].neuron/mac_c/csa_tree_add_111_23_I12_pad_groupi_g85891/Y  -       S0->Y   R     MXI2X1          1  0.8    20    19     709    (-,-) 
  lstm_inst/cell_inst/GEN_LSTM_NEURONS[3].neuron/mac_c/csa_tree_add_111_23_I12_pad_groupi_g85535/CO -       CI->CO  R     ADDFX1          1  1.2    11    32     741    (-,-) 
  lstm_inst/cell_inst/GEN_LSTM_NEURONS[3].neuron/mac_c/csa_tree_add_111_23_I12_pad_groupi_g85475/CO -       B->CO   R     ADDFXL          1  0.8    10    31     772    (-,-) 
  lstm_inst/cell_inst/GEN_LSTM_NEURONS[3].neuron/mac_c/csa_tree_add_111_23_I12_pad_groupi_g85365/CO -       CI->CO  R     ADDFX1          2  0.8     9    30     801    (-,-) 
  lstm_inst/cell_inst/GEN_LSTM_NEURONS[3].neuron/mac_c/csa_tree_add_111_23_I12_pad_groupi_g85330/Y  -       C->Y    F     NAND3X1         1  0.5    18    14     816    (-,-) 
  lstm_inst/cell_inst/GEN_LSTM_NEURONS[3].neuron/mac_c/csa_tree_add_111_23_I12_pad_groupi_g85298/Y  -       B->Y    R     NAND2X1         2  0.8    10    10     826    (-,-) 
  lstm_inst/cell_inst/GEN_LSTM_NEURONS[3].neuron/mac_c/csa_tree_add_111_23_I12_pad_groupi_g85254/Y  -       A1->Y   F     AOI21X1         2  0.7    16    15     841    (-,-) 
  lstm_inst/cell_inst/GEN_LSTM_NEURONS[3].neuron/mac_c/csa_tree_add_111_23_I12_pad_groupi_g85236/Y  -       B->Y    R     NOR2X1          2  0.6    13    12     853    (-,-) 
  lstm_inst/cell_inst/GEN_LSTM_NEURONS[3].neuron/mac_c/csa_tree_add_111_23_I12_pad_groupi_g85222/Y  -       A0N->Y  R     OAI2BB1X1       1  1.0    12    23     876    (-,-) 
  lstm_inst/cell_inst/GEN_LSTM_NEURONS[3].neuron/mac_c/csa_tree_add_111_23_I12_pad_groupi_g100704/Y -       B->Y    F     NOR2X2          6  2.6    12    10     886    (-,-) 
  lstm_inst/cell_inst/GEN_LSTM_NEURONS[3].neuron/mac_c/csa_tree_add_111_23_I12_pad_groupi_g93896/Y  -       AN->Y   F     NAND2BX1        1  0.9    14    20     906    (-,-) 
  lstm_inst/cell_inst/GEN_LSTM_NEURONS[3].neuron/mac_c/csa_tree_add_111_23_I12_pad_groupi_g85186/Y  -       A->Y    R     NAND2X2         4  2.2    12    11     917    (-,-) 
  lstm_inst/cell_inst/GEN_LSTM_NEURONS[3].neuron/mac_c/g27/Y                                        -       A->Y    F     INVX2           5  1.7     7     8     925    (-,-) 
  lstm_inst/cell_inst/GEN_LSTM_NEURONS[3].neuron/mac_c/csa_tree_add_111_23_I12_pad_groupi_g85168/Y  -       A1->Y   R     OAI21XL         1  0.6    20    16     941    (-,-) 
  lstm_inst/cell_inst/GEN_LSTM_NEURONS[3].neuron/mac_c/csa_tree_add_111_23_I12_pad_groupi_g85160/Y  -       B->Y    F     CLKXOR2X1       2  1.4    11    32     972    (-,-) 
  lstm_inst/cell_inst/GEN_LSTM_NEURONS[3].neuron/tanh_c/fopt93882/Y                                 -       A->Y    R     INVX2           7  3.4    12    10     983    (-,-) 
  lstm_inst/cell_inst/GEN_LSTM_NEURONS[3].neuron/tanh_c/fopt93874/Y                                 -       A->Y    F     INVX2           8  3.4    12    11     994    (-,-) 
  lstm_inst/cell_inst/GEN_LSTM_NEURONS[3].neuron/tanh_c/square_mul_71_22_g36895/Y                   -       B->Y    R     NAND2BX1        2  1.3    12    10    1004    (-,-) 
  lstm_inst/cell_inst/GEN_LSTM_NEURONS[3].neuron/tanh_c/square_mul_71_22_g36160/CON                 -       CI->CON F     ACHCONX2        1  1.6    21    17    1021    (-,-) 
  lstm_inst/cell_inst/GEN_LSTM_NEURONS[3].neuron/tanh_c/square_mul_71_22_g99899/CO                  -       A->CO   F     ADDFHX1         1  1.1    11    34    1055    (-,-) 
  lstm_inst/cell_inst/GEN_LSTM_NEURONS[3].neuron/tanh_c/square_mul_71_22_g34932/CO                  -       A->CO   F     ADDFX1          2  0.7     9    34    1090    (-,-) 
  lstm_inst/cell_inst/GEN_LSTM_NEURONS[3].neuron/tanh_c/square_mul_71_22_g34740/Y                   -       A->Y    R     XNOR3X1         1  0.8     8    50    1140    (-,-) 
  lstm_inst/cell_inst/GEN_LSTM_NEURONS[3].neuron/tanh_c/square_mul_71_22_g34518/S                   -       CI->S   F     ADDFXL          3  0.9    11    42    1181    (-,-) 
  lstm_inst/cell_inst/GEN_LSTM_NEURONS[3].neuron/tanh_c/square_mul_71_22_g38105/Y                   -       B->Y    F     OR2XL           2  1.3    13    22    1203    (-,-) 
  lstm_inst/cell_inst/GEN_LSTM_NEURONS[3].neuron/tanh_c/square_mul_71_22_g34415/Y                   -       A1->Y   R     AOI21X2         2  1.3    15    14    1217    (-,-) 
  lstm_inst/cell_inst/GEN_LSTM_NEURONS[3].neuron/tanh_c/square_mul_71_22_g34374/Y                   -       B->Y    F     NOR2X2          1  0.9     7     8    1225    (-,-) 
  lstm_inst/cell_inst/GEN_LSTM_NEURONS[3].neuron/tanh_c/square_mul_71_22_g34351/Y                   -       A1->Y   R     OAI21X2         1  1.1    14    13    1238    (-,-) 
  lstm_inst/cell_inst/GEN_LSTM_NEURONS[3].neuron/tanh_c/square_mul_71_22_g34345/Y                   -       A->Y    F     NAND2X2         5  2.3    18    16    1254    (-,-) 
  lstm_inst/cell_inst/GEN_LSTM_NEURONS[3].neuron/tanh_c/square_mul_71_22_g34344/Y                   -       A->Y    R     INVX2           1  1.0     7     8    1262    (-,-) 
  lstm_inst/cell_inst/GEN_LSTM_NEURONS[3].neuron/tanh_c/square_mul_71_22_g34330/Y                   -       A->Y    F     NOR2X2          2  1.9    10    10    1271    (-,-) 
  lstm_inst/cell_inst/GEN_LSTM_NEURONS[3].neuron/tanh_c/square_mul_71_22_g34318/Y                   -       B->Y    R     NOR3X2          5  1.8    24    20    1292    (-,-) 
  lstm_inst/cell_inst/GEN_LSTM_NEURONS[3].neuron/tanh_c/square_mul_71_22_g34307/Y                   -       A1N->Y  R     AOI2BB1X1       3  1.4    20    22    1314    (-,-) 
  lstm_inst/cell_inst/GEN_LSTM_NEURONS[3].neuron/tanh_c/square_mul_71_22_g34282/Y                   -       A1N->Y  R     AOI2BB1XL       1  0.6    16    18    1332    (-,-) 
  lstm_inst/cell_inst/GEN_LSTM_NEURONS[3].neuron/tanh_c/square_mul_71_22_g34270/Y                   -       B->Y    F     XNOR2X1         4  1.6    12    27    1359    (-,-) 
  lstm_inst/cell_inst/GEN_LSTM_NEURONS[3].neuron/tanh_c/fopt94461/Y                                 -       A->Y    R     INVX1           2  0.8     7     8    1367    (-,-) 
  lstm_inst/cell_inst/GEN_LSTM_NEURONS[3].neuron/tanh_c/mul_73_23_g28941/Y                          -       B->Y    F     MXI2XL          2  0.7    21    17    1384    (-,-) 
  lstm_inst/cell_inst/GEN_LSTM_NEURONS[3].neuron/tanh_c/mul_73_23_g27398/Y                          -       B->Y    R     NOR2X1          1  1.0    17    16    1400    (-,-) 
  lstm_inst/cell_inst/GEN_LSTM_NEURONS[3].neuron/tanh_c/mul_73_23_g26825/Y                          -       B0->Y   F     AOI21X2         3  1.3    16     9    1409    (-,-) 
  lstm_inst/cell_inst/GEN_LSTM_NEURONS[3].neuron/tanh_c/mul_73_23_g26575/Y                          -       A->Y    R     INVX1           1  0.5     6     8    1417    (-,-) 
  lstm_inst/cell_inst/GEN_LSTM_NEURONS[3].neuron/tanh_c/mul_73_23_g26086/Y                          -       A->Y    F     MXI2X1          1  0.7    20    16    1433    (-,-) 
  lstm_inst/cell_inst/GEN_LSTM_NEURONS[3].neuron/tanh_c/mul_73_23_g25964/Y                          -       S0->Y   F     MXI2X1          1  1.1    22    22    1455    (-,-) 
  lstm_inst/cell_inst/GEN_LSTM_NEURONS[3].neuron/tanh_c/mul_73_23_g24573/S                          -       CI->S   R     ADDFHXL         3  0.9    10    44    1499    (-,-) 
  lstm_inst/cell_inst/GEN_LSTM_NEURONS[3].neuron/tanh_c/mul_73_23_g24422/Y                          -       A0N->Y  R     AOI2BB2XL       1  0.6    25    26    1525    (-,-) 
  lstm_inst/cell_inst/GEN_LSTM_NEURONS[3].neuron/tanh_c/mul_73_23_g24292/Y                          -       S0->Y   F     MXI2XL          2  0.6    21    18    1543    (-,-) 
  lstm_inst/cell_inst/GEN_LSTM_NEURONS[3].neuron/tanh_c/mul_73_23_g23873/Y                          -       A->Y    R     XOR2XL          2  1.2    14    34    1577    (-,-) 
  lstm_inst/cell_inst/GEN_LSTM_NEURONS[3].neuron/tanh_c/mul_73_23_g23714/Y                          -       C->Y    F     XNOR3XL         2  1.2    12    27    1604    (-,-) 
  lstm_inst/cell_inst/GEN_LSTM_NEURONS[3].neuron/tanh_c/mul_73_23_g23657/Y                          -       B->Y    R     NAND2XL         2  0.6    13    10    1614    (-,-) 
  lstm_inst/cell_inst/GEN_LSTM_NEURONS[3].neuron/tanh_c/mul_73_23_g23598/Y                          -       B0->Y   R     OA21XL          1  0.5     7    21    1635    (-,-) 
  lstm_inst/cell_inst/GEN_LSTM_NEURONS[3].neuron/tanh_c/mul_73_23_g23585/Y                          -       B0->Y   F     OAI2BB1X1       2  1.3    18    16    1650    (-,-) 
  lstm_inst/cell_inst/GEN_LSTM_NEURONS[3].neuron/tanh_c/mul_73_23_g23566/Y                          -       A1->Y   R     AOI21X2         1  1.0    13    14    1664    (-,-) 
  lstm_inst/cell_inst/GEN_LSTM_NEURONS[3].neuron/tanh_c/mul_73_23_g101819/Y                         -       B->Y    F     NAND2X2         2  1.2    12    12    1676    (-,-) 
  lstm_inst/cell_inst/GEN_LSTM_NEURONS[3].neuron/tanh_c/mul_73_23_g101817/Y                         -       B->Y    R     NOR2X2          4  1.9    15    13    1689    (-,-) 
  lstm_inst/cell_inst/GEN_LSTM_NEURONS[3].neuron/tanh_c/mul_73_23_g101822/Y                         -       A1N->Y  R     AOI2BB1X1       2  1.1    17    20    1709    (-,-) 
  lstm_inst/cell_inst/GEN_LSTM_NEURONS[3].neuron/tanh_c/mul_73_23_g100498/Y                         -       A1->Y   F     OAI21X1         2  1.0    18    16    1725    (-,-) 
  lstm_inst/cell_inst/GEN_LSTM_NEURONS[3].neuron/tanh_c/g100501/Y                                   -       A->Y    R     INVX1           1  1.0     9    10    1735    (-,-) 
  lstm_inst/cell_inst/GEN_LSTM_NEURONS[3].neuron/tanh_c/g100499/Y                                   -       B->Y    F     NAND2X2         1  1.8    14    13    1748    (-,-) 
  lstm_inst/cell_inst/GEN_LSTM_NEURONS[3].neuron/tanh_c/g100495/Y                                   -       B->Y    R     NAND2X4         9  5.7    15    11    1758    (-,-) 
  lstm_inst/cell_inst/GEN_LSTM_NEURONS[3].neuron/tanh_c/fopt100511/Y                                -       A->Y    R     BUFX3           2  1.5     6    16    1775    (-,-) 
  lstm_inst/cell_inst/GEN_LSTM_NEURONS[3].neuron/tanh_c/mul_75_23_g14906/Y                          -       B->Y    F     NOR2X2          1  0.9     8     7    1781    (-,-) 
  lstm_inst/cell_inst/GEN_LSTM_NEURONS[3].neuron/tanh_c/mul_75_23_g14603/Y                          -       B->Y    R     NOR2X2          2  1.6    14    11    1793    (-,-) 
  lstm_inst/cell_inst/GEN_LSTM_NEURONS[3].neuron/tanh_c/mul_75_23_g12708/Y                          -       A1->Y   F     OAI21X2         1  0.8    15    12    1805    (-,-) 
  lstm_inst/cell_inst/GEN_LSTM_NEURONS[3].neuron/tanh_c/mul_75_23_cdnfadd_032_100778/S              -       CI->S   R     ADDFXL          1  1.2    14    45    1850    (-,-) 
  lstm_inst/cell_inst/GEN_LSTM_NEURONS[3].neuron/tanh_c/mul_75_23_cdnfadd_032_100577/S              -       A->S    F     ADDFXL          1  0.8    10    45    1895    (-,-) 
  lstm_inst/cell_inst/GEN_LSTM_NEURONS[3].neuron/tanh_c/mul_75_23_cdnfadd_032_100475/CO             -       CI->CO  F     ADDFXL          1  0.8    10    31    1926    (-,-) 
  lstm_inst/cell_inst/GEN_LSTM_NEURONS[3].neuron/tanh_c/mul_75_23_cdnfadd_033_103144/CO             -       CI->CO  F     ADDFX1          1  1.1    11    34    1960    (-,-) 
  lstm_inst/cell_inst/GEN_LSTM_NEURONS[3].neuron/tanh_c/mul_75_23_cdnfadd_034_100799/CO             -       CI->CO  F     ADDFHXL         1  1.5    14    33    1993    (-,-) 
  lstm_inst/cell_inst/GEN_LSTM_NEURONS[3].neuron/tanh_c/mul_75_23_cdnfadd_035_12/S                  -       B->S    R     ADDFHXL         2  2.6    21    53    2046    (-,-) 
  lstm_inst/cell_inst/GEN_LSTM_NEURONS[3].neuron/tanh_c/mul_75_23_g99783/Y                          -       B->Y    F     NOR2X4          3  3.0    10    10    2055    (-,-) 
  lstm_inst/cell_inst/GEN_LSTM_NEURONS[3].neuron/tanh_c/mul_75_23_g11988/Y                          -       B->Y    R     NOR2X4          2  3.1    13    11    2067    (-,-) 
  lstm_inst/cell_inst/GEN_LSTM_NEURONS[3].neuron/tanh_c/mul_75_23_g11953/Y                          -       A0->Y   F     AOI21X4         2  1.4    14    15    2082    (-,-) 
  lstm_inst/cell_inst/GEN_LSTM_NEURONS[3].neuron/tanh_c/mul_75_23_g11933/Y                          -       A1->Y   R     OAI21X2         1  2.0    20    17    2099    (-,-) 
  lstm_inst/cell_inst/GEN_LSTM_NEURONS[3].neuron/tanh_c/mul_75_23_g11925/Y                          -       A->Y    F     NOR2X4          5  2.7    11    11    2110    (-,-) 
  lstm_inst/cell_inst/GEN_LSTM_NEURONS[3].neuron/tanh_c/mul_75_23_g11924/Y                          -       A->Y    F     BUFX3           3  2.0     7    18    2127    (-,-) 
  lstm_inst/cell_inst/GEN_LSTM_NEURONS[3].neuron/tanh_c/mul_75_23_g11916/Y                          -       A1->Y   R     OAI21X2         7  2.3    21    16    2143    (-,-) 
  lstm_inst/cell_inst/GEN_LSTM_NEURONS[3].neuron/tanh_c/mul_75_23_g11894/Y                          -       A1->Y   F     AOI21XL         1  0.5    19    18    2162    (-,-) 
  lstm_inst/cell_inst/GEN_LSTM_NEURONS[3].neuron/tanh_c/mul_75_23_g11886/Y                          -       B->Y    F     XNOR2X2         8  4.3    18    37    2199    (-,-) 
  lstm_inst/cell_inst/GEN_LSTM_NEURONS[3].neuron/tanh_c/fopt97292/Y                                 -       A->Y    F     CLKBUFX2        3  1.5     7    20    2218    (-,-) 
  lstm_inst/cell_inst/GEN_LSTM_NEURONS[3].neuron/tanh_c/fopt97289/Y                                 -       A->Y    R     INVX2           3  1.1     5     6    2225    (-,-) 
  lstm_inst/cell_inst/GEN_LSTM_NEURONS[3].neuron/tanh_c/fopt97288/Y                                 -       A->Y    F     INVXL           2  1.2    11    10    2235    (-,-) 
  lstm_inst/cell_inst/GEN_LSTM_NEURONS[3].neuron/tanh_c/fopt97287/Y                                 -       A->Y    R     INVX2           5  2.2     9     9    2243    (-,-) 
  lstm_inst/cell_inst/GEN_LSTM_NEURONS[3].neuron/tanh_c/fopt97286/Y                                 -       A->Y    F     INVX2           5  2.0     8     8    2252    (-,-) 
  lstm_inst/cell_inst/GEN_LSTM_NEURONS[3].neuron/tanh_c/mul_77_23_g26368/Y                          -       A->Y    R     MXI2XL          2  0.8    28    19    2271    (-,-) 
  lstm_inst/cell_inst/GEN_LSTM_NEURONS[3].neuron/tanh_c/mul_77_23_g25300/Y                          -       B1->Y   F     AOI22X1         2  0.8    27    18    2289    (-,-) 
  lstm_inst/cell_inst/GEN_LSTM_NEURONS[3].neuron/tanh_c/g98382/Y                                    -       A->Y    R     XOR2XL          1  0.6     8    31    2320    (-,-) 
  lstm_inst/cell_inst/GEN_LSTM_NEURONS[3].neuron/tanh_c/mul_77_23_g23601/Y                          -       B->Y    F     XOR2XL          3  0.9    10    27    2347    (-,-) 
  lstm_inst/cell_inst/GEN_LSTM_NEURONS[3].neuron/tanh_c/mul_77_23_g27992/Y                          -       A->Y    R     XOR2XL          1  0.3     5    28    2376    (-,-) 
  lstm_inst/cell_inst/GEN_LSTM_NEURONS[3].neuron/tanh_c/mul_77_23_g22979/Y                          -       A->Y    F     XNOR2X1         2  0.6     6    33    2409    (-,-) 
  lstm_inst/cell_inst/GEN_LSTM_NEURONS[3].neuron/tanh_c/g104431/Y                                   -       A->Y    R     XNOR2X1         3  1.7    12    35    2444    (-,-) 
  lstm_inst/cell_inst/GEN_LSTM_NEURONS[3].neuron/tanh_c/mul_77_23_g22353/Y                          -       C->Y    F     XNOR3XL         2  0.8     9    26    2470    (-,-) 
  lstm_inst/cell_inst/GEN_LSTM_NEURONS[3].neuron/tanh_c/mul_77_23_g22246/Y                          -       A->Y    R     NAND2X1         3  1.1    11    10    2480    (-,-) 
  lstm_inst/cell_inst/GEN_LSTM_NEURONS[3].neuron/tanh_c/mul_77_23_g99729/Y                          -       A->Y    F     NAND2X1         1  0.5    10    12    2492    (-,-) 
  lstm_inst/cell_inst/GEN_LSTM_NEURONS[3].neuron/tanh_c/mul_77_23_g22066/Y                          -       A->Y    R     NOR2X1          2  1.6    22    18    2510    (-,-) 
  lstm_inst/cell_inst/GEN_LSTM_NEURONS[3].neuron/tanh_c/mul_77_23_g27877/Y                          -       B->Y    F     NAND2BX1        1  0.9    16    16    2525    (-,-) 
  lstm_inst/cell_inst/GEN_LSTM_NEURONS[3].neuron/tanh_c/mul_77_23_g21838/Y                          -       A1->Y   R     OAI21X2         4  3.1    26    20    2545    (-,-) 
  lstm_inst/cell_inst/GEN_LSTM_NEURONS[3].neuron/tanh_c/mul_77_23_g21823/Y                          -       A1->Y   F     AOI21X2         3  1.3    19    18    2563    (-,-) 
  lstm_inst/cell_inst/GEN_LSTM_NEURONS[3].neuron/tanh_c/mul_77_23_g21805/Y                          -       A1->Y   R     OAI21X1         1  0.8    19    17    2581    (-,-) 
  lstm_inst/cell_inst/GEN_LSTM_NEURONS[3].neuron/tanh_c/mul_77_23_g21799/Y                          -       S0->Y   F     CLKMX2X3        8  3.9    14    38    2619    (-,-) 
  lstm_inst/cell_inst/GEN_LSTM_NEURONS[3].neuron/tanh_c/fopt92071/Y                                 -       A->Y    R     INVX2           3  0.9     6     7    2626    (-,-) 
  lstm_inst/cell_inst/GEN_LSTM_NEURONS[3].neuron/tanh_c/fopt92070/Y                                 -       A->Y    F     INVXL           2  0.6     6     7    2633    (-,-) 
  lstm_inst/cell_inst/GEN_LSTM_NEURONS[3].neuron/tanh_c/g104847/Y                                   -       A1->Y   F     OA22X1          2  0.6     8    31    2664    (-,-) 
  lstm_inst/cell_inst/GEN_LSTM_NEURONS[3].neuron/tanh_c/mul_79_23_g26532/Y                          -       B->Y    R     NOR2XL          1  0.5    16    12    2676    (-,-) 
  lstm_inst/cell_inst/GEN_LSTM_NEURONS[3].neuron/tanh_c/mul_79_23_g25965/Y                          -       B0->Y   F     AOI2BB1X1       3  1.1    12    12    2688    (-,-) 
  lstm_inst/cell_inst/GEN_LSTM_NEURONS[3].neuron/tanh_c/mul_79_23_g24838/Y                          -       S0->Y   F     MXI2XL          1  0.3    16    16    2704    (-,-) 
  lstm_inst/cell_inst/GEN_LSTM_NEURONS[3].neuron/tanh_c/mul_79_23_g28420/Y                          -       A->Y    R     XNOR2X1         2  1.8    13    36    2740    (-,-) 
  lstm_inst/cell_inst/GEN_LSTM_NEURONS[3].neuron/tanh_c/mul_79_23_g28707/S                          -       CI->S   F     ADDFX1          3  1.7    15    50    2789    (-,-) 
  lstm_inst/cell_inst/GEN_LSTM_NEURONS[3].neuron/tanh_c/mul_79_23_g23013/Y                          -       B->Y    R     XOR3XL          2  1.1    14    37    2827    (-,-) 
  lstm_inst/cell_inst/GEN_LSTM_NEURONS[3].neuron/tanh_c/mul_79_23_g28299/Y                          -       B->Y    F     XOR2XL          1  0.6     8    26    2853    (-,-) 
  lstm_inst/cell_inst/GEN_LSTM_NEURONS[3].neuron/tanh_c/mul_79_23_g28249/Y                          -       B->Y    R     XOR2XL          2  0.8    10    22    2874    (-,-) 
  lstm_inst/cell_inst/GEN_LSTM_NEURONS[3].neuron/tanh_c/mul_79_23_g22529/Y                          -       B->Y    F     NAND2X1         3  1.1    16    14    2888    (-,-) 
  lstm_inst/cell_inst/GEN_LSTM_NEURONS[3].neuron/tanh_c/mul_79_23_g22474/Y                          -       A1->Y   R     AOI21X1         2  1.3    22    18    2906    (-,-) 
  lstm_inst/cell_inst/GEN_LSTM_NEURONS[3].neuron/tanh_c/mul_79_23_g22412/Y                          -       A1N->Y  R     AOI2BB1XL       1  0.3    11    15    2922    (-,-) 
  lstm_inst/cell_inst/GEN_LSTM_NEURONS[3].neuron/tanh_c/mul_79_23_g22361/Y                          -       A1N->Y  R     AOI2BB1X1       1  0.5    11    16    2938    (-,-) 
  lstm_inst/cell_inst/GEN_LSTM_NEURONS[3].neuron/tanh_c/mul_79_23_g22298/Y                          -       B0->Y   F     OAI21X1         1  0.9    18    16    2954    (-,-) 
  lstm_inst/cell_inst/GEN_LSTM_NEURONS[3].neuron/tanh_c/mul_79_23_g22266/Y                          -       B0->Y   R     AOI21X2         3  1.6    17    15    2969    (-,-) 
  lstm_inst/cell_inst/GEN_LSTM_NEURONS[3].neuron/tanh_c/mul_79_23_g22265/Y                          -       A->Y    F     INVX1           1  0.5     6     8    2978    (-,-) 
  lstm_inst/cell_inst/GEN_LSTM_NEURONS[3].neuron/tanh_c/mul_79_23_g22254/Y                          -       A1->Y   R     AOI21X1         1  0.8    16    14    2992    (-,-) 
  lstm_inst/cell_inst/GEN_LSTM_NEURONS[3].neuron/tanh_c/mul_79_23_g22246/Y                          -       S0->Y   R     MXI2X1          3  1.3    24    22    3013    (-,-) 
  lstm_inst/cell_inst/GEN_LSTM_NEURONS[3].neuron/tanh_c/const_mul_82_75_g2831/Y                     -       B->Y    F     NAND2BX1        4  1.6    23    20    3033    (-,-) 
  lstm_inst/cell_inst/GEN_LSTM_NEURONS[3].neuron/tanh_c/const_mul_82_75_g2715/Y                     -       A0->Y   R     AOI21X1         2  0.8    18    19    3052    (-,-) 
  lstm_inst/cell_inst/GEN_LSTM_NEURONS[3].neuron/tanh_c/const_mul_82_75_g98987/Y                    -       B->Y    F     NOR3X1          1  0.3    11    11    3062    (-,-) 
  lstm_inst/cell_inst/GEN_LSTM_NEURONS[3].neuron/tanh_c/const_mul_82_75_g2691/Y                     -       A->Y    R     NOR2XL          1  0.5    14    14    3076    (-,-) 
  lstm_inst/cell_inst/GEN_LSTM_NEURONS[3].neuron/tanh_c/g103828/Y                                   -       B0->Y   F     OAI2BB1X1       2  1.3    18    17    3093    (-,-) 
  lstm_inst/cell_inst/GEN_LSTM_NEURONS[3].neuron/tanh_c/const_mul_82_75_g101074/Y                   -       A1->Y   R     AOI21X2         2  1.2    15    14    3107    (-,-) 
  lstm_inst/cell_inst/GEN_LSTM_NEURONS[3].neuron/tanh_c/const_mul_82_75_g102692/Y                   -       B->Y    F     XNOR2X1         2  1.7    12    27    3134    (-,-) 
  lstm_inst/cell_inst/GEN_LSTM_NEURONS[3].neuron/tanh_c/fopt101071/Y                                -       A->Y    R     INVX3           5  3.2     9     9    3143    (-,-) 
  lstm_inst/cell_inst/GEN_LSTM_NEURONS[3].neuron/tanh_c/div_82_81_g99279/Y                          -       B->Y    F     NAND2BXL        1  0.5    13    12    3154    (-,-) 
  lstm_inst/cell_inst/GEN_LSTM_NEURONS[3].neuron/tanh_c/g103967/Y                                   -       B0->Y   R     OAI2BB1X1       3  1.3    13    12    3166    (-,-) 
  lstm_inst/cell_inst/GEN_LSTM_NEURONS[3].neuron/tanh_c/div_82_81_g65272/Y                          -       A->Y    F     INVX1           1  0.9     8     9    3175    (-,-) 
  lstm_inst/cell_inst/GEN_LSTM_NEURONS[3].neuron/tanh_c/div_82_81_g65250/Y                          -       B->Y    R     NOR2X2          2  1.3    13    10    3185    (-,-) 
  lstm_inst/cell_inst/GEN_LSTM_NEURONS[3].neuron/tanh_c/div_82_81_g65207/Y                          -       A->Y    F     NOR2X2          2  2.1    11    11    3196    (-,-) 
  lstm_inst/cell_inst/GEN_LSTM_NEURONS[3].neuron/tanh_c/div_82_81_g65195/Y                          -       B->Y    R     NOR2X4          3  3.7    15    12    3209    (-,-) 
  lstm_inst/cell_inst/GEN_LSTM_NEURONS[3].neuron/tanh_c/div_82_81_g65189/Y                          -       A->Y    R     BUFX2           2  1.1     6    17    3226    (-,-) 
  lstm_inst/cell_inst/GEN_LSTM_NEURONS[3].neuron/tanh_c/div_82_81_g65185/Y                          -       B->Y    F     NOR2X1          1  0.3     7     6    3232    (-,-) 
  lstm_inst/cell_inst/GEN_LSTM_NEURONS[3].neuron/tanh_c/div_82_81_g65172/Y                          -       A1N->Y  F     AOI2BB1XL       1  0.3     9    17    3249    (-,-) 
  lstm_inst/cell_inst/GEN_LSTM_NEURONS[3].neuron/tanh_c/div_82_81_g103025/Y                         -       A0N->Y  F     AOI2BB1X1       1  0.9    11    24    3274    (-,-) 
  lstm_inst/cell_inst/GEN_LSTM_NEURONS[3].neuron/tanh_c/g103024/Y                                   -       A->Y    R     NAND2X2         3  1.3     8     9    3283    (-,-) 
  lstm_inst/cell_inst/GEN_LSTM_NEURONS[3].neuron/tanh_c/div_82_81_g103023/Y                         -       B->Y    F     NAND2X1         3  1.2    18    14    3296    (-,-) 
  lstm_inst/cell_inst/GEN_LSTM_NEURONS[3].neuron/tanh_c/div_82_81_g65006/Y                          -       A1->Y   R     OAI21X1         1  1.0    21    18    3314    (-,-) 
  lstm_inst/cell_inst/GEN_LSTM_NEURONS[3].neuron/tanh_c/div_82_81_g64943/Y                          -       A1->Y   F     AOI21X2         1  1.8    20    18    3333    (-,-) 
  lstm_inst/cell_inst/GEN_LSTM_NEURONS[3].neuron/tanh_c/div_82_81_g64942/Y                          -       A->Y    R     NAND2X4         3  3.4    11    10    3343    (-,-) 
  lstm_inst/cell_inst/GEN_LSTM_NEURONS[3].neuron/tanh_c/div_82_81_g99453/Y                          -       A->Y    F     NAND2X4         6  3.1    15    14    3357    (-,-) 
  lstm_inst/cell_inst/GEN_LSTM_NEURONS[3].neuron/tanh_c/fopt103073/Y                                -       A->Y    R     INVX3           7  2.8     9     9    3366    (-,-) 
  lstm_inst/cell_inst/GEN_LSTM_NEURONS[3].neuron/tanh_c/div_82_81_g64858/Y                          -       A0->Y   F     OAI21XL         2  0.7    20    18    3383    (-,-) 
  lstm_inst/cell_inst/GEN_LSTM_NEURONS[3].neuron/tanh_c/div_82_81_g102028/Y                         -       B->Y    R     NOR2X1          2  0.8    15    14    3398    (-,-) 
  lstm_inst/cell_inst/GEN_LSTM_NEURONS[3].neuron/tanh_c/g103806/Y                                   -       B->Y    F     NOR2BX1         3  1.1    11    10    3408    (-,-) 
  lstm_inst/cell_inst/GEN_LSTM_NEURONS[3].neuron/tanh_c/div_82_81_g102032/Y                         -       B->Y    R     NAND2X1         2  0.8     9     9    3416    (-,-) 
  lstm_inst/cell_inst/GEN_LSTM_NEURONS[3].neuron/tanh_c/div_82_81_g64726/Y                          -       B->Y    F     NAND2X1         2  0.8    13    12    3428    (-,-) 
  lstm_inst/cell_inst/GEN_LSTM_NEURONS[3].neuron/tanh_c/div_82_81_g64703/Y                          -       A1N->Y  F     OAI2BB1X4       5  3.8    18    27    3455    (-,-) 
  lstm_inst/cell_inst/GEN_LSTM_NEURONS[3].neuron/tanh_c/fopt92574/Y                                 -       A->Y    R     INVX1           4  1.6    13    12    3467    (-,-) 
  lstm_inst/cell_inst/GEN_LSTM_NEURONS[3].neuron/tanh_c/div_82_81_g64686/Y                          -       B->Y    F     NOR2BX1         1  0.4     7     8    3474    (-,-) 
  lstm_inst/cell_inst/GEN_LSTM_NEURONS[3].neuron/tanh_c/div_82_81_g98909/Y                          -       B0->Y   R     AOI21X1         1  0.5    14    12    3486    (-,-) 
  lstm_inst/cell_inst/GEN_LSTM_NEURONS[3].neuron/tanh_c/div_82_81_g64615/Y                          -       B0->Y   F     OAI2BB1X1       1  0.4    10    12    3498    (-,-) 
  lstm_inst/cell_inst/GEN_LSTM_NEURONS[3].neuron/tanh_c/div_82_81_g99365/Y                          -       B0->Y   R     AOI21X1         3  1.1    20    16    3514    (-,-) 
  lstm_inst/cell_inst/GEN_LSTM_NEURONS[3].neuron/tanh_c/div_82_81_g98923/Y                          -       B->Y    F     NOR2X1          3  1.1    13    11    3525    (-,-) 
  lstm_inst/cell_inst/GEN_LSTM_NEURONS[3].neuron/tanh_c/g98926/Y                                    -       A->Y    F     BUFX2           2  0.6     5    18    3543    (-,-) 
  lstm_inst/cell_inst/GEN_LSTM_NEURONS[3].neuron/tanh_c/div_82_81_g98927/Y                          -       AN->Y   F     NOR2BX1         2  1.4    12    18    3561    (-,-) 
  lstm_inst/cell_inst/GEN_LSTM_NEURONS[3].neuron/tanh_c/div_82_81_g98906/Y                          -       B->Y    R     NOR2X2          2  0.9    10    10    3571    (-,-) 
  lstm_inst/cell_inst/GEN_LSTM_NEURONS[3].neuron/tanh_c/div_82_81_g64415/Y                          -       S0->Y   R     MXI2XL          1  0.3    16    15    3586    (-,-) 
  lstm_inst/cell_inst/GEN_LSTM_NEURONS[3].neuron/tanh_c/div_82_81_g64397/Y                          -       A->Y    F     NOR2XL          1  0.4     9    11    3597    (-,-) 
  lstm_inst/cell_inst/GEN_LSTM_NEURONS[3].neuron/tanh_c/div_82_81_g102177/Y                         -       B0->Y   R     AOI21X1         1  0.5    13    12    3609    (-,-) 
  lstm_inst/cell_inst/GEN_LSTM_NEURONS[3].neuron/tanh_c/g102176/Y                                   -       A->Y    F     NAND2X1         1  1.0    15    15    3624    (-,-) 
  lstm_inst/cell_inst/GEN_LSTM_NEURONS[3].neuron/tanh_c/div_82_81_g102175/Y                         -       A->Y    R     NOR2X2          3  1.1    12    12    3636    (-,-) 
  lstm_inst/cell_inst/GEN_LSTM_NEURONS[3].neuron/tanh_c/div_82_81_g64234/Y                          -       A->Y    F     NAND3XL         1  0.5    22    20    3656    (-,-) 
  lstm_inst/cell_inst/GEN_LSTM_NEURONS[3].neuron/tanh_c/div_82_81_g64222/Y                          -       B->Y    R     NAND2X1         1  2.0    17    14    3671    (-,-) 
  lstm_inst/cell_inst/GEN_LSTM_NEURONS[3].neuron/tanh_c/div_82_81_g64182/Y                          -       B0->Y   F     OAI21X4         7  3.2    19    17    3688    (-,-) 
  lstm_inst/cell_inst/GEN_LSTM_NEURONS[3].neuron/tanh_c/div_82_81_g64148/Y                          -       A->Y    R     NOR2X2          5  2.4    19    17    3704    (-,-) 
  lstm_inst/cell_inst/GEN_LSTM_NEURONS[3].neuron/tanh_c/fopt98720/Y                                 -       A->Y    F     INVXL           2  0.6     9    10    3715    (-,-) 
  lstm_inst/cell_inst/GEN_LSTM_NEURONS[3].neuron/tanh_c/div_82_81_g64137/Y                          -       B->Y    R     NOR2XL          1  0.3    11    10    3725    (-,-) 
  lstm_inst/cell_inst/GEN_LSTM_NEURONS[3].neuron/tanh_c/div_82_81_g64093/Y                          -       C0->Y   F     AOI211XL        1  0.5    22     9    3734    (-,-) 
  lstm_inst/cell_inst/GEN_LSTM_NEURONS[3].neuron/tanh_c/div_82_81_g64059/Y                          -       B0->Y   R     OAI2BB1X1       3  1.1    13    13    3747    (-,-) 
  lstm_inst/cell_inst/GEN_LSTM_NEURONS[3].neuron/tanh_c/div_82_81_g64052/Y                          -       A->Y    R     BUFX3           7  2.7     8    17    3764    (-,-) 
  lstm_inst/cell_inst/GEN_LSTM_NEURONS[3].neuron/tanh_c/div_82_81_g63960/Y                          -       B->Y    F     NAND3X1         1  1.0    24    20    3784    (-,-) 
  lstm_inst/cell_inst/GEN_LSTM_NEURONS[3].neuron/tanh_c/div_82_81_g63907/Y                          -       A0->Y   R     OAI21X2         2  3.0    26    22    3807    (-,-) 
  lstm_inst/cell_inst/GEN_LSTM_NEURONS[3].neuron/tanh_c/div_82_81_g101578/Y                         -       B->Y    F     NAND2X4         9  3.4    17    15    3822    (-,-) 
  lstm_inst/cell_inst/GEN_LSTM_NEURONS[3].neuron/tanh_c/fopt92009/Y                                 -       A->Y    R     INVX2           6  2.2    10    10    3832    (-,-) 
  lstm_inst/cell_inst/GEN_LSTM_NEURONS[3].neuron/tanh_c/g102503/Y                                   -       A1N->Y  R     OAI2BB1XL       1  0.5    10    18    3850    (-,-) 
  lstm_inst/cell_inst/GEN_LSTM_NEURONS[3].neuron/tanh_c/div_82_81_g99128/Y                          -       B0->Y   F     AOI21X1         2  0.9    18     9    3858    (-,-) 
  lstm_inst/cell_inst/GEN_LSTM_NEURONS[3].neuron/tanh_c/div_82_81_g63817/Y                          -       A->Y    R     INVX1           2  0.6     7     9    3867    (-,-) 
  lstm_inst/cell_inst/GEN_LSTM_NEURONS[3].neuron/tanh_c/div_82_81_g63704/Y                          -       AN->Y   R     NOR2BX1         2  0.8    13    19    3886    (-,-) 
  lstm_inst/cell_inst/GEN_LSTM_NEURONS[3].neuron/tanh_c/div_82_81_g63674/Y                          -       B->Y    F     NOR2X1          2  0.7     9     9    3895    (-,-) 
  lstm_inst/cell_inst/GEN_LSTM_NEURONS[3].neuron/tanh_c/div_82_81_g63661/Y                          -       B->Y    R     NOR2X1          2  1.3    18    14    3909    (-,-) 
  lstm_inst/cell_inst/GEN_LSTM_NEURONS[3].neuron/tanh_c/div_82_81_g101085/Y                         -       B->Y    F     NOR2X2          2  2.3    12    11    3920    (-,-) 
  lstm_inst/cell_inst/GEN_LSTM_NEURONS[3].neuron/tanh_c/div_82_81_g101084/Y                         -       A1->Y   R     OAI21X4         5  2.9    17    14    3934    (-,-) 
  lstm_inst/cell_inst/GEN_LSTM_NEURONS[3].neuron/tanh_c/fopt101406/Y                                -       A->Y    F     INVX3           3  1.5     6     8    3942    (-,-) 
  lstm_inst/cell_inst/GEN_LSTM_NEURONS[3].neuron/tanh_c/div_82_81_g99164/Y                          -       B->Y    R     NOR2X2          8  2.8    21    14    3956    (-,-) 
  lstm_inst/cell_inst/GEN_LSTM_NEURONS[3].neuron/tanh_c/div_82_81_g63584/Y                          -       B->Y    F     NAND2XL         1  0.3    11    13    3969    (-,-) 
  lstm_inst/cell_inst/GEN_LSTM_NEURONS[3].neuron/tanh_c/div_82_81_g63555/Y                          -       AN->Y   F     NOR2BX1         2  1.0    10    17    3986    (-,-) 
  lstm_inst/cell_inst/GEN_LSTM_NEURONS[3].neuron/tanh_c/div_82_81_g63492/Y                          -       A->Y    F     CLKAND2X3       4  3.0     9    23    4009    (-,-) 
  lstm_inst/cell_inst/GEN_LSTM_NEURONS[3].neuron/tanh_c/div_82_81_g63466/Y                          -       B->Y    R     NAND2X2         1  1.0     8     7    4017    (-,-) 
  lstm_inst/cell_inst/GEN_LSTM_NEURONS[3].neuron/tanh_c/div_82_81_g63440/Y                          -       B->Y    F     NOR2X2          2  2.1    11     9    4026    (-,-) 
  lstm_inst/cell_inst/GEN_LSTM_NEURONS[3].neuron/tanh_c/div_82_81_g63404/Y                          -       A1->Y   R     OAI21X4         9  3.8    19    16    4041    (-,-) 
  lstm_inst/cell_inst/GEN_LSTM_NEURONS[3].neuron/tanh_c/fopt101609/Y                                -       A->Y    F     INVX1           2  0.6     7     9    4050    (-,-) 
  lstm_inst/cell_inst/GEN_LSTM_NEURONS[3].neuron/tanh_c/fopt101611/Y                                -       A->Y    R     INVXL           1  0.5     6     7    4058    (-,-) 
  lstm_inst/cell_inst/GEN_LSTM_NEURONS[3].neuron/tanh_c/div_82_81_g101610/Y                         -       B->Y    F     NOR2X1          1  0.5     7     7    4064    (-,-) 
  lstm_inst/cell_inst/GEN_LSTM_NEURONS[3].neuron/tanh_c/div_82_81_g103120/Y                         -       B0->Y   R     AOI2BB1X1       1  0.5    11    12    4076    (-,-) 
  lstm_inst/cell_inst/GEN_LSTM_NEURONS[3].neuron/tanh_c/g103119/Y                                   -       A->Y    F     NAND2X1         1  0.9    14    14    4089    (-,-) 
  lstm_inst/cell_inst/GEN_LSTM_NEURONS[3].neuron/tanh_c/div_82_81_g103118/Y                         -       B->Y    R     NOR2X2          4  2.1    17    14    4103    (-,-) 
  lstm_inst/cell_inst/GEN_LSTM_NEURONS[3].neuron/tanh_c/div_82_81_g99170/Y                          -       A->Y    F     NOR2X2          3  1.3    10    11    4114    (-,-) 
  lstm_inst/cell_inst/GEN_LSTM_NEURONS[3].neuron/tanh_c/div_82_81_g103031/Y                         -       A1->Y   R     AOI21X1         1  0.5    15    13    4127    (-,-) 
  lstm_inst/cell_inst/GEN_LSTM_NEURONS[3].neuron/tanh_c/div_82_81_g63116/Y                          -       A1->Y   F     OAI21X1         1  0.9    20    15    4142    (-,-) 
  lstm_inst/cell_inst/GEN_LSTM_NEURONS[3].neuron/tanh_c/div_82_81_g63109/Y                          -       B0->Y   R     AOI21X2         2  2.0    20    17    4159    (-,-) 
  lstm_inst/cell_inst/GEN_LSTM_NEURONS[3].neuron/tanh_c/div_82_81_g101851/Y                         -       A->Y    F     NOR2X2          5  2.4    13    13    4172    (-,-) 
  lstm_inst/cell_inst/GEN_LSTM_NEURONS[3].neuron/tanh_c/fopt101852/Y                                -       A->Y    R     INVX2           4  1.9     8     9    4180    (-,-) 
  lstm_inst/cell_inst/GEN_LSTM_NEURONS[3].neuron/tanh_c/fopt101854/Y                                -       A->Y    F     INVX2           3  1.9     7     8    4188    (-,-) 
  lstm_inst/cell_inst/GEN_LSTM_NEURONS[3].neuron/tanh_c/div_82_81_g101856/Y                         -       B->Y    R     NAND2BX2        1  1.1     8     7    4195    (-,-) 
  lstm_inst/cell_inst/GEN_LSTM_NEURONS[3].neuron/tanh_c/div_82_81_g63056/Y                          -       B->Y    F     NAND3X2         3  1.3    21    18    4213    (-,-) 
  lstm_inst/cell_inst/GEN_LSTM_NEURONS[3].neuron/tanh_c/div_82_81_g63025/Y                          -       A1->Y   R     OAI21X1         1  0.5    17    16    4229    (-,-) 
  lstm_inst/cell_inst/GEN_LSTM_NEURONS[3].neuron/tanh_c/div_82_81_g63017/Y                          -       A->Y    F     NAND2X1         1  1.0    15    15    4245    (-,-) 
  lstm_inst/cell_inst/GEN_LSTM_NEURONS[3].neuron/tanh_c/div_82_81_g63009/Y                          -       A1->Y   R     AOI21X2         3  1.8    18    16    4260    (-,-) 
  lstm_inst/cell_inst/GEN_LSTM_NEURONS[3].neuron/tanh_c/div_82_81_g63003/Y                          -       B->Y    F     NAND2X2         2  2.1    17    15    4275    (-,-) 
  lstm_inst/cell_inst/GEN_LSTM_NEURONS[3].neuron/tanh_c/div_82_81_g62998/Y                          -       B->Y    R     NOR2X4          7  3.5    15    13    4288    (-,-) 
  lstm_inst/cell_inst/GEN_LSTM_NEURONS[3].neuron/tanh_c/fopt95336/Y                                 -       A->Y    F     INVX2           1  1.7     8     9    4297    (-,-) 
  lstm_inst/cell_inst/GEN_LSTM_NEURONS[3].neuron/tanh_c/div_82_81_g62982/Y                          -       C->Y    R     NOR3X4          2  1.8    18    12    4309    (-,-) 
  lstm_inst/cell_inst/GEN_LSTM_NEURONS[3].neuron/tanh_c/div_82_81_g62973/Y                          -       B->Y    F     NOR2XL          1  0.5    11    10    4319    (-,-) 
  lstm_inst/cell_inst/GEN_LSTM_NEURONS[3].neuron/tanh_c/div_82_81_g99138/Y                          -       S0->Y   R     MXI2XL          1  0.8    24    16    4336    (-,-) 
  lstm_inst/cell_inst/GEN_LSTM_NEURONS[3].neuron/tanh_c/csa_tree_add_82_68_groupi_cdnfadd_013_2/S   -       CI->S   F     ADDFX1          2  1.4    13    50    4386    (-,-) 
  lstm_inst/cell_inst/GEN_LSTM_NEURONS[3].neuron/tanh_c/csa_tree_add_82_68_groupi_g3063/Y           -       B->Y    R     NOR2X2          5  2.3    18    14    4400    (-,-) 
  lstm_inst/cell_inst/GEN_LSTM_NEURONS[3].neuron/tanh_c/csa_tree_add_82_68_groupi_g3061/Y           -       A->Y    F     NOR2X1          2  0.9    11    12    4412    (-,-) 
  lstm_inst/cell_inst/GEN_LSTM_NEURONS[3].neuron/tanh_c/csa_tree_add_82_68_groupi_g3044/Y           -       A->Y    R     NOR2X1          1  0.5    11    12    4424    (-,-) 
  lstm_inst/cell_inst/GEN_LSTM_NEURONS[3].neuron/tanh_c/csa_tree_add_82_68_groupi_g3033/Y           -       B->Y    F     NOR2BX1         1  0.9    10     9    4433    (-,-) 
  lstm_inst/cell_inst/GEN_LSTM_NEURONS[3].neuron/tanh_c/csa_tree_add_82_68_groupi_g3030/Y           -       B->Y    R     NOR2X2          1  2.0    16    13    4446    (-,-) 
  lstm_inst/cell_inst/GEN_LSTM_NEURONS[3].neuron/tanh_c/csa_tree_add_82_68_groupi_g3029/Y           -       B0->Y   F     OAI21X4         2  2.3    16    15    4461    (-,-) 
  lstm_inst/cell_inst/GEN_LSTM_NEURONS[3].neuron/tanh_c/csa_tree_add_82_68_groupi_g2989/Y           -       A1->Y   R     AOI21X4         3  1.1    12    12    4473    (-,-) 
  lstm_inst/cell_inst/GEN_LSTM_NEURONS[3].neuron/tanh_c/csa_tree_add_82_68_groupi_g2953/Y           -       AN->Y   R     NAND3BX1        2  0.6    10    16    4489    (-,-) 
  lstm_inst/cell_inst/GEN_LSTM_NEURONS[3].neuron/tanh_c/g103367/Y                                   -       C->Y    F     NAND3XL         1  0.6    23    18    4507    (-,-) 
  lstm_inst/cell_inst/GEN_LSTM_NEURONS[3].neuron/tanh_c/csa_tree_add_82_68_groupi_g100529/Y         -       B->Y    R     XNOR2XL         2  0.8    10    27    4534    (-,-) 
  lstm_inst/cell_inst/GEN_LSTM_NEURONS[3].neuron/tanh_c/g101146/Y                                   -       B->Y    F     NAND4BX1        1  0.4    25    25    4559    (-,-) 
  lstm_inst/cell_inst/GEN_LSTM_NEURONS[3].neuron/tanh_c/g100532/Y                                   -       B->Y    R     NOR2X1          1  0.3    11    13    4572    (-,-) 
  lstm_inst/cell_inst/GEN_LSTM_NEURONS[3].neuron/tanh_c/g1905/Y                                     -       B->Y    F     NAND2XL         1  0.4    12    11    4583    (-,-) 
  lstm_inst/cell_inst/GEN_LSTM_NEURONS[3].neuron/tanh_c/g1903/Y                                     -       B->Y    R     NOR2BX1         1  0.7    13    12    4595    (-,-) 
  lstm_inst/cell_inst/GEN_LSTM_NEURONS[3].neuron/tanh_c/g1902/Y                                     -       B->Y    R     CLKAND2X3       1  3.0     9    19    4614    (-,-) 
  lstm_inst/cell_inst/GEN_LSTM_NEURONS[3].neuron/tanh_c/g103359/Y                                   -       B->Y    F     NAND2X6         2  2.7    12    10    4624    (-,-) 
  lstm_inst/cell_inst/GEN_LSTM_NEURONS[3].neuron/tanh_c/g99512_dup103358/Y                          -       B0->Y   R     OAI21X4         4  4.3    21     9    4634    (-,-) 
  lstm_inst/cell_inst/GEN_LSTM_NEURONS[3].neuron/tanh_c/g100904/Y                                   -       A->Y    F     CLKINVX6       16  8.4    13    11    4645    (-,-) 
  lstm_inst/cell_inst/GEN_LSTM_NEURONS[3].neuron/tanh_c/g1895/Y                                     -       B->Y    R     NOR2BX1         3  1.1    17    14    4659    (-,-) 
  lstm_inst/cell_inst/GEN_LSTM_NEURONS[3].neuron/csa_tree_ADD_TC_OP_pad_groupi_g23996/Y             -       A->Y    R     BUFX3           3  2.8     8    18    4677    (-,-) 
  lstm_inst/cell_inst/GEN_LSTM_NEURONS[3].neuron/csa_tree_ADD_TC_OP_pad_groupi_g330/Y               -       A->Y    F     INVX3           5  3.1     8     8    4685    (-,-) 
  lstm_inst/cell_inst/GEN_LSTM_NEURONS[3].neuron/csa_tree_ADD_TC_OP_pad_groupi_g23767/Y             -       B->Y    R     NOR2X1          1  1.0    15    13    4698    (-,-) 
  lstm_inst/cell_inst/GEN_LSTM_NEURONS[3].neuron/csa_tree_ADD_TC_OP_pad_groupi_g276/Y               -       B->Y    F     NOR2X2          1  2.6    13    11    4709    (-,-) 
  lstm_inst/cell_inst/GEN_LSTM_NEURONS[3].neuron/csa_tree_ADD_TC_OP_pad_groupi_g275/Y               -       B->Y    R     NOR2X6         17  6.7    18    14    4722    (-,-) 
  lstm_inst/cell_inst/GEN_LSTM_NEURONS[3].neuron/csa_tree_ADD_TC_OP_pad_groupi_g286/Y               -       A->Y    F     INVX2           9  2.8    12    11    4733    (-,-) 
  lstm_inst/cell_inst/GEN_LSTM_NEURONS[3].neuron/csa_tree_ADD_TC_OP_pad_groupi_g22428/Y             -       A1N->Y  F     AOI2BB1XL       3  1.1    14    22    4755    (-,-) 
  lstm_inst/cell_inst/GEN_LSTM_NEURONS[3].neuron/csa_tree_ADD_TC_OP_pad_groupi_g21927/Y             -       S0->Y   F     MXI2XL          1  0.5    20    18    4772    (-,-) 
  lstm_inst/cell_inst/GEN_LSTM_NEURONS[3].neuron/csa_tree_ADD_TC_OP_pad_groupi_g21522/Y             -       S0->Y   F     MXI2XL          1  0.8    24    20    4793    (-,-) 
  lstm_inst/cell_inst/GEN_LSTM_NEURONS[3].neuron/csa_tree_ADD_TC_OP_pad_groupi_g20733/CO            -       CI->CO  F     ADDFXL          3  0.9    11    33    4826    (-,-) 
  lstm_inst/cell_inst/GEN_LSTM_NEURONS[3].neuron/csa_tree_ADD_TC_OP_pad_groupi_g20729/Y             -       A->Y    R     INVXL           1  0.3     5     7    4834    (-,-) 
  lstm_inst/cell_inst/GEN_LSTM_NEURONS[3].neuron/csa_tree_ADD_TC_OP_pad_groupi_g20657/Y             -       B->Y    F     MXI2XL          1  0.3    16    14    4847    (-,-) 
  lstm_inst/cell_inst/GEN_LSTM_NEURONS[3].neuron/csa_tree_ADD_TC_OP_pad_groupi_g20310/Y             -       A->Y    R     XOR2XL          2  0.9    11    32    4879    (-,-) 
  lstm_inst/cell_inst/GEN_LSTM_NEURONS[3].neuron/csa_tree_ADD_TC_OP_pad_groupi_g20196/Y             -       B->Y    F     CLKXOR2X1       3  1.6    12    31    4911    (-,-) 
  lstm_inst/cell_inst/GEN_LSTM_NEURONS[3].neuron/csa_tree_ADD_TC_OP_pad_groupi_g20030/Y             -       B->Y    R     XOR3XL          2  1.3    16    38    4949    (-,-) 
  lstm_inst/cell_inst/GEN_LSTM_NEURONS[3].neuron/csa_tree_ADD_TC_OP_pad_groupi_g24522/Y             -       B->Y    R     AND2X1          2  2.6    17    27    4976    (-,-) 
  lstm_inst/cell_inst/GEN_LSTM_NEURONS[3].neuron/csa_tree_ADD_TC_OP_pad_groupi_g19937/Y             -       B0->Y   F     AOI21X4         2  2.3    16     9    4985    (-,-) 
  lstm_inst/cell_inst/GEN_LSTM_NEURONS[3].neuron/csa_tree_ADD_TC_OP_pad_groupi_g19920/Y             -       A1->Y   R     OAI21X4         1  2.0    15    14    4998    (-,-) 
  lstm_inst/cell_inst/GEN_LSTM_NEURONS[3].neuron/csa_tree_ADD_TC_OP_pad_groupi_g19911/Y             -       A1->Y   F     AOI21X4         1  1.8    16    15    5013    (-,-) 
  lstm_inst/cell_inst/GEN_LSTM_NEURONS[3].neuron/csa_tree_ADD_TC_OP_pad_groupi_g19910/Y             -       B->Y    R     NAND2X4         6  3.6    10     9    5022    (-,-) 
  lstm_inst/cell_inst/GEN_LSTM_NEURONS[3].neuron/csa_tree_ADD_TC_OP_pad_groupi_g19899/Y             -       A1->Y   F     AOI21X2         2  1.4    16    15    5038    (-,-) 
  lstm_inst/cell_inst/GEN_LSTM_NEURONS[3].neuron/csa_tree_ADD_TC_OP_pad_groupi_g19888/Y             -       A1->Y   R     OAI21X2         2  1.0    15    14    5052    (-,-) 
  lstm_inst/cell_inst/GEN_LSTM_NEURONS[3].neuron/csa_tree_ADD_TC_OP_pad_groupi_g19869/Y             -       A1->Y   F     AOI21X1         2  0.9    19    17    5069    (-,-) 
  lstm_inst/cell_inst/GEN_LSTM_NEURONS[3].neuron/csa_tree_ADD_TC_OP_pad_groupi_g19847/Y             -       A1N->Y  F     AOI2BB1X1       1  0.7     9    23    5092    (-,-) 
  lstm_inst/cell_inst/GEN_LSTM_NEURONS[3].neuron/csa_tree_ADD_TC_OP_pad_groupi_g19846/Y             -       S0->Y   F     MXI2X1          2  2.1    30    26    5118    (-,-) 
  lstm_inst/cell_inst/GEN_LSTM_NEURONS[3].neuron/tanh_cell/fopt78823/Y                              -       A->Y    R     CLKINVX4        8  7.6    16    13    5132    (-,-) 
  lstm_inst/cell_inst/GEN_LSTM_NEURONS[3].neuron/tanh_cell/fopt78821/Y                              -       A->Y    F     CLKINVX6       10  3.4     7     8    5139    (-,-) 
  lstm_inst/cell_inst/GEN_LSTM_NEURONS[3].neuron/tanh_cell/square_mul_71_22_g37272/Y                -       B->Y    R     NAND2X1         3  1.4    12    10    5149    (-,-) 
  lstm_inst/cell_inst/GEN_LSTM_NEURONS[3].neuron/tanh_cell/square_mul_71_22_g36787/Y                -       B->Y    F     NAND2XL         1  0.5    13    12    5162    (-,-) 
  lstm_inst/cell_inst/GEN_LSTM_NEURONS[3].neuron/tanh_cell/square_mul_71_22_g36588/Y                -       A1->Y   R     AOI21X1         3  1.1    20    17    5178    (-,-) 
  lstm_inst/cell_inst/GEN_LSTM_NEURONS[3].neuron/tanh_cell/square_mul_71_22_g36045/Y                -       A1N->Y  R     OAI2BB2XL       1  0.6    30    23    5201    (-,-) 
  lstm_inst/cell_inst/GEN_LSTM_NEURONS[3].neuron/tanh_cell/square_mul_71_22_g84418/Y                -       S0->Y   R     MXI2XL          2  0.8    26    21    5222    (-,-) 
  lstm_inst/cell_inst/GEN_LSTM_NEURONS[3].neuron/tanh_cell/square_mul_71_22_g35755/Y                -       A->Y    F     INVX1           3  1.3    12    13    5235    (-,-) 
  lstm_inst/cell_inst/GEN_LSTM_NEURONS[3].neuron/tanh_cell/square_mul_71_22_g35488/Y                -       B->Y    R     MXI2XL          1  0.6    22    19    5254    (-,-) 
  lstm_inst/cell_inst/GEN_LSTM_NEURONS[3].neuron/tanh_cell/square_mul_71_22_g35360/Y                -       S0->Y   F     MXI2XL          2  0.7    22    18    5272    (-,-) 
  lstm_inst/cell_inst/GEN_LSTM_NEURONS[3].neuron/tanh_cell/square_mul_71_22_g34864/Y                -       A->Y    R     XNOR3XL         2  0.8    11    53    5325    (-,-) 
  lstm_inst/cell_inst/GEN_LSTM_NEURONS[3].neuron/tanh_cell/square_mul_71_22_g38421/Y                -       AN->Y   R     NOR2BX1         3  1.3    20    22    5347    (-,-) 
  lstm_inst/cell_inst/GEN_LSTM_NEURONS[3].neuron/tanh_cell/square_mul_71_22_g34747/Y                -       B->Y    F     NOR2BX1         2  0.7     8    10    5357    (-,-) 
  lstm_inst/cell_inst/GEN_LSTM_NEURONS[3].neuron/tanh_cell/square_mul_71_22_g34694/Y                -       B->Y    F     CLKAND2X2       1  2.0     9    21    5378    (-,-) 
  lstm_inst/cell_inst/GEN_LSTM_NEURONS[3].neuron/tanh_cell/square_mul_71_22_g34578/Y                -       A0->Y   R     AOI211X4        2  3.1    26    25    5403    (-,-) 
  lstm_inst/cell_inst/GEN_LSTM_NEURONS[3].neuron/tanh_cell/square_mul_71_22_g34571/Y                -       A->Y    F     INVX2           3  1.9    10    11    5414    (-,-) 
  lstm_inst/cell_inst/GEN_LSTM_NEURONS[3].neuron/tanh_cell/square_mul_71_22_g34542/Y                -       A1->Y   R     AOI21X2         2  1.1    14    13    5427    (-,-) 
  lstm_inst/cell_inst/GEN_LSTM_NEURONS[3].neuron/tanh_cell/square_mul_71_22_g34520/Y                -       A1->Y   F     OAI21X1         2  0.6    16    14    5440    (-,-) 
  lstm_inst/cell_inst/GEN_LSTM_NEURONS[3].neuron/tanh_cell/g84952/Y                                 -       B->Y    F     OR2X1           1  1.8    12    26    5466    (-,-) 
  lstm_inst/cell_inst/GEN_LSTM_NEURONS[3].neuron/tanh_cell/g82928/Y                                 -       A->Y    R     NAND2X4         8  3.6    12    10    5476    (-,-) 
  lstm_inst/cell_inst/GEN_LSTM_NEURONS[3].neuron/tanh_cell/fopt82938/Y                              -       A->Y    F     INVXL           1  0.5     7     8    5484    (-,-) 
  lstm_inst/cell_inst/GEN_LSTM_NEURONS[3].neuron/tanh_cell/fopt80227/Y                              -       A->Y    R     INVX1           4  1.2     8     8    5492    (-,-) 
  lstm_inst/cell_inst/GEN_LSTM_NEURONS[3].neuron/tanh_cell/fopt80226/Y                              -       A->Y    F     INVXL           1  0.5     6     7    5500    (-,-) 
  lstm_inst/cell_inst/GEN_LSTM_NEURONS[3].neuron/tanh_cell/mul_73_23_g84200/Y                       -       A->Y    R     MXI2X1          2  0.8    20    16    5516    (-,-) 
  lstm_inst/cell_inst/GEN_LSTM_NEURONS[3].neuron/tanh_cell/g84206/Y                                 -       B->Y    F     NAND2X1         1  0.9    16    15    5531    (-,-) 
  lstm_inst/cell_inst/GEN_LSTM_NEURONS[3].neuron/tanh_cell/g84202/Y                                 -       B->Y    R     NAND2X2         3  1.7    11     9    5540    (-,-) 
  lstm_inst/cell_inst/GEN_LSTM_NEURONS[3].neuron/tanh_cell/mul_73_23_g84201/Y                       -       B->Y    R     AND2XL          1  0.5     7    17    5557    (-,-) 
  lstm_inst/cell_inst/GEN_LSTM_NEURONS[3].neuron/tanh_cell/mul_73_23_g25359/Y                       -       A1->Y   F     OAI21X1         1  0.8    17    13    5570    (-,-) 
  lstm_inst/cell_inst/GEN_LSTM_NEURONS[3].neuron/tanh_cell/mul_73_23_g24490/CO                      -       CI->CO  F     ADDFX1          2  0.8    10    34    5604    (-,-) 
  lstm_inst/cell_inst/GEN_LSTM_NEURONS[3].neuron/tanh_cell/mul_73_23_g24456/Y                       -       A->Y    R     INVX1           2  1.3     9     9    5614    (-,-) 
  lstm_inst/cell_inst/GEN_LSTM_NEURONS[3].neuron/tanh_cell/mul_73_23_g24304/Y                       -       B->Y    F     MXI2XL          1  0.3    15    14    5628    (-,-) 
  lstm_inst/cell_inst/GEN_LSTM_NEURONS[3].neuron/tanh_cell/mul_73_23_g24170/Y                       -       A->Y    R     XNOR2X1         2  0.9     8    33    5662    (-,-) 
  lstm_inst/cell_inst/GEN_LSTM_NEURONS[3].neuron/tanh_cell/mul_73_23_g24022/Y                       -       A->Y    F     INVXL           2  0.6     7     8    5669    (-,-) 
  lstm_inst/cell_inst/GEN_LSTM_NEURONS[3].neuron/tanh_cell/mul_73_23_g23778/Y                       -       A0N->Y  F     AOI2BB1X1       1  0.5     8    23    5692    (-,-) 
  lstm_inst/cell_inst/GEN_LSTM_NEURONS[3].neuron/tanh_cell/mul_73_23_g23744/Y                       -       B->Y    R     NAND2X1         2  1.1    11     9    5701    (-,-) 
  lstm_inst/cell_inst/GEN_LSTM_NEURONS[3].neuron/tanh_cell/mul_73_23_g23639/Y                       -       S0->Y   R     MXI2X1          1  0.6    18    17    5719    (-,-) 
  lstm_inst/cell_inst/GEN_LSTM_NEURONS[3].neuron/tanh_cell/mul_73_23_g23548/Y                       -       B->Y    F     XNOR2X1         2  1.4    11    26    5745    (-,-) 
  lstm_inst/cell_inst/GEN_LSTM_NEURONS[3].neuron/tanh_cell/mul_73_23_g23455/Y                       -       B->Y    R     NOR2X2          3  1.3    13    11    5756    (-,-) 
  lstm_inst/cell_inst/GEN_LSTM_NEURONS[3].neuron/tanh_cell/mul_73_23_g84769/Y                       -       A1->Y   F     OAI21X1         2  0.7    16    14    5770    (-,-) 
  lstm_inst/cell_inst/GEN_LSTM_NEURONS[3].neuron/tanh_cell/mul_73_23_g23292_dup84893/Y              -       A0N->Y  F     OAI2BB1X1       2  0.8    14    21    5791    (-,-) 
  lstm_inst/cell_inst/GEN_LSTM_NEURONS[3].neuron/tanh_cell/mul_73_23_g84771/Y                       -       A0N->Y  F     OAI2BB1XL       1  0.5    13    19    5810    (-,-) 
  lstm_inst/cell_inst/GEN_LSTM_NEURONS[3].neuron/tanh_cell/mul_73_23_g23205/Y                       -       A->Y    R     NOR2X1          3  1.1    17    16    5826    (-,-) 
  lstm_inst/cell_inst/GEN_LSTM_NEURONS[3].neuron/tanh_cell/mul_73_23_g23172/Y                       -       B->Y    F     NOR2X1          1  0.9    10    10    5836    (-,-) 
  lstm_inst/cell_inst/GEN_LSTM_NEURONS[3].neuron/tanh_cell/mul_73_23_g23157/Y                       -       B->Y    R     NOR2X2          3  1.3    13    11    5847    (-,-) 
  lstm_inst/cell_inst/GEN_LSTM_NEURONS[3].neuron/tanh_cell/mul_73_23_g23144/Y                       -       A1N->Y  R     AOI2BB1XL       2  0.6    16    18    5864    (-,-) 
  lstm_inst/cell_inst/GEN_LSTM_NEURONS[3].neuron/tanh_cell/mul_73_23_g23143/Y                       -       A->Y    F     INVXL           2  0.8    10    11    5875    (-,-) 
  lstm_inst/cell_inst/GEN_LSTM_NEURONS[3].neuron/tanh_cell/mul_73_23_g23142/Y                       -       A->Y    R     INVX1           2  0.6     6     7    5882    (-,-) 
  lstm_inst/cell_inst/GEN_LSTM_NEURONS[3].neuron/tanh_cell/mul_73_23_g23133/Y                       -       A1->Y   F     OAI21XL         1  0.6    18    14    5896    (-,-) 
  lstm_inst/cell_inst/GEN_LSTM_NEURONS[3].neuron/tanh_cell/mul_73_23_g82476/Y                       -       B->Y    R     XNOR2X1         4  2.6    17    34    5930    (-,-) 
  lstm_inst/cell_inst/GEN_LSTM_NEURONS[3].neuron/tanh_cell/fopt82480/Y                              -       A->Y    F     INVX3           7  2.7     9     9    5939    (-,-) 
  lstm_inst/cell_inst/GEN_LSTM_NEURONS[3].neuron/tanh_cell/g85833/Y                                 -       B1->Y   F     OA22XL          2  0.9    11    26    5965    (-,-) 
  lstm_inst/cell_inst/GEN_LSTM_NEURONS[3].neuron/tanh_cell/mul_75_23_g13525/Y                       -       B1->Y   R     OAI22X1         1  0.8    27    14    5978    (-,-) 
  lstm_inst/cell_inst/GEN_LSTM_NEURONS[3].neuron/tanh_cell/mul_75_23_cdnfadd_033_2/S                -       CI->S   F     ADDFXL          1  1.1    13    45    6024    (-,-) 
  lstm_inst/cell_inst/GEN_LSTM_NEURONS[3].neuron/tanh_cell/mul_75_23_cdnfadd_033_7/S                -       A->S    R     ADDFXL          1  1.2    14    47    6071    (-,-) 
  lstm_inst/cell_inst/GEN_LSTM_NEURONS[3].neuron/tanh_cell/mul_75_23_cdnfadd_033_10/CO              -       B->CO   R     ADDFXL          1  1.1    13    33    6104    (-,-) 
  lstm_inst/cell_inst/GEN_LSTM_NEURONS[3].neuron/tanh_cell/mul_75_23_cdnfadd_034_83762/S            -       CI->S   F     ADDFHXL         3  1.5    14    44    6148    (-,-) 
  lstm_inst/cell_inst/GEN_LSTM_NEURONS[3].neuron/tanh_cell/g83767/Y                                 -       B->Y    R     NAND2XL         1  1.0    15    12    6160    (-,-) 
  lstm_inst/cell_inst/GEN_LSTM_NEURONS[3].neuron/tanh_cell/g83764/Y                                 -       C->Y    F     NAND3X2         3  1.6    23    18    6178    (-,-) 
  lstm_inst/cell_inst/GEN_LSTM_NEURONS[3].neuron/tanh_cell/g83769/Y                                 -       B->Y    R     NAND2XL         1  0.5    10    12    6190    (-,-) 
  lstm_inst/cell_inst/GEN_LSTM_NEURONS[3].neuron/tanh_cell/g83453/Y                                 -       A->Y    F     NAND3X1         2  1.5    31    26    6216    (-,-) 
  lstm_inst/cell_inst/GEN_LSTM_NEURONS[3].neuron/tanh_cell/mul_75_23_g84317/Y                       -       A->Y    R     NAND2X1         3  1.5    17    16    6232    (-,-) 
  lstm_inst/cell_inst/GEN_LSTM_NEURONS[3].neuron/tanh_cell/mul_75_23_g82344/Y                       -       A1->Y   F     OAI21X1         2  0.8    17    15    6247    (-,-) 
  lstm_inst/cell_inst/GEN_LSTM_NEURONS[3].neuron/tanh_cell/mul_75_23_g82343/Y                       -       A1->Y   R     AOI21X1         2  0.8    17    16    6263    (-,-) 
  lstm_inst/cell_inst/GEN_LSTM_NEURONS[3].neuron/tanh_cell/mul_75_23_g15600/Y                       -       AN->Y   R     NAND2BX1        1  1.0    10    16    6279    (-,-) 
  lstm_inst/cell_inst/GEN_LSTM_NEURONS[3].neuron/tanh_cell/mul_75_23_g12730/Y                       -       C->Y    F     NAND3X2         1  0.9    18    14    6293    (-,-) 
  lstm_inst/cell_inst/GEN_LSTM_NEURONS[3].neuron/tanh_cell/mul_75_23_g12720/Y                       -       B0->Y   R     AOI21X2         7  3.2    25    20    6313    (-,-) 
  lstm_inst/cell_inst/GEN_LSTM_NEURONS[3].neuron/tanh_cell/mul_75_23_g82494/Y                       -       A1->Y   F     OAI21XL         1  0.6    19    18    6331    (-,-) 
  lstm_inst/cell_inst/GEN_LSTM_NEURONS[3].neuron/tanh_cell/mul_75_23_g82492/Y                       -       B->Y    R     XNOR2X1         4  2.1    14    32    6363    (-,-) 
  lstm_inst/cell_inst/GEN_LSTM_NEURONS[3].neuron/tanh_cell/mul_77_23_g82501/Y                       -       A->Y    R     BUFX6          15  6.2    10    18    6381    (-,-) 
  lstm_inst/cell_inst/GEN_LSTM_NEURONS[3].neuron/tanh_cell/mul_77_23_g26827/Y                       -       A->Y    F     INVX3          11  3.5     9     9    6390    (-,-) 
  lstm_inst/cell_inst/GEN_LSTM_NEURONS[3].neuron/tanh_cell/mul_77_23_g82505/Y                       -       B->Y    R     MXI2XL          2  0.6    22    18    6408    (-,-) 
  lstm_inst/cell_inst/GEN_LSTM_NEURONS[3].neuron/tanh_cell/g86019/Y                                 -       A1N->Y  R     OAI2BB1X1       3  1.9    16    26    6434    (-,-) 
  lstm_inst/cell_inst/GEN_LSTM_NEURONS[3].neuron/tanh_cell/mul_77_23_g83463/Y                       -       B->Y    F     NOR2BX1         1  0.5     8     9    6443    (-,-) 
  lstm_inst/cell_inst/GEN_LSTM_NEURONS[3].neuron/tanh_cell/mul_77_23_g23877/Y                       -       A1->Y   R     OAI21X1         3  1.1    21    16    6459    (-,-) 
  lstm_inst/cell_inst/GEN_LSTM_NEURONS[3].neuron/tanh_cell/mul_77_23_g23189/Y                       -       A->Y    F     XOR3X1          3  1.2    12    57    6516    (-,-) 
  lstm_inst/cell_inst/GEN_LSTM_NEURONS[3].neuron/tanh_cell/mul_77_23_g22444/Y                       -       S0->Y   F     MXI2XL          1  0.5    18    18    6534    (-,-) 
  lstm_inst/cell_inst/GEN_LSTM_NEURONS[3].neuron/tanh_cell/mul_77_23_g22245/Y                       -       S0->Y   F     MXI2XL          2  0.8    24    20    6554    (-,-) 
  lstm_inst/cell_inst/GEN_LSTM_NEURONS[3].neuron/tanh_cell/mul_77_23_g22101/Y                       -       A->Y    R     XNOR2X1         3  1.7    12    36    6590    (-,-) 
  lstm_inst/cell_inst/GEN_LSTM_NEURONS[3].neuron/tanh_cell/mul_77_23_g22003/Y                       -       B->Y    F     NOR2X1          1  0.5    10     8    6598    (-,-) 
  lstm_inst/cell_inst/GEN_LSTM_NEURONS[3].neuron/tanh_cell/mul_77_23_g21879/Y                       -       A1->Y   R     OAI21X1         2  0.6    16    14    6612    (-,-) 
  lstm_inst/cell_inst/GEN_LSTM_NEURONS[3].neuron/tanh_cell/mul_77_23_g21799/Y                       -       AN->Y   R     NOR2BX1         2  0.8    14    20    6632    (-,-) 
  lstm_inst/cell_inst/GEN_LSTM_NEURONS[3].neuron/tanh_cell/mul_77_23_g21768/Y                       -       B->Y    F     NAND2X1         1  0.9    14    13    6645    (-,-) 
  lstm_inst/cell_inst/GEN_LSTM_NEURONS[3].neuron/tanh_cell/mul_77_23_g21757/Y                       -       B->Y    R     NAND2X2         2  1.5     9     9    6654    (-,-) 
  lstm_inst/cell_inst/GEN_LSTM_NEURONS[3].neuron/tanh_cell/mul_77_23_g21713/Y                       -       A1->Y   F     AOI21X2         1  0.5    12    12    6667    (-,-) 
  lstm_inst/cell_inst/GEN_LSTM_NEURONS[3].neuron/tanh_cell/mul_77_23_g21689/Y                       -       A1->Y   R     OAI21X1         2  0.6    16    15    6681    (-,-) 
  lstm_inst/cell_inst/GEN_LSTM_NEURONS[3].neuron/tanh_cell/mul_77_23_g21676/Y                       -       A1N->Y  R     OAI2BB1XL       1  0.5    11    18    6700    (-,-) 
  lstm_inst/cell_inst/GEN_LSTM_NEURONS[3].neuron/tanh_cell/mul_77_23_g21659/Y                       -       B0->Y   F     AOI21X1         1  0.5    15     8    6708    (-,-) 
  lstm_inst/cell_inst/GEN_LSTM_NEURONS[3].neuron/tanh_cell/mul_77_23_g21648/Y                       -       A->Y    R     NAND2X1         2  1.3    13    12    6720    (-,-) 
  lstm_inst/cell_inst/GEN_LSTM_NEURONS[3].neuron/tanh_cell/mul_77_23_g21647/Y                       -       A->Y    F     INVX2           3  1.9     8     9    6728    (-,-) 
  lstm_inst/cell_inst/GEN_LSTM_NEURONS[3].neuron/tanh_cell/mul_77_23_g21638/Y                       -       A1->Y   R     OAI21X1         1  0.9    19    15    6744    (-,-) 
  lstm_inst/cell_inst/GEN_LSTM_NEURONS[3].neuron/tanh_cell/mul_77_23_g80553/S                       -       B->S    F     ADDHX2          9  4.8    20    42    6785    (-,-) 
  lstm_inst/cell_inst/GEN_LSTM_NEURONS[3].neuron/tanh_cell/mul_79_23_g24911/Y                       -       A1->Y   R     AOI22X1         2  0.6    20    19    6805    (-,-) 
  lstm_inst/cell_inst/GEN_LSTM_NEURONS[3].neuron/tanh_cell/fopt74733/Y                              -       A->Y    F     INVXL           1  0.5     8    10    6815    (-,-) 
  lstm_inst/cell_inst/GEN_LSTM_NEURONS[3].neuron/tanh_cell/mul_79_23_g23804/Y                       -       A1->Y   R     AOI21X1         2  1.1    21    16    6831    (-,-) 
  lstm_inst/cell_inst/GEN_LSTM_NEURONS[3].neuron/tanh_cell/mul_79_23_g23661/Y                       -       A->Y    F     INVX1           2  0.7     8    10    6841    (-,-) 
  lstm_inst/cell_inst/GEN_LSTM_NEURONS[3].neuron/tanh_cell/mul_79_23_g23427/Y                       -       B->Y    R     NAND2XL         1  0.5    12     8    6849    (-,-) 
  lstm_inst/cell_inst/GEN_LSTM_NEURONS[3].neuron/tanh_cell/mul_79_23_g23299/Y                       -       B0->Y   F     OAI21X1         2  1.1    20    17    6866    (-,-) 
  lstm_inst/cell_inst/GEN_LSTM_NEURONS[3].neuron/tanh_cell/mul_79_23_g23045/Y                       -       A->Y    R     INVX1           2  0.6     8     9    6876    (-,-) 
  lstm_inst/cell_inst/GEN_LSTM_NEURONS[3].neuron/tanh_cell/mul_79_23_g23033/Y                       -       B->Y    F     NAND2XL         1  0.5    14    11    6887    (-,-) 
  lstm_inst/cell_inst/GEN_LSTM_NEURONS[3].neuron/tanh_cell/mul_79_23_g83742/Y                       -       A1->Y   R     AOI21X1         3  1.3    23    18    6905    (-,-) 
  lstm_inst/cell_inst/GEN_LSTM_NEURONS[3].neuron/tanh_cell/mul_79_23_g22186/Y                       -       A1N->Y  R     OAI2BB1X1       1  0.5     9    21    6926    (-,-) 
  lstm_inst/cell_inst/GEN_LSTM_NEURONS[3].neuron/tanh_cell/mul_79_23_g22163/Y                       -       B->Y    F     NAND2X1         3  1.1    16    13    6939    (-,-) 
  lstm_inst/cell_inst/GEN_LSTM_NEURONS[3].neuron/tanh_cell/mul_79_23_g22009/Y                       -       A->Y    R     INVX1           2  0.6     7     8    6948    (-,-) 
  lstm_inst/cell_inst/GEN_LSTM_NEURONS[3].neuron/tanh_cell/mul_79_23_g21830/Y                       -       B->Y    F     MXI2XL          1  0.3    15    14    6962    (-,-) 
  lstm_inst/cell_inst/GEN_LSTM_NEURONS[3].neuron/tanh_cell/g81224/Y                                 -       A->Y    R     XNOR2X1         2  1.2    10    34    6996    (-,-) 
  lstm_inst/cell_inst/GEN_LSTM_NEURONS[3].neuron/tanh_cell/mul_79_23_g21608/Y                       -       C->Y    F     XOR3XL          2  0.7     8    25    7021    (-,-) 
  lstm_inst/cell_inst/GEN_LSTM_NEURONS[3].neuron/tanh_cell/mul_79_23_g21557/Y                       -       B->Y    R     NOR2X1          3  1.1    17    13    7034    (-,-) 
  lstm_inst/cell_inst/GEN_LSTM_NEURONS[3].neuron/tanh_cell/mul_79_23_g21513/Y                       -       A1->Y   R     OA21X1          2  1.3    10    24    7059    (-,-) 
  lstm_inst/cell_inst/GEN_LSTM_NEURONS[3].neuron/tanh_cell/mul_79_23_g21509/Y                       -       A->Y    F     INVXL           1  0.5     6     8    7066    (-,-) 
  lstm_inst/cell_inst/GEN_LSTM_NEURONS[3].neuron/tanh_cell/mul_79_23_g84670/Y                       -       A1->Y   R     AOI21X1         1  1.0    19    15    7082    (-,-) 
  lstm_inst/cell_inst/GEN_LSTM_NEURONS[3].neuron/tanh_cell/mul_79_23_g21467/Y                       -       B->Y    F     NAND2X2         3  1.3    14    13    7095    (-,-) 
  lstm_inst/cell_inst/GEN_LSTM_NEURONS[3].neuron/tanh_cell/mul_79_23_g21466/Y                       -       A->Y    R     INVX1           3  2.0    14    12    7107    (-,-) 
  lstm_inst/cell_inst/GEN_LSTM_NEURONS[3].neuron/tanh_cell/mul_79_23_g21459/Y                       -       A1->Y   F     OAI21X2         1  0.6    14    12    7119    (-,-) 
  lstm_inst/cell_inst/GEN_LSTM_NEURONS[3].neuron/tanh_cell/mul_79_23_g25784/Y                       -       B->Y    R     XOR2XL          3  1.1    13    24    7142    (-,-) 
  lstm_inst/cell_inst/GEN_LSTM_NEURONS[3].neuron/tanh_cell/const_mul_82_75_g2225/Y                  -       AN->Y   R     NOR2BX1         3  1.3    19    22    7165    (-,-) 
  lstm_inst/cell_inst/GEN_LSTM_NEURONS[3].neuron/tanh_cell/const_mul_82_75_g2064/Y                  -       B->Y    F     NOR2BX1         2  0.8     9    10    7175    (-,-) 
  lstm_inst/cell_inst/GEN_LSTM_NEURONS[3].neuron/tanh_cell/const_mul_82_75_g1978/Y                  -       AN->Y   F     NOR3BX2         1  0.9    11    21    7196    (-,-) 
  lstm_inst/cell_inst/GEN_LSTM_NEURONS[3].neuron/tanh_cell/const_mul_82_75_g82955/Y                 -       C->Y    R     NOR3X2          3  1.2    19    14    7210    (-,-) 
  lstm_inst/cell_inst/GEN_LSTM_NEURONS[3].neuron/tanh_cell/const_mul_82_75_g2202/Y                  -       B->Y    F     XOR2XL          2  1.3    14    30    7240    (-,-) 
  lstm_inst/cell_inst/GEN_LSTM_NEURONS[3].neuron/tanh_cell/div_82_81_g74235/Y                       -       A->Y    R     NOR3X2          2  1.3    20    20    7261    (-,-) 
  lstm_inst/cell_inst/GEN_LSTM_NEURONS[3].neuron/tanh_cell/div_82_81_g74224/Y                       -       B->Y    F     NAND2BX2        2  2.0    17    15    7276    (-,-) 
  lstm_inst/cell_inst/GEN_LSTM_NEURONS[3].neuron/tanh_cell/div_82_81_g74220/Y                       -       C->Y    R     NOR3X4          2  1.3    16    13    7288    (-,-) 
  lstm_inst/cell_inst/GEN_LSTM_NEURONS[3].neuron/tanh_cell/div_82_81_g74205/Y                       -       B->Y    F     NAND2BX2        2  1.2    13    12    7301    (-,-) 
  lstm_inst/cell_inst/GEN_LSTM_NEURONS[3].neuron/tanh_cell/div_82_81_g74197/Y                       -       B->Y    R     NOR2X2          2  1.3    12    11    7312    (-,-) 
  lstm_inst/cell_inst/GEN_LSTM_NEURONS[3].neuron/tanh_cell/div_82_81_g74181/Y                       -       B->Y    F     NAND2X2         2  1.2    12    12    7324    (-,-) 
  lstm_inst/cell_inst/GEN_LSTM_NEURONS[3].neuron/tanh_cell/div_82_81_g74174/Y                       -       B->Y    R     NOR2X2          2  1.0    11    10    7334    (-,-) 
  lstm_inst/cell_inst/GEN_LSTM_NEURONS[3].neuron/tanh_cell/div_82_81_g74160/Y                       -       B->Y    R     CLKAND2X3       3  1.6     6    17    7351    (-,-) 
  lstm_inst/cell_inst/GEN_LSTM_NEURONS[3].neuron/tanh_cell/div_82_81_g74153/Y                       -       B->Y    F     NAND2X2         4  1.3    13    11    7362    (-,-) 
  lstm_inst/cell_inst/GEN_LSTM_NEURONS[3].neuron/tanh_cell/div_82_81_g74137/Y                       -       AN->Y   F     NAND2BXL        1  0.3    10    16    7378    (-,-) 
  lstm_inst/cell_inst/GEN_LSTM_NEURONS[3].neuron/tanh_cell/div_82_81_g84781/Y                       -       B->Y    R     NAND2XL         1  0.6    11     9    7387    (-,-) 
  lstm_inst/cell_inst/GEN_LSTM_NEURONS[3].neuron/tanh_cell/g86512/Y                                 -       S0->Y   F     MX2XL           2  1.2    13    29    7416    (-,-) 
  lstm_inst/cell_inst/GEN_LSTM_NEURONS[3].neuron/tanh_cell/div_82_81_g83783/Y                       -       B->Y    R     NAND2X2         3  1.1     8     8    7424    (-,-) 
  lstm_inst/cell_inst/GEN_LSTM_NEURONS[3].neuron/tanh_cell/div_82_81_g74064/Y                       -       A1->Y   F     OAI21X1         1  1.0    19    14    7438    (-,-) 
  lstm_inst/cell_inst/GEN_LSTM_NEURONS[3].neuron/tanh_cell/div_82_81_g74055/Y                       -       A1->Y   R     AOI21X2         1  2.0    19    17    7455    (-,-) 
  lstm_inst/cell_inst/GEN_LSTM_NEURONS[3].neuron/tanh_cell/div_82_81_g83817/Y                       -       B0->Y   F     OAI21X4        12  5.3    25    20    7475    (-,-) 
  lstm_inst/cell_inst/GEN_LSTM_NEURONS[3].neuron/tanh_cell/div_82_81_g82669/Y                       -       B->Y    R     NOR2X4          7  3.5    17    14    7489    (-,-) 
  lstm_inst/cell_inst/GEN_LSTM_NEURONS[3].neuron/tanh_cell/fopt82673/Y                              -       A->Y    F     INVX2           4  1.8     9     9    7498    (-,-) 
  lstm_inst/cell_inst/GEN_LSTM_NEURONS[3].neuron/tanh_cell/div_82_81_g74000_dup/Y                   -       S0->Y   F     MXI2XL          1  0.4    18    16    7515    (-,-) 
  lstm_inst/cell_inst/GEN_LSTM_NEURONS[3].neuron/tanh_cell/div_82_81_g80865/Y                       -       B->Y    R     NOR2X1          2  0.8    15    14    7529    (-,-) 
  lstm_inst/cell_inst/GEN_LSTM_NEURONS[3].neuron/tanh_cell/div_82_81_g73925/Y                       -       B->Y    F     NOR3X1          2  0.7    13    11    7540    (-,-) 
  lstm_inst/cell_inst/GEN_LSTM_NEURONS[3].neuron/tanh_cell/div_82_81_g73901/Y                       -       B->Y    R     NOR2X1          2  1.5    21    16    7556    (-,-) 
  lstm_inst/cell_inst/GEN_LSTM_NEURONS[3].neuron/tanh_cell/div_82_81_g73895/Y                       -       B->Y    F     NOR2X2          1  1.8    10    10    7567    (-,-) 
  lstm_inst/cell_inst/GEN_LSTM_NEURONS[3].neuron/tanh_cell/div_82_81_g73875/Y                       -       B->Y    R     NOR2X4          3  3.0    14    11    7578    (-,-) 
  lstm_inst/cell_inst/GEN_LSTM_NEURONS[3].neuron/tanh_cell/fopt76865/Y                              -       A->Y    R     BUFX3           6  2.2     7    17    7595    (-,-) 
  lstm_inst/cell_inst/GEN_LSTM_NEURONS[3].neuron/tanh_cell/div_82_81_g73837/Y                       -       B->Y    F     NOR2X1          1  1.0    12     8    7603    (-,-) 
  lstm_inst/cell_inst/GEN_LSTM_NEURONS[3].neuron/tanh_cell/div_82_81_g73788/Y                       -       A->Y    R     NOR3X2          1  1.1    19    20    7623    (-,-) 
  lstm_inst/cell_inst/GEN_LSTM_NEURONS[3].neuron/tanh_cell/div_82_81_g73746/Y                       -       B0->Y   F     OAI2BB1X2       2  1.3    14    15    7638    (-,-) 
  lstm_inst/cell_inst/GEN_LSTM_NEURONS[3].neuron/tanh_cell/div_82_81_g82983/Y                       -       A->Y    R     NOR2X2          3  2.1    17    15    7653    (-,-) 
  lstm_inst/cell_inst/GEN_LSTM_NEURONS[3].neuron/tanh_cell/div_82_81_g73690/Y                       -       B->Y    F     NAND2X1         1  1.0    16    15    7668    (-,-) 
  lstm_inst/cell_inst/GEN_LSTM_NEURONS[3].neuron/tanh_cell/div_82_81_g73639/Y                       -       A->Y    R     NOR2X2          2  1.5    14    14    7681    (-,-) 
  lstm_inst/cell_inst/GEN_LSTM_NEURONS[3].neuron/tanh_cell/div_82_81_g73633/Y                       -       B->Y    F     NOR2X2          1  1.8    10     9    7691    (-,-) 
  lstm_inst/cell_inst/GEN_LSTM_NEURONS[3].neuron/tanh_cell/div_82_81_g73622/Y                       -       B->Y    R     NOR2X4          4  3.8    16    12    7703    (-,-) 
  lstm_inst/cell_inst/GEN_LSTM_NEURONS[3].neuron/tanh_cell/div_82_81_g82576/Y                       -       A->Y    F     NAND2X2         4  2.6    20    17    7720    (-,-) 
  lstm_inst/cell_inst/GEN_LSTM_NEURONS[3].neuron/tanh_cell/fopt82578/Y                              -       A->Y    R     INVX3           9  3.1    10    10    7730    (-,-) 
  lstm_inst/cell_inst/GEN_LSTM_NEURONS[3].neuron/tanh_cell/div_82_81_g82583/Y                       -       A1N->Y  R     OAI2BB1X1       1  0.5     7    20    7749    (-,-) 
  lstm_inst/cell_inst/GEN_LSTM_NEURONS[3].neuron/tanh_cell/g85022/Y                                 -       B->Y    F     NAND2BX1        1  0.9    14    12    7761    (-,-) 
  lstm_inst/cell_inst/GEN_LSTM_NEURONS[3].neuron/tanh_cell/div_82_81_g82210/Y                       -       B->Y    R     NAND2X2         4  2.1    13    10    7771    (-,-) 
  lstm_inst/cell_inst/GEN_LSTM_NEURONS[3].neuron/tanh_cell/fopt80520/Y                              -       A->Y    R     CLKBUFX2        3  1.1     6    17    7788    (-,-) 
  lstm_inst/cell_inst/GEN_LSTM_NEURONS[3].neuron/tanh_cell/fopt80518/Y                              -       A->Y    F     INVX1           6  2.2    13    11    7799    (-,-) 
  lstm_inst/cell_inst/GEN_LSTM_NEURONS[3].neuron/tanh_cell/div_82_81_g82213/Y                       -       A0->Y   R     OAI21X1         2  1.1    21    19    7818    (-,-) 
  lstm_inst/cell_inst/GEN_LSTM_NEURONS[3].neuron/tanh_cell/div_82_81_g73414/Y                       -       B->Y    F     NAND2X1         1  0.5    12    13    7831    (-,-) 
  lstm_inst/cell_inst/GEN_LSTM_NEURONS[3].neuron/tanh_cell/div_82_81_g73354/Y                       -       S0->Y   F     MXI2XL          1  0.5    18    18    7848    (-,-) 
  lstm_inst/cell_inst/GEN_LSTM_NEURONS[3].neuron/tanh_cell/div_82_81_g73298/Y                       -       A1->Y   R     AOI22X1         1  0.5    19    18    7867    (-,-) 
  lstm_inst/cell_inst/GEN_LSTM_NEURONS[3].neuron/tanh_cell/div_82_81_g73287/Y                       -       B0->Y   F     OAI2BB1X1       2  1.0    16    16    7883    (-,-) 
  lstm_inst/cell_inst/GEN_LSTM_NEURONS[3].neuron/tanh_cell/fopt78358/Y                              -       A->Y    R     INVX1           3  1.3    11    11    7894    (-,-) 
  lstm_inst/cell_inst/GEN_LSTM_NEURONS[3].neuron/tanh_cell/div_82_81_g73268/Y                       -       B->Y    F     NAND2X1         1  0.9    14    13    7906    (-,-) 
  lstm_inst/cell_inst/GEN_LSTM_NEURONS[3].neuron/tanh_cell/div_82_81_g73263/Y                       -       B0->Y   R     AOI21X2         1  2.0    19    16    7922    (-,-) 
  lstm_inst/cell_inst/GEN_LSTM_NEURONS[3].neuron/tanh_cell/div_82_81_g73253/Y                       -       B0->Y   F     OAI21X4         6  2.9    18    17    7939    (-,-) 
  lstm_inst/cell_inst/GEN_LSTM_NEURONS[3].neuron/tanh_cell/div_82_81_g73232/Y                       -       B->Y    F     CLKAND2X3      11  4.4    12    23    7962    (-,-) 
  lstm_inst/cell_inst/GEN_LSTM_NEURONS[3].neuron/tanh_cell/div_82_81_g73162/Y                       -       A1N->Y  F     OAI2BB1XL       1  0.3    10    16    7978    (-,-) 
  lstm_inst/cell_inst/GEN_LSTM_NEURONS[3].neuron/tanh_cell/div_82_81_g73143/Y                       -       B->Y    F     OR2X1           2  1.2     9    23    8000    (-,-) 
  lstm_inst/cell_inst/GEN_LSTM_NEURONS[3].neuron/tanh_cell/div_82_81_g73106/Y                       -       A->Y    R     NAND2X2         2  0.8     9     8    8008    (-,-) 
  lstm_inst/cell_inst/GEN_LSTM_NEURONS[3].neuron/tanh_cell/div_82_81_g73082/Y                       -       B->Y    F     NOR2XL          2  0.7    11     9    8017    (-,-) 
  lstm_inst/cell_inst/GEN_LSTM_NEURONS[3].neuron/tanh_cell/div_82_81_g73072/Y                       -       B->Y    R     NOR2BX1         1  0.5    11    11    8028    (-,-) 
  lstm_inst/cell_inst/GEN_LSTM_NEURONS[3].neuron/tanh_cell/div_82_81_g73041/Y                       -       A1->Y   F     OAI21X1         1  1.0    20    15    8043    (-,-) 
  lstm_inst/cell_inst/GEN_LSTM_NEURONS[3].neuron/tanh_cell/div_82_81_g73038/Y                       -       A->Y    R     NOR2X2          3  2.0    16    16    8059    (-,-) 
  lstm_inst/cell_inst/GEN_LSTM_NEURONS[3].neuron/tanh_cell/div_82_81_g82852/Y                       -       A->Y    R     CLKAND2X3       6  3.6    10    21    8080    (-,-) 
  lstm_inst/cell_inst/GEN_LSTM_NEURONS[3].neuron/tanh_cell/div_82_81_g72980/Y                       -       A1N->Y  R     OAI2BB1X1       1  0.3     6    19    8099    (-,-) 
  lstm_inst/cell_inst/GEN_LSTM_NEURONS[3].neuron/tanh_cell/div_82_81_g72950/Y                       -       A1N->Y  R     OAI2BB1X1       2  0.8    10    20    8119    (-,-) 
  lstm_inst/cell_inst/GEN_LSTM_NEURONS[3].neuron/tanh_cell/div_82_81_g72919/Y                       -       B->Y    F     NAND2X1         2  0.8    13    12    8131    (-,-) 
  lstm_inst/cell_inst/GEN_LSTM_NEURONS[3].neuron/tanh_cell/fopt78485/Y                              -       A->Y    R     INVX1           2  0.6     6     8    8139    (-,-) 
  lstm_inst/cell_inst/GEN_LSTM_NEURONS[3].neuron/tanh_cell/div_82_81_g72876/Y                       -       AN->Y   R     NOR2BX1         1  1.0    15    20    8159    (-,-) 
  lstm_inst/cell_inst/GEN_LSTM_NEURONS[3].neuron/tanh_cell/div_82_81_g72865/Y                       -       B->Y    F     NOR2X2          2  1.2     8     9    8168    (-,-) 
  lstm_inst/cell_inst/GEN_LSTM_NEURONS[3].neuron/tanh_cell/div_82_81_g81817/Y                       -       B->Y    R     NOR2X2          1  2.1    16    13    8180    (-,-) 
  lstm_inst/cell_inst/GEN_LSTM_NEURONS[3].neuron/tanh_cell/div_82_81_g81815/Y                       -       B->Y    F     NOR2X4         10  5.2    14    11    8191    (-,-) 
  lstm_inst/cell_inst/GEN_LSTM_NEURONS[3].neuron/tanh_cell/div_82_81_g81814/Y                       -       B->Y    R     NOR2X2          9  3.8    26    19    8210    (-,-) 
  lstm_inst/cell_inst/GEN_LSTM_NEURONS[3].neuron/tanh_cell/fopt74653/Y                              -       A->Y    R     BUFX3           3  1.8     7    18    8228    (-,-) 
  lstm_inst/cell_inst/GEN_LSTM_NEURONS[3].neuron/tanh_cell/div_82_81_g72771/Y                       -       A1->Y   F     AOI21X2         2  1.4    18    14    8242    (-,-) 
  lstm_inst/cell_inst/GEN_LSTM_NEURONS[3].neuron/tanh_cell/fopt82204/Y                              -       A->Y    R     INVX1           2  1.5    12    12    8254    (-,-) 
  lstm_inst/cell_inst/GEN_LSTM_NEURONS[3].neuron/tanh_cell/fopt82206/Y                              -       A->Y    F     INVX2           2  1.2     6     8    8261    (-,-) 
  lstm_inst/cell_inst/GEN_LSTM_NEURONS[3].neuron/tanh_cell/div_82_81_g82205/Y                       -       B->Y    R     NOR2X2          2  1.3    12    10    8271    (-,-) 
  lstm_inst/cell_inst/GEN_LSTM_NEURONS[3].neuron/tanh_cell/div_82_81_g82169/Y                       -       B->Y    F     NAND2X2         1  2.0    16    14    8285    (-,-) 
  lstm_inst/cell_inst/GEN_LSTM_NEURONS[3].neuron/tanh_cell/div_82_81_g72683/Y                       -       A0->Y   R     OAI21X4         3  3.3    18    17    8302    (-,-) 
  lstm_inst/cell_inst/GEN_LSTM_NEURONS[3].neuron/tanh_cell/div_82_81_g82533/Y                       -       B->Y    F     NAND2X4         6  2.6    14    13    8315    (-,-) 
  lstm_inst/cell_inst/GEN_LSTM_NEURONS[3].neuron/tanh_cell/fopt82535/Y                              -       A->Y    R     INVX2           2  1.3     7     8    8323    (-,-) 
  lstm_inst/cell_inst/GEN_LSTM_NEURONS[3].neuron/tanh_cell/div_82_81_g82537/Y                       -       A1N->Y  R     OAI2BB1X1       1  1.0    12    21    8344    (-,-) 
  lstm_inst/cell_inst/GEN_LSTM_NEURONS[3].neuron/tanh_cell/div_82_81_g72589/Y                       -       B0->Y   F     AOI21X2         2  0.8    14     8    8351    (-,-) 
  lstm_inst/cell_inst/GEN_LSTM_NEURONS[3].neuron/tanh_cell/div_82_81_g72573/Y                       -       A->Y    R     NOR2X1          2  0.8    14    14    8365    (-,-) 
  lstm_inst/cell_inst/GEN_LSTM_NEURONS[3].neuron/tanh_cell/div_82_81_g72557/Y                       -       B->Y    F     NAND2XL         1  0.4    12    12    8377    (-,-) 
  lstm_inst/cell_inst/GEN_LSTM_NEURONS[3].neuron/tanh_cell/div_82_81_g72533/Y                       -       B->Y    R     NOR2X1          2  0.8    14    12    8390    (-,-) 
  lstm_inst/cell_inst/GEN_LSTM_NEURONS[3].neuron/tanh_cell/div_82_81_g72513/Y                       -       B->Y    F     NOR2X1          4  1.4    12    11    8401    (-,-) 
  lstm_inst/cell_inst/GEN_LSTM_NEURONS[3].neuron/tanh_cell/div_82_81_g72487/Y                       -       B->Y    R     NOR2X1          1  1.0    16    14    8414    (-,-) 
  lstm_inst/cell_inst/GEN_LSTM_NEURONS[3].neuron/tanh_cell/div_82_81_g72478/Y                       -       B->Y    F     NOR2X2          6  2.2    12    10    8424    (-,-) 
  lstm_inst/cell_inst/GEN_LSTM_NEURONS[3].neuron/tanh_cell/fopt74912/Y                              -       A->Y    R     INVX1           1  1.0     8     9    8433    (-,-) 
  lstm_inst/cell_inst/GEN_LSTM_NEURONS[3].neuron/tanh_cell/div_82_81_g72465/Y                       -       B->Y    F     NOR2X2         11  4.0    18    12    8445    (-,-) 
  lstm_inst/cell_inst/GEN_LSTM_NEURONS[3].neuron/tanh_cell/div_82_81_g72453/Y                       -       B->Y    R     NOR2X1          4  1.5    22    18    8463    (-,-) 
  lstm_inst/cell_inst/GEN_LSTM_NEURONS[3].neuron/tanh_cell/div_82_81_g72429/Y                       -       S0->Y   R     MXI2XL          2  0.6    21    19    8482    (-,-) 
  lstm_inst/cell_inst/GEN_LSTM_NEURONS[3].neuron/tanh_cell/div_82_81_g72397/Y                       -       A1->Y   F     AOI21XL         1  0.3    16    17    8498    (-,-) 
  lstm_inst/cell_inst/GEN_LSTM_NEURONS[3].neuron/tanh_cell/div_82_81_g72383/Y                       -       A0N->Y  F     AOI2BB1XL       1  0.9    13    23    8521    (-,-) 
  lstm_inst/cell_inst/GEN_LSTM_NEURONS[3].neuron/tanh_cell/div_82_81_g72376/Y                       -       B->Y    R     NOR2X2          2  1.0    12    10    8532    (-,-) 
  lstm_inst/cell_inst/GEN_LSTM_NEURONS[3].neuron/tanh_cell/div_82_81_g72350/Y                       -       B0->Y   F     OAI22X1         2  1.3    28    22    8554    (-,-) 
  lstm_inst/cell_inst/GEN_LSTM_NEURONS[3].neuron/tanh_cell/csa_tree_add_82_68_groupi_g8111/CO       -       CI->CO  F     ADDFX1          1  0.8    10    36    8589    (-,-) 
  lstm_inst/cell_inst/GEN_LSTM_NEURONS[3].neuron/tanh_cell/csa_tree_add_82_68_groupi_g8094/CO       -       CI->CO  F     ADDFX1          1  0.8    10    33    8622    (-,-) 
  lstm_inst/cell_inst/GEN_LSTM_NEURONS[3].neuron/tanh_cell/csa_tree_add_82_68_groupi_g8084/CO       -       CI->CO  F     ADDFXL          1  1.1    13    32    8654    (-,-) 
  lstm_inst/cell_inst/GEN_LSTM_NEURONS[3].neuron/tanh_cell/csa_tree_add_82_68_groupi_g84517/CO      -       CI->CO  F     ADDFHX1         3  1.5    13    33    8687    (-,-) 
  lstm_inst/cell_inst/GEN_LSTM_NEURONS[3].neuron/tanh_cell/g84524/Y                                 -       B->Y    R     NAND2XL         1  1.0    15    12    8699    (-,-) 
  lstm_inst/cell_inst/GEN_LSTM_NEURONS[3].neuron/tanh_cell/g84521/Y                                 -       C->Y    F     NAND3X2         1  0.8    18    15    8714    (-,-) 
  lstm_inst/cell_inst/GEN_LSTM_NEURONS[3].neuron/tanh_cell/csa_tree_add_82_68_groupi_g84519/CO      -       CI->CO  F     ADDFXL          1  0.8    10    32    8746    (-,-) 
  lstm_inst/cell_inst/GEN_LSTM_NEURONS[3].neuron/tanh_cell/csa_tree_add_82_68_groupi_g8060/CO       -       CI->CO  F     ADDFXL          1  0.8    10    31    8777    (-,-) 
  lstm_inst/cell_inst/GEN_LSTM_NEURONS[3].neuron/tanh_cell/csa_tree_add_82_68_groupi_g8050/CO       -       CI->CO  F     ADDFXL          1  0.9    11    31    8808    (-,-) 
  lstm_inst/cell_inst/GEN_LSTM_NEURONS[3].neuron/tanh_cell/fopt77440/Y                              -       A->Y    R     INVX2           2  1.4     6     8    8816    (-,-) 
  lstm_inst/cell_inst/GEN_LSTM_NEURONS[3].neuron/tanh_cell/g84871/Y                                 -       A1->Y   F     OAI21X2         1  0.8    16    11    8827    (-,-) 
  lstm_inst/cell_inst/GEN_LSTM_NEURONS[3].neuron/tanh_cell/csa_tree_add_82_68_groupi_g8034/CO       -       CI->CO  F     ADDFXL          1  0.8    10    32    8859    (-,-) 
  lstm_inst/cell_inst/GEN_LSTM_NEURONS[3].neuron/tanh_cell/csa_tree_add_82_68_groupi_g8031/CO       -       CI->CO  F     ADDFXL          1  0.8    10    31    8889    (-,-) 
  lstm_inst/cell_inst/GEN_LSTM_NEURONS[3].neuron/tanh_cell/csa_tree_add_82_68_groupi_g8028/CO       -       CI->CO  F     ADDFXL          1  0.8    10    31    8920    (-,-) 
  lstm_inst/cell_inst/GEN_LSTM_NEURONS[3].neuron/tanh_cell/csa_tree_add_82_68_groupi_g8025/CO       -       CI->CO  F     ADDFXL          1  0.8    10    31    8951    (-,-) 
  lstm_inst/cell_inst/GEN_LSTM_NEURONS[3].neuron/tanh_cell/csa_tree_add_82_68_groupi_g8022/CO       -       CI->CO  F     ADDFXL          1  0.8    10    31    8982    (-,-) 
  lstm_inst/cell_inst/GEN_LSTM_NEURONS[3].neuron/tanh_cell/csa_tree_add_82_68_groupi_g83272/CO      -       CI->CO  F     ADDFXL          2  1.2    14    33    9014    (-,-) 
  lstm_inst/cell_inst/GEN_LSTM_NEURONS[3].neuron/tanh_cell/g83274/Y                                 -       B->Y    R     NAND2X2         2  1.3     8     8    9023    (-,-) 
  lstm_inst/cell_inst/GEN_LSTM_NEURONS[3].neuron/tanh_cell/csa_tree_add_82_68_groupi_g83273/Y       -       B->Y    F     NOR2X2          2  2.3    13     9    9032    (-,-) 
  lstm_inst/cell_inst/GEN_LSTM_NEURONS[3].neuron/tanh_cell/csa_tree_add_82_68_groupi_g7966/Y        -       A1->Y   R     AOI21X4         2  1.4    14    12    9044    (-,-) 
  lstm_inst/cell_inst/GEN_LSTM_NEURONS[3].neuron/tanh_cell/g84869/Y                                 -       A1->Y   F     OAI21X2         1  1.0    16    13    9057    (-,-) 
  lstm_inst/cell_inst/GEN_LSTM_NEURONS[3].neuron/tanh_cell/csa_tree_add_82_68_groupi_g7935/Y        -       A1->Y   R     AOI21X2         1  1.1    15    14    9071    (-,-) 
  lstm_inst/cell_inst/GEN_LSTM_NEURONS[3].neuron/tanh_cell/csa_tree_add_82_68_groupi_g84511/Y       -       A1->Y   F     OAI21X2         3  1.5    17    14    9085    (-,-) 
  lstm_inst/cell_inst/GEN_LSTM_NEURONS[3].neuron/tanh_cell/g84512/Y                                 -       B->Y    R     NAND2XL         1  1.0    15    13    9098    (-,-) 
  lstm_inst/cell_inst/GEN_LSTM_NEURONS[3].neuron/tanh_cell/g84508/Y                                 -       C->Y    F     NAND3X2         1  0.8    18    15    9113    (-,-) 
  lstm_inst/cell_inst/GEN_LSTM_NEURONS[3].neuron/tanh_cell/csa_tree_add_82_68_groupi_g84506/CO      -       CI->CO  F     ADDFXL          1  0.8    10    32    9145    (-,-) 
  lstm_inst/cell_inst/GEN_LSTM_NEURONS[3].neuron/tanh_cell/csa_tree_add_82_68_groupi_g7929/CO       -       CI->CO  F     ADDFXL          1  0.8    10    31    9176    (-,-) 
  lstm_inst/cell_inst/GEN_LSTM_NEURONS[3].neuron/tanh_cell/csa_tree_add_82_68_groupi_g7928/CO       -       CI->CO  F     ADDFXL          1  0.8    10    31    9207    (-,-) 
  lstm_inst/cell_inst/GEN_LSTM_NEURONS[3].neuron/tanh_cell/csa_tree_add_82_68_groupi_g7927/CO       -       CI->CO  F     ADDFXL          1  0.8    10    31    9238    (-,-) 
  lstm_inst/cell_inst/GEN_LSTM_NEURONS[3].neuron/tanh_cell/csa_tree_add_82_68_groupi_g7926/CO       -       CI->CO  F     ADDFXL          1  0.8    10    31    9268    (-,-) 
  lstm_inst/cell_inst/GEN_LSTM_NEURONS[3].neuron/tanh_cell/csa_tree_add_82_68_groupi_g82916/S       -       CI->S   F     ADDFXL          2  0.6     9    35    9303    (-,-) 
  lstm_inst/cell_inst/GEN_LSTM_NEURONS[3].neuron/tanh_cell/g1496/Y                                  -       AN->Y   F     NAND2BX1        1  1.0    16    20    9324    (-,-) 
  lstm_inst/cell_inst/GEN_LSTM_NEURONS[3].neuron/tanh_cell/g82917/Y                                 -       A->Y    F     OR2X6           2  4.0    11    29    9352    (-,-) 
  lstm_inst/cell_inst/GEN_LSTM_NEURONS[3].neuron/tanh_cell/g82155/Y                                 -       B->Y    R     NAND2X8        16 10.8    15    11    9363    (-,-) 
  lstm_inst/cell_inst/GEN_LSTM_NEURONS[3].neuron/tanh_cell/g1488/Y                                  -       B->Y    R     AND2X6          4  1.9     8    25    9388    (-,-) 
  lstm_inst/cell_inst/GEN_LSTM_NEURONS[3].neuron/mul_213_22_g11263_dup578/Y                         -       A->Y    F     XNOR2X1         2  1.6    12    36    9424    (-,-) 
  lstm_inst/cell_inst/GEN_LSTM_NEURONS[3].neuron/mul_213_22_g566/Y                                  -       B->Y    F     CLKAND2X3       9  3.3    10    21    9445    (-,-) 
  lstm_inst/cell_inst/GEN_LSTM_NEURONS[3].neuron/g27765/Y                                           -       A1->Y   F     AO22XL          1  0.8    10    28    9474    (-,-) 
  lstm_inst/cell_inst/GEN_LSTM_NEURONS[3].neuron/mul_213_22_cdnfadd_019_1/S                         -       CI->S   R     ADDFX1          1  1.2    11    49    9522    (-,-) 
  lstm_inst/cell_inst/GEN_LSTM_NEURONS[3].neuron/mul_213_22_cdnfadd_019_4/S                         -       B->S    F     ADDFX1          1  1.1    11    50    9573    (-,-) 
  lstm_inst/cell_inst/GEN_LSTM_NEURONS[3].neuron/mul_213_22_cdnfadd_019_407/S                       -       B->S    R     ADDFXL          1  0.8    11    46    9619    (-,-) 
  lstm_inst/cell_inst/GEN_LSTM_NEURONS[3].neuron/mul_213_22_cdnfadd_019_263/S                       -       CI->S   F     ADDFXL          2  0.6     9    41    9659    (-,-) 
  lstm_inst/cell_inst/GEN_LSTM_NEURONS[3].neuron/mul_213_22_g320/Y                                  -       A1N->Y  F     AOI2BB1X2       2  1.0    10    29    9688    (-,-) 
  lstm_inst/cell_inst/GEN_LSTM_NEURONS[3].neuron/mul_213_22_g10102/Y                                -       A0->Y   R     AOI21X1         1  0.5    13    15    9703    (-,-) 
  lstm_inst/cell_inst/GEN_LSTM_NEURONS[3].neuron/mul_213_22_g10067/Y                                -       A->Y    F     NOR2X1          1  0.4     8    10    9713    (-,-) 
  lstm_inst/cell_inst/GEN_LSTM_NEURONS[3].neuron/mul_213_22_g177/Y                                  -       B->Y    R     NOR2X1          1  1.0    16    12    9725    (-,-) 
  lstm_inst/cell_inst/GEN_LSTM_NEURONS[3].neuron/g27769/Y                                           -       B->Y    F     NAND2X2         2  1.2    12    12    9737    (-,-) 
  lstm_inst/cell_inst/GEN_LSTM_NEURONS[3].neuron/mul_213_22_g178/Y                                  -       B->Y    R     NAND2X2         2  1.4     8     8    9746    (-,-) 
  lstm_inst/cell_inst/GEN_LSTM_NEURONS[3].neuron/mul_213_22_g160/Y                                  -       A1->Y   F     OAI21X2         2  0.8    14    12    9757    (-,-) 
  lstm_inst/cell_inst/GEN_LSTM_NEURONS[3].neuron/g164/Y                                             -       B->Y    R     NAND2X1         1  0.5     8     8    9766    (-,-) 
  lstm_inst/cell_inst/GEN_LSTM_NEURONS[3].neuron/g27742/Y                                           -       B->Y    F     NAND2X1         1  1.0    14    12    9778    (-,-) 
  lstm_inst/cell_inst/GEN_LSTM_NEURONS[3].neuron/mul_213_22_g162/Y                                  -       A1->Y   R     AOI21X2         2  1.3    15    14    9792    (-,-) 
  lstm_inst/cell_inst/GEN_LSTM_NEURONS[3].neuron/mul_213_22_g10050/Y                                -       B->Y    F     NOR2X2          2  1.3    10     9    9801    (-,-) 
  lstm_inst/cell_inst/GEN_LSTM_NEURONS[3].neuron/mul_213_22_g10046/Y                                -       A1->Y   R     AOI21X2         2  1.4    16    14    9815    (-,-) 
  lstm_inst/cell_inst/GEN_LSTM_NEURONS[3].neuron/mul_213_22_g167/Y                                  -       A1->Y   F     OAI21X2         2  0.8    14    13    9828    (-,-) 
  lstm_inst/cell_inst/GEN_LSTM_NEURONS[3].neuron/g27697/Y                                           -       B->Y    R     NAND2X1         1  0.5     7     8    9836    (-,-) 
  lstm_inst/cell_inst/GEN_LSTM_NEURONS[3].neuron/g27679/Y                                           -       B->Y    F     NAND2X1         1  0.9    14    12    9848    (-,-) 
  lstm_inst/cell_inst/GEN_LSTM_NEURONS[3].neuron/mul_213_22_g169/Y                                  -       B->Y    R     NAND2X2         2  1.3     8     8    9856    (-,-) 
  lstm_inst/cell_inst/GEN_LSTM_NEURONS[3].neuron/mul_213_22_g126/Y                                  -       B->Y    F     NOR2X2          2  1.3     9     8    9864    (-,-) 
  lstm_inst/cell_inst/GEN_LSTM_NEURONS[3].neuron/mul_213_22_g128/Y                                  -       A1->Y   R     AOI21X2         2  1.3    17    13    9877    (-,-) 
  lstm_inst/cell_inst/GEN_LSTM_NEURONS[3].neuron/mul_213_22_g10027/Y                                -       B->Y    F     NOR2X2          1  0.9     8     8    9885    (-,-) 
  lstm_inst/cell_inst/GEN_LSTM_NEURONS[3].neuron/mul_213_22_g10022/Y                                -       B->Y    R     NOR2X2          2  2.4    18    14    9899    (-,-) 
  lstm_inst/cell_inst/GEN_LSTM_NEURONS[3].neuron/mul_213_22_g10012/Y                                -       B->Y    F     NOR2X4          2  1.2     8     8    9907    (-,-) 
  lstm_inst/cell_inst/GEN_LSTM_NEURONS[3].neuron/mul_213_22_g10005/Y                                -       B->Y    R     NAND2X2         1  1.0     7     7    9914    (-,-) 
  lstm_inst/cell_inst/GEN_LSTM_NEURONS[3].neuron/mul_213_22_g10002/Y                                -       B->Y    F     NAND2X2         2  1.2    12    11    9924    (-,-) 
  lstm_inst/cell_inst/GEN_LSTM_NEURONS[3].neuron/mul_213_22_g9995/Y                                 -       B->Y    R     NAND2X2         2  0.6     8     7    9932    (-,-) 
  lstm_inst/cell_inst/GEN_LSTM_NEURONS[3].neuron/mul_213_22_g2/Y                                    -       AN->Y   R     NOR2BX1         1  0.8    14    19    9951    (-,-) 
  lstm_inst/cell_inst/GEN_LSTM_NEURONS[3].neuron/mul_213_22_g9988/Y                                 -       S0->Y   R     MXI2X1          2  0.6    17    18    9968    (-,-) 
  lstm_inst/g52818/Y                                                                                -       A1N->Y  R     OAI2BB1XL       1  0.3     8    18    9986    (-,-) 
  lstm_inst/h_curr_reg[3][25]/D                                                                     <<<     -       R     DFFRX1          1    -     -     0    9986    (-,-) 
#-----------------------------------------------------------------------------------------------------------------------------------------------------------------------------

