
============================================================
Camada: embedding_1
Shape: (1, 50, 64)
============================================================

[[[-0.01265 ,  0.013522,  0.023834, -0.020204,  0.080811,  0.039442,
   -0.017702, -0.002315, -0.000505,  0.039848,  0.01927 ,  0.008472,
   -0.022664, -0.003201, -0.010531, -0.08396 , -0.00622 , -0.071487,
   -0.007212,  0.037301, -0.024521, -0.013917,  0.015227, -0.000403,
   -0.032624, -0.009797,  0.015119, -0.001574, -0.014324, -0.009955,
   -0.024253, -0.020368, -0.014325, -0.009651, -0.015739, -0.013489,
    0.00789 ,  0.010713, -0.004076, -0.00768 , -0.021442,  0.01914 ,
   -0.06506 ,  0.010568, -0.000893,  0.013412, -0.006927, -0.030893,
   -0.020555, -0.015423, -0.032074, -0.017962, -0.017554,  0.104258,
   -0.001254,  0.033832, -0.032591,  0.001887,  0.001152,  0.012318,
    0.016229,  0.007399, -0.018129,  0.025187],
  [-0.01265 ,  0.013522,  0.023834, -0.020204,  0.080811,  0.039442,
   -0.017702, -0.002315, -0.000505,  0.039848,  0.01927 ,  0.008472,
   -0.022664, -0.003201, -0.010531, -0.08396 , -0.00622 , -0.071487,
   -0.007212,  0.037301, -0.024521, -0.013917,  0.015227, -0.000403,
   -0.032624, -0.009797,  0.015119, -0.001574, -0.014324, -0.009955,
   -0.024253, -0.020368, -0.014325, -0.009651, -0.015739, -0.013489,
    0.00789 ,  0.010713, -0.004076, -0.00768 , -0.021442,  0.01914 ,
   -0.06506 ,  0.010568, -0.000893,  0.013412, -0.006927, -0.030893,
   -0.020555, -0.015423, -0.032074, -0.017962, -0.017554,  0.104258,
   -0.001254,  0.033832, -0.032591,  0.001887,  0.001152,  0.012318,
    0.016229,  0.007399, -0.018129,  0.025187],
  [-0.01265 ,  0.013522,  0.023834, -0.020204,  0.080811,  0.039442,
   -0.017702, -0.002315, -0.000505,  0.039848,  0.01927 ,  0.008472,
   -0.022664, -0.003201, -0.010531, -0.08396 , -0.00622 , -0.071487,
   -0.007212,  0.037301, -0.024521, -0.013917,  0.015227, -0.000403,
   -0.032624, -0.009797,  0.015119, -0.001574, -0.014324, -0.009955,
   -0.024253, -0.020368, -0.014325, -0.009651, -0.015739, -0.013489,
    0.00789 ,  0.010713, -0.004076, -0.00768 , -0.021442,  0.01914 ,
   -0.06506 ,  0.010568, -0.000893,  0.013412, -0.006927, -0.030893,
   -0.020555, -0.015423, -0.032074, -0.017962, -0.017554,  0.104258,
   -0.001254,  0.033832, -0.032591,  0.001887,  0.001152,  0.012318,
    0.016229,  0.007399, -0.018129,  0.025187],
  [-0.01265 ,  0.013522,  0.023834, -0.020204,  0.080811,  0.039442,
   -0.017702, -0.002315, -0.000505,  0.039848,  0.01927 ,  0.008472,
   -0.022664, -0.003201, -0.010531, -0.08396 , -0.00622 , -0.071487,
   -0.007212,  0.037301, -0.024521, -0.013917,  0.015227, -0.000403,
   -0.032624, -0.009797,  0.015119, -0.001574, -0.014324, -0.009955,
   -0.024253, -0.020368, -0.014325, -0.009651, -0.015739, -0.013489,
    0.00789 ,  0.010713, -0.004076, -0.00768 , -0.021442,  0.01914 ,
   -0.06506 ,  0.010568, -0.000893,  0.013412, -0.006927, -0.030893,
   -0.020555, -0.015423, -0.032074, -0.017962, -0.017554,  0.104258,
   -0.001254,  0.033832, -0.032591,  0.001887,  0.001152,  0.012318,
    0.016229,  0.007399, -0.018129,  0.025187],
  [-0.01265 ,  0.013522,  0.023834, -0.020204,  0.080811,  0.039442,
   -0.017702, -0.002315, -0.000505,  0.039848,  0.01927 ,  0.008472,
   -0.022664, -0.003201, -0.010531, -0.08396 , -0.00622 , -0.071487,
   -0.007212,  0.037301, -0.024521, -0.013917,  0.015227, -0.000403,
   -0.032624, -0.009797,  0.015119, -0.001574, -0.014324, -0.009955,
   -0.024253, -0.020368, -0.014325, -0.009651, -0.015739, -0.013489,
    0.00789 ,  0.010713, -0.004076, -0.00768 , -0.021442,  0.01914 ,
   -0.06506 ,  0.010568, -0.000893,  0.013412, -0.006927, -0.030893,
   -0.020555, -0.015423, -0.032074, -0.017962, -0.017554,  0.104258,
   -0.001254,  0.033832, -0.032591,  0.001887,  0.001152,  0.012318,
    0.016229,  0.007399, -0.018129,  0.025187],
  [-0.01265 ,  0.013522,  0.023834, -0.020204,  0.080811,  0.039442,
   -0.017702, -0.002315, -0.000505,  0.039848,  0.01927 ,  0.008472,
   -0.022664, -0.003201, -0.010531, -0.08396 , -0.00622 , -0.071487,
   -0.007212,  0.037301, -0.024521, -0.013917,  0.015227, -0.000403,
   -0.032624, -0.009797,  0.015119, -0.001574, -0.014324, -0.009955,
   -0.024253, -0.020368, -0.014325, -0.009651, -0.015739, -0.013489,
    0.00789 ,  0.010713, -0.004076, -0.00768 , -0.021442,  0.01914 ,
   -0.06506 ,  0.010568, -0.000893,  0.013412, -0.006927, -0.030893,
   -0.020555, -0.015423, -0.032074, -0.017962, -0.017554,  0.104258,
   -0.001254,  0.033832, -0.032591,  0.001887,  0.001152,  0.012318,
    0.016229,  0.007399, -0.018129,  0.025187],
  [-0.01265 ,  0.013522,  0.023834, -0.020204,  0.080811,  0.039442,
   -0.017702, -0.002315, -0.000505,  0.039848,  0.01927 ,  0.008472,
   -0.022664, -0.003201, -0.010531, -0.08396 , -0.00622 , -0.071487,
   -0.007212,  0.037301, -0.024521, -0.013917,  0.015227, -0.000403,
   -0.032624, -0.009797,  0.015119, -0.001574, -0.014324, -0.009955,
   -0.024253, -0.020368, -0.014325, -0.009651, -0.015739, -0.013489,
    0.00789 ,  0.010713, -0.004076, -0.00768 , -0.021442,  0.01914 ,
   -0.06506 ,  0.010568, -0.000893,  0.013412, -0.006927, -0.030893,
   -0.020555, -0.015423, -0.032074, -0.017962, -0.017554,  0.104258,
   -0.001254,  0.033832, -0.032591,  0.001887,  0.001152,  0.012318,
    0.016229,  0.007399, -0.018129,  0.025187],
  [-0.01265 ,  0.013522,  0.023834, -0.020204,  0.080811,  0.039442,
   -0.017702, -0.002315, -0.000505,  0.039848,  0.01927 ,  0.008472,
   -0.022664, -0.003201, -0.010531, -0.08396 , -0.00622 , -0.071487,
   -0.007212,  0.037301, -0.024521, -0.013917,  0.015227, -0.000403,
   -0.032624, -0.009797,  0.015119, -0.001574, -0.014324, -0.009955,
   -0.024253, -0.020368, -0.014325, -0.009651, -0.015739, -0.013489,
    0.00789 ,  0.010713, -0.004076, -0.00768 , -0.021442,  0.01914 ,
   -0.06506 ,  0.010568, -0.000893,  0.013412, -0.006927, -0.030893,
   -0.020555, -0.015423, -0.032074, -0.017962, -0.017554,  0.104258,
   -0.001254,  0.033832, -0.032591,  0.001887,  0.001152,  0.012318,
    0.016229,  0.007399, -0.018129,  0.025187],
  [-0.01265 ,  0.013522,  0.023834, -0.020204,  0.080811,  0.039442,
   -0.017702, -0.002315, -0.000505,  0.039848,  0.01927 ,  0.008472,
   -0.022664, -0.003201, -0.010531, -0.08396 , -0.00622 , -0.071487,
   -0.007212,  0.037301, -0.024521, -0.013917,  0.015227, -0.000403,
   -0.032624, -0.009797,  0.015119, -0.001574, -0.014324, -0.009955,
   -0.024253, -0.020368, -0.014325, -0.009651, -0.015739, -0.013489,
    0.00789 ,  0.010713, -0.004076, -0.00768 , -0.021442,  0.01914 ,
   -0.06506 ,  0.010568, -0.000893,  0.013412, -0.006927, -0.030893,
   -0.020555, -0.015423, -0.032074, -0.017962, -0.017554,  0.104258,
   -0.001254,  0.033832, -0.032591,  0.001887,  0.001152,  0.012318,
    0.016229,  0.007399, -0.018129,  0.025187],
  [-0.01265 ,  0.013522,  0.023834, -0.020204,  0.080811,  0.039442,
   -0.017702, -0.002315, -0.000505,  0.039848,  0.01927 ,  0.008472,
   -0.022664, -0.003201, -0.010531, -0.08396 , -0.00622 , -0.071487,
   -0.007212,  0.037301, -0.024521, -0.013917,  0.015227, -0.000403,
   -0.032624, -0.009797,  0.015119, -0.001574, -0.014324, -0.009955,
   -0.024253, -0.020368, -0.014325, -0.009651, -0.015739, -0.013489,
    0.00789 ,  0.010713, -0.004076, -0.00768 , -0.021442,  0.01914 ,
   -0.06506 ,  0.010568, -0.000893,  0.013412, -0.006927, -0.030893,
   -0.020555, -0.015423, -0.032074, -0.017962, -0.017554,  0.104258,
   -0.001254,  0.033832, -0.032591,  0.001887,  0.001152,  0.012318,
    0.016229,  0.007399, -0.018129,  0.025187],
  [-0.01265 ,  0.013522,  0.023834, -0.020204,  0.080811,  0.039442,
   -0.017702, -0.002315, -0.000505,  0.039848,  0.01927 ,  0.008472,
   -0.022664, -0.003201, -0.010531, -0.08396 , -0.00622 , -0.071487,
   -0.007212,  0.037301, -0.024521, -0.013917,  0.015227, -0.000403,
   -0.032624, -0.009797,  0.015119, -0.001574, -0.014324, -0.009955,
   -0.024253, -0.020368, -0.014325, -0.009651, -0.015739, -0.013489,
    0.00789 ,  0.010713, -0.004076, -0.00768 , -0.021442,  0.01914 ,
   -0.06506 ,  0.010568, -0.000893,  0.013412, -0.006927, -0.030893,
   -0.020555, -0.015423, -0.032074, -0.017962, -0.017554,  0.104258,
   -0.001254,  0.033832, -0.032591,  0.001887,  0.001152,  0.012318,
    0.016229,  0.007399, -0.018129,  0.025187],
  [-0.01265 ,  0.013522,  0.023834, -0.020204,  0.080811,  0.039442,
   -0.017702, -0.002315, -0.000505,  0.039848,  0.01927 ,  0.008472,
   -0.022664, -0.003201, -0.010531, -0.08396 , -0.00622 , -0.071487,
   -0.007212,  0.037301, -0.024521, -0.013917,  0.015227, -0.000403,
   -0.032624, -0.009797,  0.015119, -0.001574, -0.014324, -0.009955,
   -0.024253, -0.020368, -0.014325, -0.009651, -0.015739, -0.013489,
    0.00789 ,  0.010713, -0.004076, -0.00768 , -0.021442,  0.01914 ,
   -0.06506 ,  0.010568, -0.000893,  0.013412, -0.006927, -0.030893,
   -0.020555, -0.015423, -0.032074, -0.017962, -0.017554,  0.104258,
   -0.001254,  0.033832, -0.032591,  0.001887,  0.001152,  0.012318,
    0.016229,  0.007399, -0.018129,  0.025187],
  [-0.01265 ,  0.013522,  0.023834, -0.020204,  0.080811,  0.039442,
   -0.017702, -0.002315, -0.000505,  0.039848,  0.01927 ,  0.008472,
   -0.022664, -0.003201, -0.010531, -0.08396 , -0.00622 , -0.071487,
   -0.007212,  0.037301, -0.024521, -0.013917,  0.015227, -0.000403,
   -0.032624, -0.009797,  0.015119, -0.001574, -0.014324, -0.009955,
   -0.024253, -0.020368, -0.014325, -0.009651, -0.015739, -0.013489,
    0.00789 ,  0.010713, -0.004076, -0.00768 , -0.021442,  0.01914 ,
   -0.06506 ,  0.010568, -0.000893,  0.013412, -0.006927, -0.030893,
   -0.020555, -0.015423, -0.032074, -0.017962, -0.017554,  0.104258,
   -0.001254,  0.033832, -0.032591,  0.001887,  0.001152,  0.012318,
    0.016229,  0.007399, -0.018129,  0.025187],
  [-0.01265 ,  0.013522,  0.023834, -0.020204,  0.080811,  0.039442,
   -0.017702, -0.002315, -0.000505,  0.039848,  0.01927 ,  0.008472,
   -0.022664, -0.003201, -0.010531, -0.08396 , -0.00622 , -0.071487,
   -0.007212,  0.037301, -0.024521, -0.013917,  0.015227, -0.000403,
   -0.032624, -0.009797,  0.015119, -0.001574, -0.014324, -0.009955,
   -0.024253, -0.020368, -0.014325, -0.009651, -0.015739, -0.013489,
    0.00789 ,  0.010713, -0.004076, -0.00768 , -0.021442,  0.01914 ,
   -0.06506 ,  0.010568, -0.000893,  0.013412, -0.006927, -0.030893,
   -0.020555, -0.015423, -0.032074, -0.017962, -0.017554,  0.104258,
   -0.001254,  0.033832, -0.032591,  0.001887,  0.001152,  0.012318,
    0.016229,  0.007399, -0.018129,  0.025187],
  [-0.01265 ,  0.013522,  0.023834, -0.020204,  0.080811,  0.039442,
   -0.017702, -0.002315, -0.000505,  0.039848,  0.01927 ,  0.008472,
   -0.022664, -0.003201, -0.010531, -0.08396 , -0.00622 , -0.071487,
   -0.007212,  0.037301, -0.024521, -0.013917,  0.015227, -0.000403,
   -0.032624, -0.009797,  0.015119, -0.001574, -0.014324, -0.009955,
   -0.024253, -0.020368, -0.014325, -0.009651, -0.015739, -0.013489,
    0.00789 ,  0.010713, -0.004076, -0.00768 , -0.021442,  0.01914 ,
   -0.06506 ,  0.010568, -0.000893,  0.013412, -0.006927, -0.030893,
   -0.020555, -0.015423, -0.032074, -0.017962, -0.017554,  0.104258,
   -0.001254,  0.033832, -0.032591,  0.001887,  0.001152,  0.012318,
    0.016229,  0.007399, -0.018129,  0.025187],
  [-0.01265 ,  0.013522,  0.023834, -0.020204,  0.080811,  0.039442,
   -0.017702, -0.002315, -0.000505,  0.039848,  0.01927 ,  0.008472,
   -0.022664, -0.003201, -0.010531, -0.08396 , -0.00622 , -0.071487,
   -0.007212,  0.037301, -0.024521, -0.013917,  0.015227, -0.000403,
   -0.032624, -0.009797,  0.015119, -0.001574, -0.014324, -0.009955,
   -0.024253, -0.020368, -0.014325, -0.009651, -0.015739, -0.013489,
    0.00789 ,  0.010713, -0.004076, -0.00768 , -0.021442,  0.01914 ,
   -0.06506 ,  0.010568, -0.000893,  0.013412, -0.006927, -0.030893,
   -0.020555, -0.015423, -0.032074, -0.017962, -0.017554,  0.104258,
   -0.001254,  0.033832, -0.032591,  0.001887,  0.001152,  0.012318,
    0.016229,  0.007399, -0.018129,  0.025187],
  [-0.01265 ,  0.013522,  0.023834, -0.020204,  0.080811,  0.039442,
   -0.017702, -0.002315, -0.000505,  0.039848,  0.01927 ,  0.008472,
   -0.022664, -0.003201, -0.010531, -0.08396 , -0.00622 , -0.071487,
   -0.007212,  0.037301, -0.024521, -0.013917,  0.015227, -0.000403,
   -0.032624, -0.009797,  0.015119, -0.001574, -0.014324, -0.009955,
   -0.024253, -0.020368, -0.014325, -0.009651, -0.015739, -0.013489,
    0.00789 ,  0.010713, -0.004076, -0.00768 , -0.021442,  0.01914 ,
   -0.06506 ,  0.010568, -0.000893,  0.013412, -0.006927, -0.030893,
   -0.020555, -0.015423, -0.032074, -0.017962, -0.017554,  0.104258,
   -0.001254,  0.033832, -0.032591,  0.001887,  0.001152,  0.012318,
    0.016229,  0.007399, -0.018129,  0.025187],
  [-0.01265 ,  0.013522,  0.023834, -0.020204,  0.080811,  0.039442,
   -0.017702, -0.002315, -0.000505,  0.039848,  0.01927 ,  0.008472,
   -0.022664, -0.003201, -0.010531, -0.08396 , -0.00622 , -0.071487,
   -0.007212,  0.037301, -0.024521, -0.013917,  0.015227, -0.000403,
   -0.032624, -0.009797,  0.015119, -0.001574, -0.014324, -0.009955,
   -0.024253, -0.020368, -0.014325, -0.009651, -0.015739, -0.013489,
    0.00789 ,  0.010713, -0.004076, -0.00768 , -0.021442,  0.01914 ,
   -0.06506 ,  0.010568, -0.000893,  0.013412, -0.006927, -0.030893,
   -0.020555, -0.015423, -0.032074, -0.017962, -0.017554,  0.104258,
   -0.001254,  0.033832, -0.032591,  0.001887,  0.001152,  0.012318,
    0.016229,  0.007399, -0.018129,  0.025187],
  [-0.01265 ,  0.013522,  0.023834, -0.020204,  0.080811,  0.039442,
   -0.017702, -0.002315, -0.000505,  0.039848,  0.01927 ,  0.008472,
   -0.022664, -0.003201, -0.010531, -0.08396 , -0.00622 , -0.071487,
   -0.007212,  0.037301, -0.024521, -0.013917,  0.015227, -0.000403,
   -0.032624, -0.009797,  0.015119, -0.001574, -0.014324, -0.009955,
   -0.024253, -0.020368, -0.014325, -0.009651, -0.015739, -0.013489,
    0.00789 ,  0.010713, -0.004076, -0.00768 , -0.021442,  0.01914 ,
   -0.06506 ,  0.010568, -0.000893,  0.013412, -0.006927, -0.030893,
   -0.020555, -0.015423, -0.032074, -0.017962, -0.017554,  0.104258,
   -0.001254,  0.033832, -0.032591,  0.001887,  0.001152,  0.012318,
    0.016229,  0.007399, -0.018129,  0.025187],
  [-0.01265 ,  0.013522,  0.023834, -0.020204,  0.080811,  0.039442,
   -0.017702, -0.002315, -0.000505,  0.039848,  0.01927 ,  0.008472,
   -0.022664, -0.003201, -0.010531, -0.08396 , -0.00622 , -0.071487,
   -0.007212,  0.037301, -0.024521, -0.013917,  0.015227, -0.000403,
   -0.032624, -0.009797,  0.015119, -0.001574, -0.014324, -0.009955,
   -0.024253, -0.020368, -0.014325, -0.009651, -0.015739, -0.013489,
    0.00789 ,  0.010713, -0.004076, -0.00768 , -0.021442,  0.01914 ,
   -0.06506 ,  0.010568, -0.000893,  0.013412, -0.006927, -0.030893,
   -0.020555, -0.015423, -0.032074, -0.017962, -0.017554,  0.104258,
   -0.001254,  0.033832, -0.032591,  0.001887,  0.001152,  0.012318,
    0.016229,  0.007399, -0.018129,  0.025187],
  [-0.01265 ,  0.013522,  0.023834, -0.020204,  0.080811,  0.039442,
   -0.017702, -0.002315, -0.000505,  0.039848,  0.01927 ,  0.008472,
   -0.022664, -0.003201, -0.010531, -0.08396 , -0.00622 , -0.071487,
   -0.007212,  0.037301, -0.024521, -0.013917,  0.015227, -0.000403,
   -0.032624, -0.009797,  0.015119, -0.001574, -0.014324, -0.009955,
   -0.024253, -0.020368, -0.014325, -0.009651, -0.015739, -0.013489,
    0.00789 ,  0.010713, -0.004076, -0.00768 , -0.021442,  0.01914 ,
   -0.06506 ,  0.010568, -0.000893,  0.013412, -0.006927, -0.030893,
   -0.020555, -0.015423, -0.032074, -0.017962, -0.017554,  0.104258,
   -0.001254,  0.033832, -0.032591,  0.001887,  0.001152,  0.012318,
    0.016229,  0.007399, -0.018129,  0.025187],
  [-0.01265 ,  0.013522,  0.023834, -0.020204,  0.080811,  0.039442,
   -0.017702, -0.002315, -0.000505,  0.039848,  0.01927 ,  0.008472,
   -0.022664, -0.003201, -0.010531, -0.08396 , -0.00622 , -0.071487,
   -0.007212,  0.037301, -0.024521, -0.013917,  0.015227, -0.000403,
   -0.032624, -0.009797,  0.015119, -0.001574, -0.014324, -0.009955,
   -0.024253, -0.020368, -0.014325, -0.009651, -0.015739, -0.013489,
    0.00789 ,  0.010713, -0.004076, -0.00768 , -0.021442,  0.01914 ,
   -0.06506 ,  0.010568, -0.000893,  0.013412, -0.006927, -0.030893,
   -0.020555, -0.015423, -0.032074, -0.017962, -0.017554,  0.104258,
   -0.001254,  0.033832, -0.032591,  0.001887,  0.001152,  0.012318,
    0.016229,  0.007399, -0.018129,  0.025187],
  [-0.01265 ,  0.013522,  0.023834, -0.020204,  0.080811,  0.039442,
   -0.017702, -0.002315, -0.000505,  0.039848,  0.01927 ,  0.008472,
   -0.022664, -0.003201, -0.010531, -0.08396 , -0.00622 , -0.071487,
   -0.007212,  0.037301, -0.024521, -0.013917,  0.015227, -0.000403,
   -0.032624, -0.009797,  0.015119, -0.001574, -0.014324, -0.009955,
   -0.024253, -0.020368, -0.014325, -0.009651, -0.015739, -0.013489,
    0.00789 ,  0.010713, -0.004076, -0.00768 , -0.021442,  0.01914 ,
   -0.06506 ,  0.010568, -0.000893,  0.013412, -0.006927, -0.030893,
   -0.020555, -0.015423, -0.032074, -0.017962, -0.017554,  0.104258,
   -0.001254,  0.033832, -0.032591,  0.001887,  0.001152,  0.012318,
    0.016229,  0.007399, -0.018129,  0.025187],
  [-0.01265 ,  0.013522,  0.023834, -0.020204,  0.080811,  0.039442,
   -0.017702, -0.002315, -0.000505,  0.039848,  0.01927 ,  0.008472,
   -0.022664, -0.003201, -0.010531, -0.08396 , -0.00622 , -0.071487,
   -0.007212,  0.037301, -0.024521, -0.013917,  0.015227, -0.000403,
   -0.032624, -0.009797,  0.015119, -0.001574, -0.014324, -0.009955,
   -0.024253, -0.020368, -0.014325, -0.009651, -0.015739, -0.013489,
    0.00789 ,  0.010713, -0.004076, -0.00768 , -0.021442,  0.01914 ,
   -0.06506 ,  0.010568, -0.000893,  0.013412, -0.006927, -0.030893,
   -0.020555, -0.015423, -0.032074, -0.017962, -0.017554,  0.104258,
   -0.001254,  0.033832, -0.032591,  0.001887,  0.001152,  0.012318,
    0.016229,  0.007399, -0.018129,  0.025187],
  [-0.01265 ,  0.013522,  0.023834, -0.020204,  0.080811,  0.039442,
   -0.017702, -0.002315, -0.000505,  0.039848,  0.01927 ,  0.008472,
   -0.022664, -0.003201, -0.010531, -0.08396 , -0.00622 , -0.071487,
   -0.007212,  0.037301, -0.024521, -0.013917,  0.015227, -0.000403,
   -0.032624, -0.009797,  0.015119, -0.001574, -0.014324, -0.009955,
   -0.024253, -0.020368, -0.014325, -0.009651, -0.015739, -0.013489,
    0.00789 ,  0.010713, -0.004076, -0.00768 , -0.021442,  0.01914 ,
   -0.06506 ,  0.010568, -0.000893,  0.013412, -0.006927, -0.030893,
   -0.020555, -0.015423, -0.032074, -0.017962, -0.017554,  0.104258,
   -0.001254,  0.033832, -0.032591,  0.001887,  0.001152,  0.012318,
    0.016229,  0.007399, -0.018129,  0.025187],
  [-0.01265 ,  0.013522,  0.023834, -0.020204,  0.080811,  0.039442,
   -0.017702, -0.002315, -0.000505,  0.039848,  0.01927 ,  0.008472,
   -0.022664, -0.003201, -0.010531, -0.08396 , -0.00622 , -0.071487,
   -0.007212,  0.037301, -0.024521, -0.013917,  0.015227, -0.000403,
   -0.032624, -0.009797,  0.015119, -0.001574, -0.014324, -0.009955,
   -0.024253, -0.020368, -0.014325, -0.009651, -0.015739, -0.013489,
    0.00789 ,  0.010713, -0.004076, -0.00768 , -0.021442,  0.01914 ,
   -0.06506 ,  0.010568, -0.000893,  0.013412, -0.006927, -0.030893,
   -0.020555, -0.015423, -0.032074, -0.017962, -0.017554,  0.104258,
   -0.001254,  0.033832, -0.032591,  0.001887,  0.001152,  0.012318,
    0.016229,  0.007399, -0.018129,  0.025187],
  [-0.01265 ,  0.013522,  0.023834, -0.020204,  0.080811,  0.039442,
   -0.017702, -0.002315, -0.000505,  0.039848,  0.01927 ,  0.008472,
   -0.022664, -0.003201, -0.010531, -0.08396 , -0.00622 , -0.071487,
   -0.007212,  0.037301, -0.024521, -0.013917,  0.015227, -0.000403,
   -0.032624, -0.009797,  0.015119, -0.001574, -0.014324, -0.009955,
   -0.024253, -0.020368, -0.014325, -0.009651, -0.015739, -0.013489,
    0.00789 ,  0.010713, -0.004076, -0.00768 , -0.021442,  0.01914 ,
   -0.06506 ,  0.010568, -0.000893,  0.013412, -0.006927, -0.030893,
   -0.020555, -0.015423, -0.032074, -0.017962, -0.017554,  0.104258,
   -0.001254,  0.033832, -0.032591,  0.001887,  0.001152,  0.012318,
    0.016229,  0.007399, -0.018129,  0.025187],
  [-0.01265 ,  0.013522,  0.023834, -0.020204,  0.080811,  0.039442,
   -0.017702, -0.002315, -0.000505,  0.039848,  0.01927 ,  0.008472,
   -0.022664, -0.003201, -0.010531, -0.08396 , -0.00622 , -0.071487,
   -0.007212,  0.037301, -0.024521, -0.013917,  0.015227, -0.000403,
   -0.032624, -0.009797,  0.015119, -0.001574, -0.014324, -0.009955,
   -0.024253, -0.020368, -0.014325, -0.009651, -0.015739, -0.013489,
    0.00789 ,  0.010713, -0.004076, -0.00768 , -0.021442,  0.01914 ,
   -0.06506 ,  0.010568, -0.000893,  0.013412, -0.006927, -0.030893,
   -0.020555, -0.015423, -0.032074, -0.017962, -0.017554,  0.104258,
   -0.001254,  0.033832, -0.032591,  0.001887,  0.001152,  0.012318,
    0.016229,  0.007399, -0.018129,  0.025187],
  [-0.01265 ,  0.013522,  0.023834, -0.020204,  0.080811,  0.039442,
   -0.017702, -0.002315, -0.000505,  0.039848,  0.01927 ,  0.008472,
   -0.022664, -0.003201, -0.010531, -0.08396 , -0.00622 , -0.071487,
   -0.007212,  0.037301, -0.024521, -0.013917,  0.015227, -0.000403,
   -0.032624, -0.009797,  0.015119, -0.001574, -0.014324, -0.009955,
   -0.024253, -0.020368, -0.014325, -0.009651, -0.015739, -0.013489,
    0.00789 ,  0.010713, -0.004076, -0.00768 , -0.021442,  0.01914 ,
   -0.06506 ,  0.010568, -0.000893,  0.013412, -0.006927, -0.030893,
   -0.020555, -0.015423, -0.032074, -0.017962, -0.017554,  0.104258,
   -0.001254,  0.033832, -0.032591,  0.001887,  0.001152,  0.012318,
    0.016229,  0.007399, -0.018129,  0.025187],
  [-0.01265 ,  0.013522,  0.023834, -0.020204,  0.080811,  0.039442,
   -0.017702, -0.002315, -0.000505,  0.039848,  0.01927 ,  0.008472,
   -0.022664, -0.003201, -0.010531, -0.08396 , -0.00622 , -0.071487,
   -0.007212,  0.037301, -0.024521, -0.013917,  0.015227, -0.000403,
   -0.032624, -0.009797,  0.015119, -0.001574, -0.014324, -0.009955,
   -0.024253, -0.020368, -0.014325, -0.009651, -0.015739, -0.013489,
    0.00789 ,  0.010713, -0.004076, -0.00768 , -0.021442,  0.01914 ,
   -0.06506 ,  0.010568, -0.000893,  0.013412, -0.006927, -0.030893,
   -0.020555, -0.015423, -0.032074, -0.017962, -0.017554,  0.104258,
   -0.001254,  0.033832, -0.032591,  0.001887,  0.001152,  0.012318,
    0.016229,  0.007399, -0.018129,  0.025187],
  [-0.01265 ,  0.013522,  0.023834, -0.020204,  0.080811,  0.039442,
   -0.017702, -0.002315, -0.000505,  0.039848,  0.01927 ,  0.008472,
   -0.022664, -0.003201, -0.010531, -0.08396 , -0.00622 , -0.071487,
   -0.007212,  0.037301, -0.024521, -0.013917,  0.015227, -0.000403,
   -0.032624, -0.009797,  0.015119, -0.001574, -0.014324, -0.009955,
   -0.024253, -0.020368, -0.014325, -0.009651, -0.015739, -0.013489,
    0.00789 ,  0.010713, -0.004076, -0.00768 , -0.021442,  0.01914 ,
   -0.06506 ,  0.010568, -0.000893,  0.013412, -0.006927, -0.030893,
   -0.020555, -0.015423, -0.032074, -0.017962, -0.017554,  0.104258,
   -0.001254,  0.033832, -0.032591,  0.001887,  0.001152,  0.012318,
    0.016229,  0.007399, -0.018129,  0.025187],
  [-0.01265 ,  0.013522,  0.023834, -0.020204,  0.080811,  0.039442,
   -0.017702, -0.002315, -0.000505,  0.039848,  0.01927 ,  0.008472,
   -0.022664, -0.003201, -0.010531, -0.08396 , -0.00622 , -0.071487,
   -0.007212,  0.037301, -0.024521, -0.013917,  0.015227, -0.000403,
   -0.032624, -0.009797,  0.015119, -0.001574, -0.014324, -0.009955,
   -0.024253, -0.020368, -0.014325, -0.009651, -0.015739, -0.013489,
    0.00789 ,  0.010713, -0.004076, -0.00768 , -0.021442,  0.01914 ,
   -0.06506 ,  0.010568, -0.000893,  0.013412, -0.006927, -0.030893,
   -0.020555, -0.015423, -0.032074, -0.017962, -0.017554,  0.104258,
   -0.001254,  0.033832, -0.032591,  0.001887,  0.001152,  0.012318,
    0.016229,  0.007399, -0.018129,  0.025187],
  [-0.01265 ,  0.013522,  0.023834, -0.020204,  0.080811,  0.039442,
   -0.017702, -0.002315, -0.000505,  0.039848,  0.01927 ,  0.008472,
   -0.022664, -0.003201, -0.010531, -0.08396 , -0.00622 , -0.071487,
   -0.007212,  0.037301, -0.024521, -0.013917,  0.015227, -0.000403,
   -0.032624, -0.009797,  0.015119, -0.001574, -0.014324, -0.009955,
   -0.024253, -0.020368, -0.014325, -0.009651, -0.015739, -0.013489,
    0.00789 ,  0.010713, -0.004076, -0.00768 , -0.021442,  0.01914 ,
   -0.06506 ,  0.010568, -0.000893,  0.013412, -0.006927, -0.030893,
   -0.020555, -0.015423, -0.032074, -0.017962, -0.017554,  0.104258,
   -0.001254,  0.033832, -0.032591,  0.001887,  0.001152,  0.012318,
    0.016229,  0.007399, -0.018129,  0.025187],
  [-0.01265 ,  0.013522,  0.023834, -0.020204,  0.080811,  0.039442,
   -0.017702, -0.002315, -0.000505,  0.039848,  0.01927 ,  0.008472,
   -0.022664, -0.003201, -0.010531, -0.08396 , -0.00622 , -0.071487,
   -0.007212,  0.037301, -0.024521, -0.013917,  0.015227, -0.000403,
   -0.032624, -0.009797,  0.015119, -0.001574, -0.014324, -0.009955,
   -0.024253, -0.020368, -0.014325, -0.009651, -0.015739, -0.013489,
    0.00789 ,  0.010713, -0.004076, -0.00768 , -0.021442,  0.01914 ,
   -0.06506 ,  0.010568, -0.000893,  0.013412, -0.006927, -0.030893,
   -0.020555, -0.015423, -0.032074, -0.017962, -0.017554,  0.104258,
   -0.001254,  0.033832, -0.032591,  0.001887,  0.001152,  0.012318,
    0.016229,  0.007399, -0.018129,  0.025187],
  [-0.01265 ,  0.013522,  0.023834, -0.020204,  0.080811,  0.039442,
   -0.017702, -0.002315, -0.000505,  0.039848,  0.01927 ,  0.008472,
   -0.022664, -0.003201, -0.010531, -0.08396 , -0.00622 , -0.071487,
   -0.007212,  0.037301, -0.024521, -0.013917,  0.015227, -0.000403,
   -0.032624, -0.009797,  0.015119, -0.001574, -0.014324, -0.009955,
   -0.024253, -0.020368, -0.014325, -0.009651, -0.015739, -0.013489,
    0.00789 ,  0.010713, -0.004076, -0.00768 , -0.021442,  0.01914 ,
   -0.06506 ,  0.010568, -0.000893,  0.013412, -0.006927, -0.030893,
   -0.020555, -0.015423, -0.032074, -0.017962, -0.017554,  0.104258,
   -0.001254,  0.033832, -0.032591,  0.001887,  0.001152,  0.012318,
    0.016229,  0.007399, -0.018129,  0.025187],
  [-0.01265 ,  0.013522,  0.023834, -0.020204,  0.080811,  0.039442,
   -0.017702, -0.002315, -0.000505,  0.039848,  0.01927 ,  0.008472,
   -0.022664, -0.003201, -0.010531, -0.08396 , -0.00622 , -0.071487,
   -0.007212,  0.037301, -0.024521, -0.013917,  0.015227, -0.000403,
   -0.032624, -0.009797,  0.015119, -0.001574, -0.014324, -0.009955,
   -0.024253, -0.020368, -0.014325, -0.009651, -0.015739, -0.013489,
    0.00789 ,  0.010713, -0.004076, -0.00768 , -0.021442,  0.01914 ,
   -0.06506 ,  0.010568, -0.000893,  0.013412, -0.006927, -0.030893,
   -0.020555, -0.015423, -0.032074, -0.017962, -0.017554,  0.104258,
   -0.001254,  0.033832, -0.032591,  0.001887,  0.001152,  0.012318,
    0.016229,  0.007399, -0.018129,  0.025187],
  [-0.01265 ,  0.013522,  0.023834, -0.020204,  0.080811,  0.039442,
   -0.017702, -0.002315, -0.000505,  0.039848,  0.01927 ,  0.008472,
   -0.022664, -0.003201, -0.010531, -0.08396 , -0.00622 , -0.071487,
   -0.007212,  0.037301, -0.024521, -0.013917,  0.015227, -0.000403,
   -0.032624, -0.009797,  0.015119, -0.001574, -0.014324, -0.009955,
   -0.024253, -0.020368, -0.014325, -0.009651, -0.015739, -0.013489,
    0.00789 ,  0.010713, -0.004076, -0.00768 , -0.021442,  0.01914 ,
   -0.06506 ,  0.010568, -0.000893,  0.013412, -0.006927, -0.030893,
   -0.020555, -0.015423, -0.032074, -0.017962, -0.017554,  0.104258,
   -0.001254,  0.033832, -0.032591,  0.001887,  0.001152,  0.012318,
    0.016229,  0.007399, -0.018129,  0.025187],
  [-0.01265 ,  0.013522,  0.023834, -0.020204,  0.080811,  0.039442,
   -0.017702, -0.002315, -0.000505,  0.039848,  0.01927 ,  0.008472,
   -0.022664, -0.003201, -0.010531, -0.08396 , -0.00622 , -0.071487,
   -0.007212,  0.037301, -0.024521, -0.013917,  0.015227, -0.000403,
   -0.032624, -0.009797,  0.015119, -0.001574, -0.014324, -0.009955,
   -0.024253, -0.020368, -0.014325, -0.009651, -0.015739, -0.013489,
    0.00789 ,  0.010713, -0.004076, -0.00768 , -0.021442,  0.01914 ,
   -0.06506 ,  0.010568, -0.000893,  0.013412, -0.006927, -0.030893,
   -0.020555, -0.015423, -0.032074, -0.017962, -0.017554,  0.104258,
   -0.001254,  0.033832, -0.032591,  0.001887,  0.001152,  0.012318,
    0.016229,  0.007399, -0.018129,  0.025187],
  [-0.01265 ,  0.013522,  0.023834, -0.020204,  0.080811,  0.039442,
   -0.017702, -0.002315, -0.000505,  0.039848,  0.01927 ,  0.008472,
   -0.022664, -0.003201, -0.010531, -0.08396 , -0.00622 , -0.071487,
   -0.007212,  0.037301, -0.024521, -0.013917,  0.015227, -0.000403,
   -0.032624, -0.009797,  0.015119, -0.001574, -0.014324, -0.009955,
   -0.024253, -0.020368, -0.014325, -0.009651, -0.015739, -0.013489,
    0.00789 ,  0.010713, -0.004076, -0.00768 , -0.021442,  0.01914 ,
   -0.06506 ,  0.010568, -0.000893,  0.013412, -0.006927, -0.030893,
   -0.020555, -0.015423, -0.032074, -0.017962, -0.017554,  0.104258,
   -0.001254,  0.033832, -0.032591,  0.001887,  0.001152,  0.012318,
    0.016229,  0.007399, -0.018129,  0.025187],
  [-0.01265 ,  0.013522,  0.023834, -0.020204,  0.080811,  0.039442,
   -0.017702, -0.002315, -0.000505,  0.039848,  0.01927 ,  0.008472,
   -0.022664, -0.003201, -0.010531, -0.08396 , -0.00622 , -0.071487,
   -0.007212,  0.037301, -0.024521, -0.013917,  0.015227, -0.000403,
   -0.032624, -0.009797,  0.015119, -0.001574, -0.014324, -0.009955,
   -0.024253, -0.020368, -0.014325, -0.009651, -0.015739, -0.013489,
    0.00789 ,  0.010713, -0.004076, -0.00768 , -0.021442,  0.01914 ,
   -0.06506 ,  0.010568, -0.000893,  0.013412, -0.006927, -0.030893,
   -0.020555, -0.015423, -0.032074, -0.017962, -0.017554,  0.104258,
   -0.001254,  0.033832, -0.032591,  0.001887,  0.001152,  0.012318,
    0.016229,  0.007399, -0.018129,  0.025187],
  [-0.01265 ,  0.013522,  0.023834, -0.020204,  0.080811,  0.039442,
   -0.017702, -0.002315, -0.000505,  0.039848,  0.01927 ,  0.008472,
   -0.022664, -0.003201, -0.010531, -0.08396 , -0.00622 , -0.071487,
   -0.007212,  0.037301, -0.024521, -0.013917,  0.015227, -0.000403,
   -0.032624, -0.009797,  0.015119, -0.001574, -0.014324, -0.009955,
   -0.024253, -0.020368, -0.014325, -0.009651, -0.015739, -0.013489,
    0.00789 ,  0.010713, -0.004076, -0.00768 , -0.021442,  0.01914 ,
   -0.06506 ,  0.010568, -0.000893,  0.013412, -0.006927, -0.030893,
   -0.020555, -0.015423, -0.032074, -0.017962, -0.017554,  0.104258,
   -0.001254,  0.033832, -0.032591,  0.001887,  0.001152,  0.012318,
    0.016229,  0.007399, -0.018129,  0.025187],
  [-0.01265 ,  0.013522,  0.023834, -0.020204,  0.080811,  0.039442,
   -0.017702, -0.002315, -0.000505,  0.039848,  0.01927 ,  0.008472,
   -0.022664, -0.003201, -0.010531, -0.08396 , -0.00622 , -0.071487,
   -0.007212,  0.037301, -0.024521, -0.013917,  0.015227, -0.000403,
   -0.032624, -0.009797,  0.015119, -0.001574, -0.014324, -0.009955,
   -0.024253, -0.020368, -0.014325, -0.009651, -0.015739, -0.013489,
    0.00789 ,  0.010713, -0.004076, -0.00768 , -0.021442,  0.01914 ,
   -0.06506 ,  0.010568, -0.000893,  0.013412, -0.006927, -0.030893,
   -0.020555, -0.015423, -0.032074, -0.017962, -0.017554,  0.104258,
   -0.001254,  0.033832, -0.032591,  0.001887,  0.001152,  0.012318,
    0.016229,  0.007399, -0.018129,  0.025187],
  [-0.01265 ,  0.013522,  0.023834, -0.020204,  0.080811,  0.039442,
   -0.017702, -0.002315, -0.000505,  0.039848,  0.01927 ,  0.008472,
   -0.022664, -0.003201, -0.010531, -0.08396 , -0.00622 , -0.071487,
   -0.007212,  0.037301, -0.024521, -0.013917,  0.015227, -0.000403,
   -0.032624, -0.009797,  0.015119, -0.001574, -0.014324, -0.009955,
   -0.024253, -0.020368, -0.014325, -0.009651, -0.015739, -0.013489,
    0.00789 ,  0.010713, -0.004076, -0.00768 , -0.021442,  0.01914 ,
   -0.06506 ,  0.010568, -0.000893,  0.013412, -0.006927, -0.030893,
   -0.020555, -0.015423, -0.032074, -0.017962, -0.017554,  0.104258,
   -0.001254,  0.033832, -0.032591,  0.001887,  0.001152,  0.012318,
    0.016229,  0.007399, -0.018129,  0.025187],
  [-0.01265 ,  0.013522,  0.023834, -0.020204,  0.080811,  0.039442,
   -0.017702, -0.002315, -0.000505,  0.039848,  0.01927 ,  0.008472,
   -0.022664, -0.003201, -0.010531, -0.08396 , -0.00622 , -0.071487,
   -0.007212,  0.037301, -0.024521, -0.013917,  0.015227, -0.000403,
   -0.032624, -0.009797,  0.015119, -0.001574, -0.014324, -0.009955,
   -0.024253, -0.020368, -0.014325, -0.009651, -0.015739, -0.013489,
    0.00789 ,  0.010713, -0.004076, -0.00768 , -0.021442,  0.01914 ,
   -0.06506 ,  0.010568, -0.000893,  0.013412, -0.006927, -0.030893,
   -0.020555, -0.015423, -0.032074, -0.017962, -0.017554,  0.104258,
   -0.001254,  0.033832, -0.032591,  0.001887,  0.001152,  0.012318,
    0.016229,  0.007399, -0.018129,  0.025187],
  [-0.01265 ,  0.013522,  0.023834, -0.020204,  0.080811,  0.039442,
   -0.017702, -0.002315, -0.000505,  0.039848,  0.01927 ,  0.008472,
   -0.022664, -0.003201, -0.010531, -0.08396 , -0.00622 , -0.071487,
   -0.007212,  0.037301, -0.024521, -0.013917,  0.015227, -0.000403,
   -0.032624, -0.009797,  0.015119, -0.001574, -0.014324, -0.009955,
   -0.024253, -0.020368, -0.014325, -0.009651, -0.015739, -0.013489,
    0.00789 ,  0.010713, -0.004076, -0.00768 , -0.021442,  0.01914 ,
   -0.06506 ,  0.010568, -0.000893,  0.013412, -0.006927, -0.030893,
   -0.020555, -0.015423, -0.032074, -0.017962, -0.017554,  0.104258,
   -0.001254,  0.033832, -0.032591,  0.001887,  0.001152,  0.012318,
    0.016229,  0.007399, -0.018129,  0.025187],
  [-0.01265 ,  0.013522,  0.023834, -0.020204,  0.080811,  0.039442,
   -0.017702, -0.002315, -0.000505,  0.039848,  0.01927 ,  0.008472,
   -0.022664, -0.003201, -0.010531, -0.08396 , -0.00622 , -0.071487,
   -0.007212,  0.037301, -0.024521, -0.013917,  0.015227, -0.000403,
   -0.032624, -0.009797,  0.015119, -0.001574, -0.014324, -0.009955,
   -0.024253, -0.020368, -0.014325, -0.009651, -0.015739, -0.013489,
    0.00789 ,  0.010713, -0.004076, -0.00768 , -0.021442,  0.01914 ,
   -0.06506 ,  0.010568, -0.000893,  0.013412, -0.006927, -0.030893,
   -0.020555, -0.015423, -0.032074, -0.017962, -0.017554,  0.104258,
   -0.001254,  0.033832, -0.032591,  0.001887,  0.001152,  0.012318,
    0.016229,  0.007399, -0.018129,  0.025187],
  [-0.01265 ,  0.013522,  0.023834, -0.020204,  0.080811,  0.039442,
   -0.017702, -0.002315, -0.000505,  0.039848,  0.01927 ,  0.008472,
   -0.022664, -0.003201, -0.010531, -0.08396 , -0.00622 , -0.071487,
   -0.007212,  0.037301, -0.024521, -0.013917,  0.015227, -0.000403,
   -0.032624, -0.009797,  0.015119, -0.001574, -0.014324, -0.009955,
   -0.024253, -0.020368, -0.014325, -0.009651, -0.015739, -0.013489,
    0.00789 ,  0.010713, -0.004076, -0.00768 , -0.021442,  0.01914 ,
   -0.06506 ,  0.010568, -0.000893,  0.013412, -0.006927, -0.030893,
   -0.020555, -0.015423, -0.032074, -0.017962, -0.017554,  0.104258,
   -0.001254,  0.033832, -0.032591,  0.001887,  0.001152,  0.012318,
    0.016229,  0.007399, -0.018129,  0.025187],
  [-0.01265 ,  0.013522,  0.023834, -0.020204,  0.080811,  0.039442,
   -0.017702, -0.002315, -0.000505,  0.039848,  0.01927 ,  0.008472,
   -0.022664, -0.003201, -0.010531, -0.08396 , -0.00622 , -0.071487,
   -0.007212,  0.037301, -0.024521, -0.013917,  0.015227, -0.000403,
   -0.032624, -0.009797,  0.015119, -0.001574, -0.014324, -0.009955,
   -0.024253, -0.020368, -0.014325, -0.009651, -0.015739, -0.013489,
    0.00789 ,  0.010713, -0.004076, -0.00768 , -0.021442,  0.01914 ,
   -0.06506 ,  0.010568, -0.000893,  0.013412, -0.006927, -0.030893,
   -0.020555, -0.015423, -0.032074, -0.017962, -0.017554,  0.104258,
   -0.001254,  0.033832, -0.032591,  0.001887,  0.001152,  0.012318,
    0.016229,  0.007399, -0.018129,  0.025187],
  [ 0.007031,  0.008492, -0.025762,  0.025244, -0.005292,  0.020071,
   -0.01032 ,  0.008643,  0.002421, -0.002455, -0.032048, -0.020511,
    0.041089,  0.000757,  0.01942 , -0.002345,  0.01554 ,  0.021549,
   -0.001307,  0.024056, -0.018676,  0.051321, -0.002163,  0.002238,
   -0.012947,  0.020323, -0.007884,  0.016497,  0.067084, -0.011065,
   -0.009722,  0.027065,  0.009405, -0.01294 , -0.013175, -0.009013,
   -0.011557,  0.011232, -0.04081 ,  0.013846,  0.020131,  0.021156,
    0.015654, -0.006824, -0.010036, -0.001711,  0.022572,  0.007574,
    0.017524,  0.02611 , -0.028991,  0.007378,  0.029283, -0.026866,
    0.014634, -0.010985,  0.00608 , -0.00204 , -0.011786,  0.037595,
    0.021339,  0.026479, -0.013163, -0.013675],
  [ 0.07392 , -0.046546,  0.031999,  0.079486,  0.002461, -0.000439,
    0.045789,  0.073649,  0.034284,  0.003055, -0.005969, -0.090178,
   -0.009583, -0.055091,  0.106859,  0.060378,  0.060362,  0.04724 ,
   -0.052448, -0.088052,  0.115312,  0.010685, -0.004671, -0.031633,
   -0.091694, -0.036429, -0.009073,  0.000942, -0.038116,  0.015459,
    0.078803,  0.061298,  0.057752,  0.037201, -0.068304,  0.026949,
   -0.06619 , -0.030536, -0.001014, -0.031112,  0.10391 ,  0.074897,
    0.056455,  0.065494, -0.084087,  0.025428,  0.036457,  0.024414,
   -0.030581, -0.058686, -0.033184, -0.096666,  0.034278,  0.017992,
    0.045988,  0.095309,  0.102586, -0.060324,  0.071338,  0.095273,
    0.053406,  0.063009,  0.101274, -0.016206]]]


============================================================
Camada: spatial_dropout1d_1
Shape: (1, 50, 64)
============================================================

[[[-0.01265 ,  0.013522,  0.023834, -0.020204,  0.080811,  0.039442,
   -0.017702, -0.002315, -0.000505,  0.039848,  0.01927 ,  0.008472,
   -0.022664, -0.003201, -0.010531, -0.08396 , -0.00622 , -0.071487,
   -0.007212,  0.037301, -0.024521, -0.013917,  0.015227, -0.000403,
   -0.032624, -0.009797,  0.015119, -0.001574, -0.014324, -0.009955,
   -0.024253, -0.020368, -0.014325, -0.009651, -0.015739, -0.013489,
    0.00789 ,  0.010713, -0.004076, -0.00768 , -0.021442,  0.01914 ,
   -0.06506 ,  0.010568, -0.000893,  0.013412, -0.006927, -0.030893,
   -0.020555, -0.015423, -0.032074, -0.017962, -0.017554,  0.104258,
   -0.001254,  0.033832, -0.032591,  0.001887,  0.001152,  0.012318,
    0.016229,  0.007399, -0.018129,  0.025187],
  [-0.01265 ,  0.013522,  0.023834, -0.020204,  0.080811,  0.039442,
   -0.017702, -0.002315, -0.000505,  0.039848,  0.01927 ,  0.008472,
   -0.022664, -0.003201, -0.010531, -0.08396 , -0.00622 , -0.071487,
   -0.007212,  0.037301, -0.024521, -0.013917,  0.015227, -0.000403,
   -0.032624, -0.009797,  0.015119, -0.001574, -0.014324, -0.009955,
   -0.024253, -0.020368, -0.014325, -0.009651, -0.015739, -0.013489,
    0.00789 ,  0.010713, -0.004076, -0.00768 , -0.021442,  0.01914 ,
   -0.06506 ,  0.010568, -0.000893,  0.013412, -0.006927, -0.030893,
   -0.020555, -0.015423, -0.032074, -0.017962, -0.017554,  0.104258,
   -0.001254,  0.033832, -0.032591,  0.001887,  0.001152,  0.012318,
    0.016229,  0.007399, -0.018129,  0.025187],
  [-0.01265 ,  0.013522,  0.023834, -0.020204,  0.080811,  0.039442,
   -0.017702, -0.002315, -0.000505,  0.039848,  0.01927 ,  0.008472,
   -0.022664, -0.003201, -0.010531, -0.08396 , -0.00622 , -0.071487,
   -0.007212,  0.037301, -0.024521, -0.013917,  0.015227, -0.000403,
   -0.032624, -0.009797,  0.015119, -0.001574, -0.014324, -0.009955,
   -0.024253, -0.020368, -0.014325, -0.009651, -0.015739, -0.013489,
    0.00789 ,  0.010713, -0.004076, -0.00768 , -0.021442,  0.01914 ,
   -0.06506 ,  0.010568, -0.000893,  0.013412, -0.006927, -0.030893,
   -0.020555, -0.015423, -0.032074, -0.017962, -0.017554,  0.104258,
   -0.001254,  0.033832, -0.032591,  0.001887,  0.001152,  0.012318,
    0.016229,  0.007399, -0.018129,  0.025187],
  [-0.01265 ,  0.013522,  0.023834, -0.020204,  0.080811,  0.039442,
   -0.017702, -0.002315, -0.000505,  0.039848,  0.01927 ,  0.008472,
   -0.022664, -0.003201, -0.010531, -0.08396 , -0.00622 , -0.071487,
   -0.007212,  0.037301, -0.024521, -0.013917,  0.015227, -0.000403,
   -0.032624, -0.009797,  0.015119, -0.001574, -0.014324, -0.009955,
   -0.024253, -0.020368, -0.014325, -0.009651, -0.015739, -0.013489,
    0.00789 ,  0.010713, -0.004076, -0.00768 , -0.021442,  0.01914 ,
   -0.06506 ,  0.010568, -0.000893,  0.013412, -0.006927, -0.030893,
   -0.020555, -0.015423, -0.032074, -0.017962, -0.017554,  0.104258,
   -0.001254,  0.033832, -0.032591,  0.001887,  0.001152,  0.012318,
    0.016229,  0.007399, -0.018129,  0.025187],
  [-0.01265 ,  0.013522,  0.023834, -0.020204,  0.080811,  0.039442,
   -0.017702, -0.002315, -0.000505,  0.039848,  0.01927 ,  0.008472,
   -0.022664, -0.003201, -0.010531, -0.08396 , -0.00622 , -0.071487,
   -0.007212,  0.037301, -0.024521, -0.013917,  0.015227, -0.000403,
   -0.032624, -0.009797,  0.015119, -0.001574, -0.014324, -0.009955,
   -0.024253, -0.020368, -0.014325, -0.009651, -0.015739, -0.013489,
    0.00789 ,  0.010713, -0.004076, -0.00768 , -0.021442,  0.01914 ,
   -0.06506 ,  0.010568, -0.000893,  0.013412, -0.006927, -0.030893,
   -0.020555, -0.015423, -0.032074, -0.017962, -0.017554,  0.104258,
   -0.001254,  0.033832, -0.032591,  0.001887,  0.001152,  0.012318,
    0.016229,  0.007399, -0.018129,  0.025187],
  [-0.01265 ,  0.013522,  0.023834, -0.020204,  0.080811,  0.039442,
   -0.017702, -0.002315, -0.000505,  0.039848,  0.01927 ,  0.008472,
   -0.022664, -0.003201, -0.010531, -0.08396 , -0.00622 , -0.071487,
   -0.007212,  0.037301, -0.024521, -0.013917,  0.015227, -0.000403,
   -0.032624, -0.009797,  0.015119, -0.001574, -0.014324, -0.009955,
   -0.024253, -0.020368, -0.014325, -0.009651, -0.015739, -0.013489,
    0.00789 ,  0.010713, -0.004076, -0.00768 , -0.021442,  0.01914 ,
   -0.06506 ,  0.010568, -0.000893,  0.013412, -0.006927, -0.030893,
   -0.020555, -0.015423, -0.032074, -0.017962, -0.017554,  0.104258,
   -0.001254,  0.033832, -0.032591,  0.001887,  0.001152,  0.012318,
    0.016229,  0.007399, -0.018129,  0.025187],
  [-0.01265 ,  0.013522,  0.023834, -0.020204,  0.080811,  0.039442,
   -0.017702, -0.002315, -0.000505,  0.039848,  0.01927 ,  0.008472,
   -0.022664, -0.003201, -0.010531, -0.08396 , -0.00622 , -0.071487,
   -0.007212,  0.037301, -0.024521, -0.013917,  0.015227, -0.000403,
   -0.032624, -0.009797,  0.015119, -0.001574, -0.014324, -0.009955,
   -0.024253, -0.020368, -0.014325, -0.009651, -0.015739, -0.013489,
    0.00789 ,  0.010713, -0.004076, -0.00768 , -0.021442,  0.01914 ,
   -0.06506 ,  0.010568, -0.000893,  0.013412, -0.006927, -0.030893,
   -0.020555, -0.015423, -0.032074, -0.017962, -0.017554,  0.104258,
   -0.001254,  0.033832, -0.032591,  0.001887,  0.001152,  0.012318,
    0.016229,  0.007399, -0.018129,  0.025187],
  [-0.01265 ,  0.013522,  0.023834, -0.020204,  0.080811,  0.039442,
   -0.017702, -0.002315, -0.000505,  0.039848,  0.01927 ,  0.008472,
   -0.022664, -0.003201, -0.010531, -0.08396 , -0.00622 , -0.071487,
   -0.007212,  0.037301, -0.024521, -0.013917,  0.015227, -0.000403,
   -0.032624, -0.009797,  0.015119, -0.001574, -0.014324, -0.009955,
   -0.024253, -0.020368, -0.014325, -0.009651, -0.015739, -0.013489,
    0.00789 ,  0.010713, -0.004076, -0.00768 , -0.021442,  0.01914 ,
   -0.06506 ,  0.010568, -0.000893,  0.013412, -0.006927, -0.030893,
   -0.020555, -0.015423, -0.032074, -0.017962, -0.017554,  0.104258,
   -0.001254,  0.033832, -0.032591,  0.001887,  0.001152,  0.012318,
    0.016229,  0.007399, -0.018129,  0.025187],
  [-0.01265 ,  0.013522,  0.023834, -0.020204,  0.080811,  0.039442,
   -0.017702, -0.002315, -0.000505,  0.039848,  0.01927 ,  0.008472,
   -0.022664, -0.003201, -0.010531, -0.08396 , -0.00622 , -0.071487,
   -0.007212,  0.037301, -0.024521, -0.013917,  0.015227, -0.000403,
   -0.032624, -0.009797,  0.015119, -0.001574, -0.014324, -0.009955,
   -0.024253, -0.020368, -0.014325, -0.009651, -0.015739, -0.013489,
    0.00789 ,  0.010713, -0.004076, -0.00768 , -0.021442,  0.01914 ,
   -0.06506 ,  0.010568, -0.000893,  0.013412, -0.006927, -0.030893,
   -0.020555, -0.015423, -0.032074, -0.017962, -0.017554,  0.104258,
   -0.001254,  0.033832, -0.032591,  0.001887,  0.001152,  0.012318,
    0.016229,  0.007399, -0.018129,  0.025187],
  [-0.01265 ,  0.013522,  0.023834, -0.020204,  0.080811,  0.039442,
   -0.017702, -0.002315, -0.000505,  0.039848,  0.01927 ,  0.008472,
   -0.022664, -0.003201, -0.010531, -0.08396 , -0.00622 , -0.071487,
   -0.007212,  0.037301, -0.024521, -0.013917,  0.015227, -0.000403,
   -0.032624, -0.009797,  0.015119, -0.001574, -0.014324, -0.009955,
   -0.024253, -0.020368, -0.014325, -0.009651, -0.015739, -0.013489,
    0.00789 ,  0.010713, -0.004076, -0.00768 , -0.021442,  0.01914 ,
   -0.06506 ,  0.010568, -0.000893,  0.013412, -0.006927, -0.030893,
   -0.020555, -0.015423, -0.032074, -0.017962, -0.017554,  0.104258,
   -0.001254,  0.033832, -0.032591,  0.001887,  0.001152,  0.012318,
    0.016229,  0.007399, -0.018129,  0.025187],
  [-0.01265 ,  0.013522,  0.023834, -0.020204,  0.080811,  0.039442,
   -0.017702, -0.002315, -0.000505,  0.039848,  0.01927 ,  0.008472,
   -0.022664, -0.003201, -0.010531, -0.08396 , -0.00622 , -0.071487,
   -0.007212,  0.037301, -0.024521, -0.013917,  0.015227, -0.000403,
   -0.032624, -0.009797,  0.015119, -0.001574, -0.014324, -0.009955,
   -0.024253, -0.020368, -0.014325, -0.009651, -0.015739, -0.013489,
    0.00789 ,  0.010713, -0.004076, -0.00768 , -0.021442,  0.01914 ,
   -0.06506 ,  0.010568, -0.000893,  0.013412, -0.006927, -0.030893,
   -0.020555, -0.015423, -0.032074, -0.017962, -0.017554,  0.104258,
   -0.001254,  0.033832, -0.032591,  0.001887,  0.001152,  0.012318,
    0.016229,  0.007399, -0.018129,  0.025187],
  [-0.01265 ,  0.013522,  0.023834, -0.020204,  0.080811,  0.039442,
   -0.017702, -0.002315, -0.000505,  0.039848,  0.01927 ,  0.008472,
   -0.022664, -0.003201, -0.010531, -0.08396 , -0.00622 , -0.071487,
   -0.007212,  0.037301, -0.024521, -0.013917,  0.015227, -0.000403,
   -0.032624, -0.009797,  0.015119, -0.001574, -0.014324, -0.009955,
   -0.024253, -0.020368, -0.014325, -0.009651, -0.015739, -0.013489,
    0.00789 ,  0.010713, -0.004076, -0.00768 , -0.021442,  0.01914 ,
   -0.06506 ,  0.010568, -0.000893,  0.013412, -0.006927, -0.030893,
   -0.020555, -0.015423, -0.032074, -0.017962, -0.017554,  0.104258,
   -0.001254,  0.033832, -0.032591,  0.001887,  0.001152,  0.012318,
    0.016229,  0.007399, -0.018129,  0.025187],
  [-0.01265 ,  0.013522,  0.023834, -0.020204,  0.080811,  0.039442,
   -0.017702, -0.002315, -0.000505,  0.039848,  0.01927 ,  0.008472,
   -0.022664, -0.003201, -0.010531, -0.08396 , -0.00622 , -0.071487,
   -0.007212,  0.037301, -0.024521, -0.013917,  0.015227, -0.000403,
   -0.032624, -0.009797,  0.015119, -0.001574, -0.014324, -0.009955,
   -0.024253, -0.020368, -0.014325, -0.009651, -0.015739, -0.013489,
    0.00789 ,  0.010713, -0.004076, -0.00768 , -0.021442,  0.01914 ,
   -0.06506 ,  0.010568, -0.000893,  0.013412, -0.006927, -0.030893,
   -0.020555, -0.015423, -0.032074, -0.017962, -0.017554,  0.104258,
   -0.001254,  0.033832, -0.032591,  0.001887,  0.001152,  0.012318,
    0.016229,  0.007399, -0.018129,  0.025187],
  [-0.01265 ,  0.013522,  0.023834, -0.020204,  0.080811,  0.039442,
   -0.017702, -0.002315, -0.000505,  0.039848,  0.01927 ,  0.008472,
   -0.022664, -0.003201, -0.010531, -0.08396 , -0.00622 , -0.071487,
   -0.007212,  0.037301, -0.024521, -0.013917,  0.015227, -0.000403,
   -0.032624, -0.009797,  0.015119, -0.001574, -0.014324, -0.009955,
   -0.024253, -0.020368, -0.014325, -0.009651, -0.015739, -0.013489,
    0.00789 ,  0.010713, -0.004076, -0.00768 , -0.021442,  0.01914 ,
   -0.06506 ,  0.010568, -0.000893,  0.013412, -0.006927, -0.030893,
   -0.020555, -0.015423, -0.032074, -0.017962, -0.017554,  0.104258,
   -0.001254,  0.033832, -0.032591,  0.001887,  0.001152,  0.012318,
    0.016229,  0.007399, -0.018129,  0.025187],
  [-0.01265 ,  0.013522,  0.023834, -0.020204,  0.080811,  0.039442,
   -0.017702, -0.002315, -0.000505,  0.039848,  0.01927 ,  0.008472,
   -0.022664, -0.003201, -0.010531, -0.08396 , -0.00622 , -0.071487,
   -0.007212,  0.037301, -0.024521, -0.013917,  0.015227, -0.000403,
   -0.032624, -0.009797,  0.015119, -0.001574, -0.014324, -0.009955,
   -0.024253, -0.020368, -0.014325, -0.009651, -0.015739, -0.013489,
    0.00789 ,  0.010713, -0.004076, -0.00768 , -0.021442,  0.01914 ,
   -0.06506 ,  0.010568, -0.000893,  0.013412, -0.006927, -0.030893,
   -0.020555, -0.015423, -0.032074, -0.017962, -0.017554,  0.104258,
   -0.001254,  0.033832, -0.032591,  0.001887,  0.001152,  0.012318,
    0.016229,  0.007399, -0.018129,  0.025187],
  [-0.01265 ,  0.013522,  0.023834, -0.020204,  0.080811,  0.039442,
   -0.017702, -0.002315, -0.000505,  0.039848,  0.01927 ,  0.008472,
   -0.022664, -0.003201, -0.010531, -0.08396 , -0.00622 , -0.071487,
   -0.007212,  0.037301, -0.024521, -0.013917,  0.015227, -0.000403,
   -0.032624, -0.009797,  0.015119, -0.001574, -0.014324, -0.009955,
   -0.024253, -0.020368, -0.014325, -0.009651, -0.015739, -0.013489,
    0.00789 ,  0.010713, -0.004076, -0.00768 , -0.021442,  0.01914 ,
   -0.06506 ,  0.010568, -0.000893,  0.013412, -0.006927, -0.030893,
   -0.020555, -0.015423, -0.032074, -0.017962, -0.017554,  0.104258,
   -0.001254,  0.033832, -0.032591,  0.001887,  0.001152,  0.012318,
    0.016229,  0.007399, -0.018129,  0.025187],
  [-0.01265 ,  0.013522,  0.023834, -0.020204,  0.080811,  0.039442,
   -0.017702, -0.002315, -0.000505,  0.039848,  0.01927 ,  0.008472,
   -0.022664, -0.003201, -0.010531, -0.08396 , -0.00622 , -0.071487,
   -0.007212,  0.037301, -0.024521, -0.013917,  0.015227, -0.000403,
   -0.032624, -0.009797,  0.015119, -0.001574, -0.014324, -0.009955,
   -0.024253, -0.020368, -0.014325, -0.009651, -0.015739, -0.013489,
    0.00789 ,  0.010713, -0.004076, -0.00768 , -0.021442,  0.01914 ,
   -0.06506 ,  0.010568, -0.000893,  0.013412, -0.006927, -0.030893,
   -0.020555, -0.015423, -0.032074, -0.017962, -0.017554,  0.104258,
   -0.001254,  0.033832, -0.032591,  0.001887,  0.001152,  0.012318,
    0.016229,  0.007399, -0.018129,  0.025187],
  [-0.01265 ,  0.013522,  0.023834, -0.020204,  0.080811,  0.039442,
   -0.017702, -0.002315, -0.000505,  0.039848,  0.01927 ,  0.008472,
   -0.022664, -0.003201, -0.010531, -0.08396 , -0.00622 , -0.071487,
   -0.007212,  0.037301, -0.024521, -0.013917,  0.015227, -0.000403,
   -0.032624, -0.009797,  0.015119, -0.001574, -0.014324, -0.009955,
   -0.024253, -0.020368, -0.014325, -0.009651, -0.015739, -0.013489,
    0.00789 ,  0.010713, -0.004076, -0.00768 , -0.021442,  0.01914 ,
   -0.06506 ,  0.010568, -0.000893,  0.013412, -0.006927, -0.030893,
   -0.020555, -0.015423, -0.032074, -0.017962, -0.017554,  0.104258,
   -0.001254,  0.033832, -0.032591,  0.001887,  0.001152,  0.012318,
    0.016229,  0.007399, -0.018129,  0.025187],
  [-0.01265 ,  0.013522,  0.023834, -0.020204,  0.080811,  0.039442,
   -0.017702, -0.002315, -0.000505,  0.039848,  0.01927 ,  0.008472,
   -0.022664, -0.003201, -0.010531, -0.08396 , -0.00622 , -0.071487,
   -0.007212,  0.037301, -0.024521, -0.013917,  0.015227, -0.000403,
   -0.032624, -0.009797,  0.015119, -0.001574, -0.014324, -0.009955,
   -0.024253, -0.020368, -0.014325, -0.009651, -0.015739, -0.013489,
    0.00789 ,  0.010713, -0.004076, -0.00768 , -0.021442,  0.01914 ,
   -0.06506 ,  0.010568, -0.000893,  0.013412, -0.006927, -0.030893,
   -0.020555, -0.015423, -0.032074, -0.017962, -0.017554,  0.104258,
   -0.001254,  0.033832, -0.032591,  0.001887,  0.001152,  0.012318,
    0.016229,  0.007399, -0.018129,  0.025187],
  [-0.01265 ,  0.013522,  0.023834, -0.020204,  0.080811,  0.039442,
   -0.017702, -0.002315, -0.000505,  0.039848,  0.01927 ,  0.008472,
   -0.022664, -0.003201, -0.010531, -0.08396 , -0.00622 , -0.071487,
   -0.007212,  0.037301, -0.024521, -0.013917,  0.015227, -0.000403,
   -0.032624, -0.009797,  0.015119, -0.001574, -0.014324, -0.009955,
   -0.024253, -0.020368, -0.014325, -0.009651, -0.015739, -0.013489,
    0.00789 ,  0.010713, -0.004076, -0.00768 , -0.021442,  0.01914 ,
   -0.06506 ,  0.010568, -0.000893,  0.013412, -0.006927, -0.030893,
   -0.020555, -0.015423, -0.032074, -0.017962, -0.017554,  0.104258,
   -0.001254,  0.033832, -0.032591,  0.001887,  0.001152,  0.012318,
    0.016229,  0.007399, -0.018129,  0.025187],
  [-0.01265 ,  0.013522,  0.023834, -0.020204,  0.080811,  0.039442,
   -0.017702, -0.002315, -0.000505,  0.039848,  0.01927 ,  0.008472,
   -0.022664, -0.003201, -0.010531, -0.08396 , -0.00622 , -0.071487,
   -0.007212,  0.037301, -0.024521, -0.013917,  0.015227, -0.000403,
   -0.032624, -0.009797,  0.015119, -0.001574, -0.014324, -0.009955,
   -0.024253, -0.020368, -0.014325, -0.009651, -0.015739, -0.013489,
    0.00789 ,  0.010713, -0.004076, -0.00768 , -0.021442,  0.01914 ,
   -0.06506 ,  0.010568, -0.000893,  0.013412, -0.006927, -0.030893,
   -0.020555, -0.015423, -0.032074, -0.017962, -0.017554,  0.104258,
   -0.001254,  0.033832, -0.032591,  0.001887,  0.001152,  0.012318,
    0.016229,  0.007399, -0.018129,  0.025187],
  [-0.01265 ,  0.013522,  0.023834, -0.020204,  0.080811,  0.039442,
   -0.017702, -0.002315, -0.000505,  0.039848,  0.01927 ,  0.008472,
   -0.022664, -0.003201, -0.010531, -0.08396 , -0.00622 , -0.071487,
   -0.007212,  0.037301, -0.024521, -0.013917,  0.015227, -0.000403,
   -0.032624, -0.009797,  0.015119, -0.001574, -0.014324, -0.009955,
   -0.024253, -0.020368, -0.014325, -0.009651, -0.015739, -0.013489,
    0.00789 ,  0.010713, -0.004076, -0.00768 , -0.021442,  0.01914 ,
   -0.06506 ,  0.010568, -0.000893,  0.013412, -0.006927, -0.030893,
   -0.020555, -0.015423, -0.032074, -0.017962, -0.017554,  0.104258,
   -0.001254,  0.033832, -0.032591,  0.001887,  0.001152,  0.012318,
    0.016229,  0.007399, -0.018129,  0.025187],
  [-0.01265 ,  0.013522,  0.023834, -0.020204,  0.080811,  0.039442,
   -0.017702, -0.002315, -0.000505,  0.039848,  0.01927 ,  0.008472,
   -0.022664, -0.003201, -0.010531, -0.08396 , -0.00622 , -0.071487,
   -0.007212,  0.037301, -0.024521, -0.013917,  0.015227, -0.000403,
   -0.032624, -0.009797,  0.015119, -0.001574, -0.014324, -0.009955,
   -0.024253, -0.020368, -0.014325, -0.009651, -0.015739, -0.013489,
    0.00789 ,  0.010713, -0.004076, -0.00768 , -0.021442,  0.01914 ,
   -0.06506 ,  0.010568, -0.000893,  0.013412, -0.006927, -0.030893,
   -0.020555, -0.015423, -0.032074, -0.017962, -0.017554,  0.104258,
   -0.001254,  0.033832, -0.032591,  0.001887,  0.001152,  0.012318,
    0.016229,  0.007399, -0.018129,  0.025187],
  [-0.01265 ,  0.013522,  0.023834, -0.020204,  0.080811,  0.039442,
   -0.017702, -0.002315, -0.000505,  0.039848,  0.01927 ,  0.008472,
   -0.022664, -0.003201, -0.010531, -0.08396 , -0.00622 , -0.071487,
   -0.007212,  0.037301, -0.024521, -0.013917,  0.015227, -0.000403,
   -0.032624, -0.009797,  0.015119, -0.001574, -0.014324, -0.009955,
   -0.024253, -0.020368, -0.014325, -0.009651, -0.015739, -0.013489,
    0.00789 ,  0.010713, -0.004076, -0.00768 , -0.021442,  0.01914 ,
   -0.06506 ,  0.010568, -0.000893,  0.013412, -0.006927, -0.030893,
   -0.020555, -0.015423, -0.032074, -0.017962, -0.017554,  0.104258,
   -0.001254,  0.033832, -0.032591,  0.001887,  0.001152,  0.012318,
    0.016229,  0.007399, -0.018129,  0.025187],
  [-0.01265 ,  0.013522,  0.023834, -0.020204,  0.080811,  0.039442,
   -0.017702, -0.002315, -0.000505,  0.039848,  0.01927 ,  0.008472,
   -0.022664, -0.003201, -0.010531, -0.08396 , -0.00622 , -0.071487,
   -0.007212,  0.037301, -0.024521, -0.013917,  0.015227, -0.000403,
   -0.032624, -0.009797,  0.015119, -0.001574, -0.014324, -0.009955,
   -0.024253, -0.020368, -0.014325, -0.009651, -0.015739, -0.013489,
    0.00789 ,  0.010713, -0.004076, -0.00768 , -0.021442,  0.01914 ,
   -0.06506 ,  0.010568, -0.000893,  0.013412, -0.006927, -0.030893,
   -0.020555, -0.015423, -0.032074, -0.017962, -0.017554,  0.104258,
   -0.001254,  0.033832, -0.032591,  0.001887,  0.001152,  0.012318,
    0.016229,  0.007399, -0.018129,  0.025187],
  [-0.01265 ,  0.013522,  0.023834, -0.020204,  0.080811,  0.039442,
   -0.017702, -0.002315, -0.000505,  0.039848,  0.01927 ,  0.008472,
   -0.022664, -0.003201, -0.010531, -0.08396 , -0.00622 , -0.071487,
   -0.007212,  0.037301, -0.024521, -0.013917,  0.015227, -0.000403,
   -0.032624, -0.009797,  0.015119, -0.001574, -0.014324, -0.009955,
   -0.024253, -0.020368, -0.014325, -0.009651, -0.015739, -0.013489,
    0.00789 ,  0.010713, -0.004076, -0.00768 , -0.021442,  0.01914 ,
   -0.06506 ,  0.010568, -0.000893,  0.013412, -0.006927, -0.030893,
   -0.020555, -0.015423, -0.032074, -0.017962, -0.017554,  0.104258,
   -0.001254,  0.033832, -0.032591,  0.001887,  0.001152,  0.012318,
    0.016229,  0.007399, -0.018129,  0.025187],
  [-0.01265 ,  0.013522,  0.023834, -0.020204,  0.080811,  0.039442,
   -0.017702, -0.002315, -0.000505,  0.039848,  0.01927 ,  0.008472,
   -0.022664, -0.003201, -0.010531, -0.08396 , -0.00622 , -0.071487,
   -0.007212,  0.037301, -0.024521, -0.013917,  0.015227, -0.000403,
   -0.032624, -0.009797,  0.015119, -0.001574, -0.014324, -0.009955,
   -0.024253, -0.020368, -0.014325, -0.009651, -0.015739, -0.013489,
    0.00789 ,  0.010713, -0.004076, -0.00768 , -0.021442,  0.01914 ,
   -0.06506 ,  0.010568, -0.000893,  0.013412, -0.006927, -0.030893,
   -0.020555, -0.015423, -0.032074, -0.017962, -0.017554,  0.104258,
   -0.001254,  0.033832, -0.032591,  0.001887,  0.001152,  0.012318,
    0.016229,  0.007399, -0.018129,  0.025187],
  [-0.01265 ,  0.013522,  0.023834, -0.020204,  0.080811,  0.039442,
   -0.017702, -0.002315, -0.000505,  0.039848,  0.01927 ,  0.008472,
   -0.022664, -0.003201, -0.010531, -0.08396 , -0.00622 , -0.071487,
   -0.007212,  0.037301, -0.024521, -0.013917,  0.015227, -0.000403,
   -0.032624, -0.009797,  0.015119, -0.001574, -0.014324, -0.009955,
   -0.024253, -0.020368, -0.014325, -0.009651, -0.015739, -0.013489,
    0.00789 ,  0.010713, -0.004076, -0.00768 , -0.021442,  0.01914 ,
   -0.06506 ,  0.010568, -0.000893,  0.013412, -0.006927, -0.030893,
   -0.020555, -0.015423, -0.032074, -0.017962, -0.017554,  0.104258,
   -0.001254,  0.033832, -0.032591,  0.001887,  0.001152,  0.012318,
    0.016229,  0.007399, -0.018129,  0.025187],
  [-0.01265 ,  0.013522,  0.023834, -0.020204,  0.080811,  0.039442,
   -0.017702, -0.002315, -0.000505,  0.039848,  0.01927 ,  0.008472,
   -0.022664, -0.003201, -0.010531, -0.08396 , -0.00622 , -0.071487,
   -0.007212,  0.037301, -0.024521, -0.013917,  0.015227, -0.000403,
   -0.032624, -0.009797,  0.015119, -0.001574, -0.014324, -0.009955,
   -0.024253, -0.020368, -0.014325, -0.009651, -0.015739, -0.013489,
    0.00789 ,  0.010713, -0.004076, -0.00768 , -0.021442,  0.01914 ,
   -0.06506 ,  0.010568, -0.000893,  0.013412, -0.006927, -0.030893,
   -0.020555, -0.015423, -0.032074, -0.017962, -0.017554,  0.104258,
   -0.001254,  0.033832, -0.032591,  0.001887,  0.001152,  0.012318,
    0.016229,  0.007399, -0.018129,  0.025187],
  [-0.01265 ,  0.013522,  0.023834, -0.020204,  0.080811,  0.039442,
   -0.017702, -0.002315, -0.000505,  0.039848,  0.01927 ,  0.008472,
   -0.022664, -0.003201, -0.010531, -0.08396 , -0.00622 , -0.071487,
   -0.007212,  0.037301, -0.024521, -0.013917,  0.015227, -0.000403,
   -0.032624, -0.009797,  0.015119, -0.001574, -0.014324, -0.009955,
   -0.024253, -0.020368, -0.014325, -0.009651, -0.015739, -0.013489,
    0.00789 ,  0.010713, -0.004076, -0.00768 , -0.021442,  0.01914 ,
   -0.06506 ,  0.010568, -0.000893,  0.013412, -0.006927, -0.030893,
   -0.020555, -0.015423, -0.032074, -0.017962, -0.017554,  0.104258,
   -0.001254,  0.033832, -0.032591,  0.001887,  0.001152,  0.012318,
    0.016229,  0.007399, -0.018129,  0.025187],
  [-0.01265 ,  0.013522,  0.023834, -0.020204,  0.080811,  0.039442,
   -0.017702, -0.002315, -0.000505,  0.039848,  0.01927 ,  0.008472,
   -0.022664, -0.003201, -0.010531, -0.08396 , -0.00622 , -0.071487,
   -0.007212,  0.037301, -0.024521, -0.013917,  0.015227, -0.000403,
   -0.032624, -0.009797,  0.015119, -0.001574, -0.014324, -0.009955,
   -0.024253, -0.020368, -0.014325, -0.009651, -0.015739, -0.013489,
    0.00789 ,  0.010713, -0.004076, -0.00768 , -0.021442,  0.01914 ,
   -0.06506 ,  0.010568, -0.000893,  0.013412, -0.006927, -0.030893,
   -0.020555, -0.015423, -0.032074, -0.017962, -0.017554,  0.104258,
   -0.001254,  0.033832, -0.032591,  0.001887,  0.001152,  0.012318,
    0.016229,  0.007399, -0.018129,  0.025187],
  [-0.01265 ,  0.013522,  0.023834, -0.020204,  0.080811,  0.039442,
   -0.017702, -0.002315, -0.000505,  0.039848,  0.01927 ,  0.008472,
   -0.022664, -0.003201, -0.010531, -0.08396 , -0.00622 , -0.071487,
   -0.007212,  0.037301, -0.024521, -0.013917,  0.015227, -0.000403,
   -0.032624, -0.009797,  0.015119, -0.001574, -0.014324, -0.009955,
   -0.024253, -0.020368, -0.014325, -0.009651, -0.015739, -0.013489,
    0.00789 ,  0.010713, -0.004076, -0.00768 , -0.021442,  0.01914 ,
   -0.06506 ,  0.010568, -0.000893,  0.013412, -0.006927, -0.030893,
   -0.020555, -0.015423, -0.032074, -0.017962, -0.017554,  0.104258,
   -0.001254,  0.033832, -0.032591,  0.001887,  0.001152,  0.012318,
    0.016229,  0.007399, -0.018129,  0.025187],
  [-0.01265 ,  0.013522,  0.023834, -0.020204,  0.080811,  0.039442,
   -0.017702, -0.002315, -0.000505,  0.039848,  0.01927 ,  0.008472,
   -0.022664, -0.003201, -0.010531, -0.08396 , -0.00622 , -0.071487,
   -0.007212,  0.037301, -0.024521, -0.013917,  0.015227, -0.000403,
   -0.032624, -0.009797,  0.015119, -0.001574, -0.014324, -0.009955,
   -0.024253, -0.020368, -0.014325, -0.009651, -0.015739, -0.013489,
    0.00789 ,  0.010713, -0.004076, -0.00768 , -0.021442,  0.01914 ,
   -0.06506 ,  0.010568, -0.000893,  0.013412, -0.006927, -0.030893,
   -0.020555, -0.015423, -0.032074, -0.017962, -0.017554,  0.104258,
   -0.001254,  0.033832, -0.032591,  0.001887,  0.001152,  0.012318,
    0.016229,  0.007399, -0.018129,  0.025187],
  [-0.01265 ,  0.013522,  0.023834, -0.020204,  0.080811,  0.039442,
   -0.017702, -0.002315, -0.000505,  0.039848,  0.01927 ,  0.008472,
   -0.022664, -0.003201, -0.010531, -0.08396 , -0.00622 , -0.071487,
   -0.007212,  0.037301, -0.024521, -0.013917,  0.015227, -0.000403,
   -0.032624, -0.009797,  0.015119, -0.001574, -0.014324, -0.009955,
   -0.024253, -0.020368, -0.014325, -0.009651, -0.015739, -0.013489,
    0.00789 ,  0.010713, -0.004076, -0.00768 , -0.021442,  0.01914 ,
   -0.06506 ,  0.010568, -0.000893,  0.013412, -0.006927, -0.030893,
   -0.020555, -0.015423, -0.032074, -0.017962, -0.017554,  0.104258,
   -0.001254,  0.033832, -0.032591,  0.001887,  0.001152,  0.012318,
    0.016229,  0.007399, -0.018129,  0.025187],
  [-0.01265 ,  0.013522,  0.023834, -0.020204,  0.080811,  0.039442,
   -0.017702, -0.002315, -0.000505,  0.039848,  0.01927 ,  0.008472,
   -0.022664, -0.003201, -0.010531, -0.08396 , -0.00622 , -0.071487,
   -0.007212,  0.037301, -0.024521, -0.013917,  0.015227, -0.000403,
   -0.032624, -0.009797,  0.015119, -0.001574, -0.014324, -0.009955,
   -0.024253, -0.020368, -0.014325, -0.009651, -0.015739, -0.013489,
    0.00789 ,  0.010713, -0.004076, -0.00768 , -0.021442,  0.01914 ,
   -0.06506 ,  0.010568, -0.000893,  0.013412, -0.006927, -0.030893,
   -0.020555, -0.015423, -0.032074, -0.017962, -0.017554,  0.104258,
   -0.001254,  0.033832, -0.032591,  0.001887,  0.001152,  0.012318,
    0.016229,  0.007399, -0.018129,  0.025187],
  [-0.01265 ,  0.013522,  0.023834, -0.020204,  0.080811,  0.039442,
   -0.017702, -0.002315, -0.000505,  0.039848,  0.01927 ,  0.008472,
   -0.022664, -0.003201, -0.010531, -0.08396 , -0.00622 , -0.071487,
   -0.007212,  0.037301, -0.024521, -0.013917,  0.015227, -0.000403,
   -0.032624, -0.009797,  0.015119, -0.001574, -0.014324, -0.009955,
   -0.024253, -0.020368, -0.014325, -0.009651, -0.015739, -0.013489,
    0.00789 ,  0.010713, -0.004076, -0.00768 , -0.021442,  0.01914 ,
   -0.06506 ,  0.010568, -0.000893,  0.013412, -0.006927, -0.030893,
   -0.020555, -0.015423, -0.032074, -0.017962, -0.017554,  0.104258,
   -0.001254,  0.033832, -0.032591,  0.001887,  0.001152,  0.012318,
    0.016229,  0.007399, -0.018129,  0.025187],
  [-0.01265 ,  0.013522,  0.023834, -0.020204,  0.080811,  0.039442,
   -0.017702, -0.002315, -0.000505,  0.039848,  0.01927 ,  0.008472,
   -0.022664, -0.003201, -0.010531, -0.08396 , -0.00622 , -0.071487,
   -0.007212,  0.037301, -0.024521, -0.013917,  0.015227, -0.000403,
   -0.032624, -0.009797,  0.015119, -0.001574, -0.014324, -0.009955,
   -0.024253, -0.020368, -0.014325, -0.009651, -0.015739, -0.013489,
    0.00789 ,  0.010713, -0.004076, -0.00768 , -0.021442,  0.01914 ,
   -0.06506 ,  0.010568, -0.000893,  0.013412, -0.006927, -0.030893,
   -0.020555, -0.015423, -0.032074, -0.017962, -0.017554,  0.104258,
   -0.001254,  0.033832, -0.032591,  0.001887,  0.001152,  0.012318,
    0.016229,  0.007399, -0.018129,  0.025187],
  [-0.01265 ,  0.013522,  0.023834, -0.020204,  0.080811,  0.039442,
   -0.017702, -0.002315, -0.000505,  0.039848,  0.01927 ,  0.008472,
   -0.022664, -0.003201, -0.010531, -0.08396 , -0.00622 , -0.071487,
   -0.007212,  0.037301, -0.024521, -0.013917,  0.015227, -0.000403,
   -0.032624, -0.009797,  0.015119, -0.001574, -0.014324, -0.009955,
   -0.024253, -0.020368, -0.014325, -0.009651, -0.015739, -0.013489,
    0.00789 ,  0.010713, -0.004076, -0.00768 , -0.021442,  0.01914 ,
   -0.06506 ,  0.010568, -0.000893,  0.013412, -0.006927, -0.030893,
   -0.020555, -0.015423, -0.032074, -0.017962, -0.017554,  0.104258,
   -0.001254,  0.033832, -0.032591,  0.001887,  0.001152,  0.012318,
    0.016229,  0.007399, -0.018129,  0.025187],
  [-0.01265 ,  0.013522,  0.023834, -0.020204,  0.080811,  0.039442,
   -0.017702, -0.002315, -0.000505,  0.039848,  0.01927 ,  0.008472,
   -0.022664, -0.003201, -0.010531, -0.08396 , -0.00622 , -0.071487,
   -0.007212,  0.037301, -0.024521, -0.013917,  0.015227, -0.000403,
   -0.032624, -0.009797,  0.015119, -0.001574, -0.014324, -0.009955,
   -0.024253, -0.020368, -0.014325, -0.009651, -0.015739, -0.013489,
    0.00789 ,  0.010713, -0.004076, -0.00768 , -0.021442,  0.01914 ,
   -0.06506 ,  0.010568, -0.000893,  0.013412, -0.006927, -0.030893,
   -0.020555, -0.015423, -0.032074, -0.017962, -0.017554,  0.104258,
   -0.001254,  0.033832, -0.032591,  0.001887,  0.001152,  0.012318,
    0.016229,  0.007399, -0.018129,  0.025187],
  [-0.01265 ,  0.013522,  0.023834, -0.020204,  0.080811,  0.039442,
   -0.017702, -0.002315, -0.000505,  0.039848,  0.01927 ,  0.008472,
   -0.022664, -0.003201, -0.010531, -0.08396 , -0.00622 , -0.071487,
   -0.007212,  0.037301, -0.024521, -0.013917,  0.015227, -0.000403,
   -0.032624, -0.009797,  0.015119, -0.001574, -0.014324, -0.009955,
   -0.024253, -0.020368, -0.014325, -0.009651, -0.015739, -0.013489,
    0.00789 ,  0.010713, -0.004076, -0.00768 , -0.021442,  0.01914 ,
   -0.06506 ,  0.010568, -0.000893,  0.013412, -0.006927, -0.030893,
   -0.020555, -0.015423, -0.032074, -0.017962, -0.017554,  0.104258,
   -0.001254,  0.033832, -0.032591,  0.001887,  0.001152,  0.012318,
    0.016229,  0.007399, -0.018129,  0.025187],
  [-0.01265 ,  0.013522,  0.023834, -0.020204,  0.080811,  0.039442,
   -0.017702, -0.002315, -0.000505,  0.039848,  0.01927 ,  0.008472,
   -0.022664, -0.003201, -0.010531, -0.08396 , -0.00622 , -0.071487,
   -0.007212,  0.037301, -0.024521, -0.013917,  0.015227, -0.000403,
   -0.032624, -0.009797,  0.015119, -0.001574, -0.014324, -0.009955,
   -0.024253, -0.020368, -0.014325, -0.009651, -0.015739, -0.013489,
    0.00789 ,  0.010713, -0.004076, -0.00768 , -0.021442,  0.01914 ,
   -0.06506 ,  0.010568, -0.000893,  0.013412, -0.006927, -0.030893,
   -0.020555, -0.015423, -0.032074, -0.017962, -0.017554,  0.104258,
   -0.001254,  0.033832, -0.032591,  0.001887,  0.001152,  0.012318,
    0.016229,  0.007399, -0.018129,  0.025187],
  [-0.01265 ,  0.013522,  0.023834, -0.020204,  0.080811,  0.039442,
   -0.017702, -0.002315, -0.000505,  0.039848,  0.01927 ,  0.008472,
   -0.022664, -0.003201, -0.010531, -0.08396 , -0.00622 , -0.071487,
   -0.007212,  0.037301, -0.024521, -0.013917,  0.015227, -0.000403,
   -0.032624, -0.009797,  0.015119, -0.001574, -0.014324, -0.009955,
   -0.024253, -0.020368, -0.014325, -0.009651, -0.015739, -0.013489,
    0.00789 ,  0.010713, -0.004076, -0.00768 , -0.021442,  0.01914 ,
   -0.06506 ,  0.010568, -0.000893,  0.013412, -0.006927, -0.030893,
   -0.020555, -0.015423, -0.032074, -0.017962, -0.017554,  0.104258,
   -0.001254,  0.033832, -0.032591,  0.001887,  0.001152,  0.012318,
    0.016229,  0.007399, -0.018129,  0.025187],
  [-0.01265 ,  0.013522,  0.023834, -0.020204,  0.080811,  0.039442,
   -0.017702, -0.002315, -0.000505,  0.039848,  0.01927 ,  0.008472,
   -0.022664, -0.003201, -0.010531, -0.08396 , -0.00622 , -0.071487,
   -0.007212,  0.037301, -0.024521, -0.013917,  0.015227, -0.000403,
   -0.032624, -0.009797,  0.015119, -0.001574, -0.014324, -0.009955,
   -0.024253, -0.020368, -0.014325, -0.009651, -0.015739, -0.013489,
    0.00789 ,  0.010713, -0.004076, -0.00768 , -0.021442,  0.01914 ,
   -0.06506 ,  0.010568, -0.000893,  0.013412, -0.006927, -0.030893,
   -0.020555, -0.015423, -0.032074, -0.017962, -0.017554,  0.104258,
   -0.001254,  0.033832, -0.032591,  0.001887,  0.001152,  0.012318,
    0.016229,  0.007399, -0.018129,  0.025187],
  [-0.01265 ,  0.013522,  0.023834, -0.020204,  0.080811,  0.039442,
   -0.017702, -0.002315, -0.000505,  0.039848,  0.01927 ,  0.008472,
   -0.022664, -0.003201, -0.010531, -0.08396 , -0.00622 , -0.071487,
   -0.007212,  0.037301, -0.024521, -0.013917,  0.015227, -0.000403,
   -0.032624, -0.009797,  0.015119, -0.001574, -0.014324, -0.009955,
   -0.024253, -0.020368, -0.014325, -0.009651, -0.015739, -0.013489,
    0.00789 ,  0.010713, -0.004076, -0.00768 , -0.021442,  0.01914 ,
   -0.06506 ,  0.010568, -0.000893,  0.013412, -0.006927, -0.030893,
   -0.020555, -0.015423, -0.032074, -0.017962, -0.017554,  0.104258,
   -0.001254,  0.033832, -0.032591,  0.001887,  0.001152,  0.012318,
    0.016229,  0.007399, -0.018129,  0.025187],
  [-0.01265 ,  0.013522,  0.023834, -0.020204,  0.080811,  0.039442,
   -0.017702, -0.002315, -0.000505,  0.039848,  0.01927 ,  0.008472,
   -0.022664, -0.003201, -0.010531, -0.08396 , -0.00622 , -0.071487,
   -0.007212,  0.037301, -0.024521, -0.013917,  0.015227, -0.000403,
   -0.032624, -0.009797,  0.015119, -0.001574, -0.014324, -0.009955,
   -0.024253, -0.020368, -0.014325, -0.009651, -0.015739, -0.013489,
    0.00789 ,  0.010713, -0.004076, -0.00768 , -0.021442,  0.01914 ,
   -0.06506 ,  0.010568, -0.000893,  0.013412, -0.006927, -0.030893,
   -0.020555, -0.015423, -0.032074, -0.017962, -0.017554,  0.104258,
   -0.001254,  0.033832, -0.032591,  0.001887,  0.001152,  0.012318,
    0.016229,  0.007399, -0.018129,  0.025187],
  [-0.01265 ,  0.013522,  0.023834, -0.020204,  0.080811,  0.039442,
   -0.017702, -0.002315, -0.000505,  0.039848,  0.01927 ,  0.008472,
   -0.022664, -0.003201, -0.010531, -0.08396 , -0.00622 , -0.071487,
   -0.007212,  0.037301, -0.024521, -0.013917,  0.015227, -0.000403,
   -0.032624, -0.009797,  0.015119, -0.001574, -0.014324, -0.009955,
   -0.024253, -0.020368, -0.014325, -0.009651, -0.015739, -0.013489,
    0.00789 ,  0.010713, -0.004076, -0.00768 , -0.021442,  0.01914 ,
   -0.06506 ,  0.010568, -0.000893,  0.013412, -0.006927, -0.030893,
   -0.020555, -0.015423, -0.032074, -0.017962, -0.017554,  0.104258,
   -0.001254,  0.033832, -0.032591,  0.001887,  0.001152,  0.012318,
    0.016229,  0.007399, -0.018129,  0.025187],
  [-0.01265 ,  0.013522,  0.023834, -0.020204,  0.080811,  0.039442,
   -0.017702, -0.002315, -0.000505,  0.039848,  0.01927 ,  0.008472,
   -0.022664, -0.003201, -0.010531, -0.08396 , -0.00622 , -0.071487,
   -0.007212,  0.037301, -0.024521, -0.013917,  0.015227, -0.000403,
   -0.032624, -0.009797,  0.015119, -0.001574, -0.014324, -0.009955,
   -0.024253, -0.020368, -0.014325, -0.009651, -0.015739, -0.013489,
    0.00789 ,  0.010713, -0.004076, -0.00768 , -0.021442,  0.01914 ,
   -0.06506 ,  0.010568, -0.000893,  0.013412, -0.006927, -0.030893,
   -0.020555, -0.015423, -0.032074, -0.017962, -0.017554,  0.104258,
   -0.001254,  0.033832, -0.032591,  0.001887,  0.001152,  0.012318,
    0.016229,  0.007399, -0.018129,  0.025187],
  [-0.01265 ,  0.013522,  0.023834, -0.020204,  0.080811,  0.039442,
   -0.017702, -0.002315, -0.000505,  0.039848,  0.01927 ,  0.008472,
   -0.022664, -0.003201, -0.010531, -0.08396 , -0.00622 , -0.071487,
   -0.007212,  0.037301, -0.024521, -0.013917,  0.015227, -0.000403,
   -0.032624, -0.009797,  0.015119, -0.001574, -0.014324, -0.009955,
   -0.024253, -0.020368, -0.014325, -0.009651, -0.015739, -0.013489,
    0.00789 ,  0.010713, -0.004076, -0.00768 , -0.021442,  0.01914 ,
   -0.06506 ,  0.010568, -0.000893,  0.013412, -0.006927, -0.030893,
   -0.020555, -0.015423, -0.032074, -0.017962, -0.017554,  0.104258,
   -0.001254,  0.033832, -0.032591,  0.001887,  0.001152,  0.012318,
    0.016229,  0.007399, -0.018129,  0.025187],
  [ 0.007031,  0.008492, -0.025762,  0.025244, -0.005292,  0.020071,
   -0.01032 ,  0.008643,  0.002421, -0.002455, -0.032048, -0.020511,
    0.041089,  0.000757,  0.01942 , -0.002345,  0.01554 ,  0.021549,
   -0.001307,  0.024056, -0.018676,  0.051321, -0.002163,  0.002238,
   -0.012947,  0.020323, -0.007884,  0.016497,  0.067084, -0.011065,
   -0.009722,  0.027065,  0.009405, -0.01294 , -0.013175, -0.009013,
   -0.011557,  0.011232, -0.04081 ,  0.013846,  0.020131,  0.021156,
    0.015654, -0.006824, -0.010036, -0.001711,  0.022572,  0.007574,
    0.017524,  0.02611 , -0.028991,  0.007378,  0.029283, -0.026866,
    0.014634, -0.010985,  0.00608 , -0.00204 , -0.011786,  0.037595,
    0.021339,  0.026479, -0.013163, -0.013675],
  [ 0.07392 , -0.046546,  0.031999,  0.079486,  0.002461, -0.000439,
    0.045789,  0.073649,  0.034284,  0.003055, -0.005969, -0.090178,
   -0.009583, -0.055091,  0.106859,  0.060378,  0.060362,  0.04724 ,
   -0.052448, -0.088052,  0.115312,  0.010685, -0.004671, -0.031633,
   -0.091694, -0.036429, -0.009073,  0.000942, -0.038116,  0.015459,
    0.078803,  0.061298,  0.057752,  0.037201, -0.068304,  0.026949,
   -0.06619 , -0.030536, -0.001014, -0.031112,  0.10391 ,  0.074897,
    0.056455,  0.065494, -0.084087,  0.025428,  0.036457,  0.024414,
   -0.030581, -0.058686, -0.033184, -0.096666,  0.034278,  0.017992,
    0.045988,  0.095309,  0.102586, -0.060324,  0.071338,  0.095273,
    0.053406,  0.063009,  0.101274, -0.016206]]]


============================================================
Camada: bidirectional_2
Shape: (1, 50, 128)
============================================================

[[[-1.248204e-02, -4.564391e-03,  5.378164e-03, -6.174162e-03,
   -6.491793e-03,  8.217908e-03, -2.675708e-03, -4.608817e-04,
   -9.539607e-03, -4.460504e-04, -8.366858e-04,  1.791703e-03,
   -5.194030e-03,  2.509845e-03, -8.278437e-04,  5.123480e-03,
   -8.055690e-03, -7.712493e-04,  4.245119e-05,  3.381568e-03,
    5.718784e-03, -9.750283e-03, -1.311515e-03,  7.284206e-04,
    3.935725e-03, -1.108586e-02, -9.108920e-03, -2.343937e-03,
   -7.131021e-04,  3.240763e-03, -3.935384e-03, -2.762616e-03,
    3.694742e-03,  1.363243e-03, -1.950340e-02, -1.117074e-03,
    4.679972e-03,  2.822459e-04, -2.173335e-03, -3.481462e-03,
    6.475739e-04,  1.567814e-03, -1.251184e-02,  1.643626e-04,
   -3.453597e-03,  2.082148e-03,  3.740891e-03, -3.877711e-03,
    6.859913e-03, -2.570567e-03, -8.963406e-03,  9.992979e-03,
   -2.829170e-03,  2.017989e-03,  8.401154e-03, -7.867968e-03,
    4.952303e-04, -7.638361e-03,  4.076608e-03, -7.391370e-04,
   -7.104897e-03,  1.130082e-02,  1.256492e-03,  1.231260e-02,
   -9.777210e-03,  2.012804e-03,  1.460620e-03, -5.837857e-02,
    4.716281e-02,  2.464731e-02,  5.867655e-02,  6.300206e-04,
   -3.813443e-02,  2.342260e-02, -3.224440e-02,  1.540957e-02,
   -1.013857e-02,  2.682645e-02,  6.368672e-03,  3.446942e-02,
   -3.246221e-02,  2.805386e-02, -3.214670e-02, -1.962444e-02,
    5.244845e-02,  6.573871e-04,  3.808253e-03, -4.850290e-02,
    6.218845e-03,  2.336702e-02, -8.703296e-02,  1.692891e-02,
   -3.263776e-02,  2.537193e-03,  2.632438e-02, -4.523943e-02,
   -5.098660e-02, -1.076104e-02,  3.508740e-02, -2.828308e-02,
   -8.490840e-03,  8.284878e-03,  3.378366e-02, -7.934405e-02,
    4.857067e-02, -7.070460e-02, -3.423464e-02,  2.946220e-02,
   -3.428511e-02, -7.766118e-03,  2.407715e-02, -9.702981e-02,
    2.573087e-02, -5.744115e-02, -2.508629e-02,  3.935598e-02,
    2.009177e-02, -2.645867e-02,  3.957981e-03,  3.308734e-02,
    4.616074e-02, -6.831337e-02,  3.633873e-02,  2.657914e-02,
   -5.239230e-02, -2.799775e-02,  6.988752e-02,  7.466234e-03],
  [-2.299565e-02, -8.022381e-03,  8.856547e-03, -1.026412e-02,
   -1.129945e-02,  1.446434e-02, -5.210118e-03, -2.130455e-03,
   -1.513028e-02,  1.105406e-03, -2.414869e-03,  3.241999e-03,
   -8.269492e-03,  2.945754e-03, -2.166927e-03,  8.969686e-03,
   -1.431269e-02, -8.345076e-04,  3.475294e-04,  6.135077e-03,
    1.068389e-02, -1.760264e-02, -3.972995e-03,  1.443770e-03,
    5.403382e-03, -1.720992e-02, -1.471486e-02, -3.907769e-03,
   -3.688608e-04,  5.400600e-03, -7.331699e-03, -5.251638e-03,
    7.404741e-03,  2.754294e-03, -3.398142e-02, -1.896363e-03,
    6.803346e-03, -5.417299e-04, -4.892132e-03, -6.200177e-03,
    1.373830e-03,  3.618058e-03, -2.380829e-02,  7.919323e-04,
   -6.396828e-03,  3.019279e-03,  7.982968e-03, -7.311085e-03,
    1.231175e-02, -6.255578e-03, -1.444297e-02,  1.819326e-02,
   -4.518941e-03,  4.349874e-03,  1.622879e-02, -1.360565e-02,
    1.743390e-03, -1.326817e-02,  6.916767e-03,  2.622754e-04,
   -1.443925e-02,  2.067606e-02,  3.322519e-03,  2.283334e-02,
   -9.762382e-03,  2.038952e-03,  1.380526e-03, -5.808078e-02,
    4.706266e-02,  2.448229e-02,  5.846549e-02,  7.103985e-04,
   -3.797570e-02,  2.320067e-02, -3.190888e-02,  1.525857e-02,
   -1.019027e-02,  2.674812e-02,  6.170712e-03,  3.431016e-02,
   -3.221170e-02,  2.792329e-02, -3.195111e-02, -1.947433e-02,
    5.243825e-02,  8.873831e-04,  3.522464e-03, -4.828124e-02,
    6.267079e-03,  2.315235e-02, -8.665556e-02,  1.676861e-02,
   -3.236982e-02,  2.479879e-03,  2.642847e-02, -4.506434e-02,
   -5.062184e-02, -1.063383e-02,  3.474732e-02, -2.823631e-02,
   -8.245612e-03,  8.273900e-03,  3.342054e-02, -7.898020e-02,
    4.825736e-02, -7.040640e-02, -3.394825e-02,  2.906425e-02,
   -3.390853e-02, -8.039988e-03,  2.409598e-02, -9.665316e-02,
    2.541688e-02, -5.705253e-02, -2.523166e-02,  3.909985e-02,
    2.023268e-02, -2.607823e-02,  4.072986e-03,  3.284755e-02,
    4.599889e-02, -6.769457e-02,  3.608308e-02,  2.627422e-02,
   -5.207012e-02, -2.775991e-02,  6.949797e-02,  7.413778e-03],
  [-3.179120e-02, -1.055743e-02,  1.115415e-02, -1.278066e-02,
   -1.475639e-02,  1.918771e-02, -7.398416e-03, -4.532588e-03,
   -1.838033e-02,  3.833296e-03, -4.231750e-03,  4.403237e-03,
   -1.015638e-02,  2.051326e-03, -3.547690e-03,  1.202765e-02,
   -1.910363e-02, -5.526757e-04,  6.765040e-04,  8.379689e-03,
    1.486428e-02, -2.389487e-02, -7.052785e-03,  1.848301e-03,
    5.155218e-03, -2.017233e-02, -1.828366e-02, -4.793345e-03,
    4.935095e-04,  6.766651e-03, -1.016226e-02, -7.241922e-03,
    1.068448e-02,  4.108467e-03, -4.488673e-02, -2.738982e-03,
    7.159038e-03, -1.541267e-03, -7.613584e-03, -8.327622e-03,
    2.260862e-03,  5.899195e-03, -3.402108e-02,  1.467943e-03,
   -8.783111e-03,  3.371895e-03,  1.225686e-02, -1.031156e-02,
    1.676953e-02, -1.025209e-02, -1.758353e-02,  2.483170e-02,
   -5.382509e-03,  6.904255e-03,  2.331554e-02, -1.765467e-02,
    3.534330e-03, -1.753791e-02,  8.863700e-03,  2.467698e-03,
   -2.147020e-02,  2.837940e-02,  5.786851e-03,  3.170410e-02,
   -9.747713e-03,  2.065001e-03,  1.301797e-03, -5.778821e-02,
    4.696432e-02,  2.432034e-02,  5.825790e-02,  7.894481e-04,
   -3.781955e-02,  2.298209e-02, -3.157951e-02,  1.511013e-02,
   -1.024147e-02,  2.667105e-02,  5.976219e-03,  3.415415e-02,
   -3.196539e-02,  2.779553e-02, -3.175852e-02, -1.932697e-02,
    5.242807e-02,  1.113451e-03,  3.241978e-03, -4.806403e-02,
    6.314245e-03,  2.294165e-02, -8.628467e-02,  1.661089e-02,
   -3.210697e-02,  2.423057e-03,  2.653094e-02, -4.489256e-02,
   -5.026337e-02, -1.050906e-02,  3.441331e-02, -2.818982e-02,
   -8.004824e-03,  8.263059e-03,  3.306358e-02, -7.862288e-02,
    4.794986e-02, -7.011359e-02, -3.366746e-02,  2.867354e-02,
   -3.353934e-02, -8.308472e-03,  2.411474e-02, -9.628359e-02,
    2.510870e-02, -5.667121e-02, -2.537432e-02,  3.884864e-02,
    2.037079e-02, -2.570470e-02,  4.186505e-03,  3.261216e-02,
    4.584018e-02, -6.708720e-02,  3.583204e-02,  2.597491e-02,
   -5.175338e-02, -2.752628e-02,  6.911526e-02,  7.362233e-03],
  [-3.910697e-02, -1.237714e-02,  1.273997e-02, -1.417793e-02,
   -1.717751e-02,  2.274802e-02, -9.172749e-03, -7.303463e-03,
   -2.030500e-02,  7.185243e-03, -6.041438e-03,  5.352894e-03,
   -1.142563e-02,  3.512957e-04, -4.771299e-03,  1.460100e-02,
   -2.275835e-02, -1.328597e-04,  9.616662e-04,  1.019018e-02,
    1.829954e-02, -2.895384e-02, -1.005428e-02,  1.841160e-03,
    3.793084e-03, -2.116391e-02, -2.068726e-02, -5.126396e-03,
    1.542262e-03,  7.561717e-03, -1.244710e-02, -8.659325e-03,
    1.336776e-02,  5.393939e-03, -5.320926e-02, -3.769180e-03,
    6.322170e-03, -2.278338e-03, -1.006593e-02, -9.979541e-03,
    3.325951e-03,  8.277513e-03, -4.319792e-02,  2.002375e-03,
   -1.062581e-02,  3.485390e-03,  1.632726e-02, -1.293857e-02,
    2.047081e-02, -1.410018e-02, -1.915757e-02,  3.015571e-02,
   -5.647166e-03,  9.558739e-03,  2.956040e-02, -2.041862e-02,
    5.656267e-03, -2.085254e-02,  1.015529e-02,  5.448884e-03,
   -2.792292e-02,  3.467324e-02,  8.383938e-03,  3.914559e-02,
   -9.733160e-03,  2.091011e-03,  1.224324e-03, -5.750064e-02,
    4.686780e-02,  2.416141e-02,  5.805366e-02,  8.672304e-04,
   -3.766590e-02,  2.276669e-02, -3.125624e-02,  1.496422e-02,
   -1.029231e-02,  2.659523e-02,  5.785126e-03,  3.400146e-02,
   -3.172314e-02,  2.767063e-02, -3.156880e-02, -1.918229e-02,
    5.241787e-02,  1.335766e-03,  2.966722e-03, -4.785128e-02,
    6.360304e-03,  2.273491e-02, -8.592008e-02,  1.645566e-02,
   -3.184911e-02,  2.366594e-03,  2.663184e-02, -4.472404e-02,
   -4.991097e-02, -1.038666e-02,  3.408517e-02, -2.814347e-02,
   -7.768294e-03,  8.252356e-03,  3.271263e-02, -7.827192e-02,
    4.764808e-02, -6.982601e-02, -3.339222e-02,  2.828993e-02,
   -3.317736e-02, -8.571560e-03,  2.413340e-02, -9.592107e-02,
    2.480624e-02, -5.629713e-02, -2.551431e-02,  3.860243e-02,
    2.050611e-02, -2.533798e-02,  4.298600e-03,  3.238105e-02,
    4.568455e-02, -6.649102e-02,  3.558555e-02,  2.568106e-02,
   -5.144189e-02, -2.729676e-02,  6.873924e-02,  7.311624e-03],
  [-4.515722e-02, -1.367405e-02,  1.391120e-02, -1.482240e-02,
   -1.883401e-02,  2.543041e-02, -1.054103e-02, -1.017773e-02,
   -2.152629e-02,  1.079950e-02, -7.741326e-03,  6.165079e-03,
   -1.241269e-02, -1.793287e-03, -5.778195e-03,  1.686848e-02,
   -2.556175e-02,  3.173481e-04,  1.207876e-03,  1.162291e-02,
    2.106123e-02, -3.306195e-02, -1.274130e-02,  1.428767e-03,
    1.778981e-03, -2.096000e-02, -2.243625e-02, -5.034711e-03,
    2.590953e-03,  7.957434e-03, -1.423069e-02, -9.520450e-03,
    1.544300e-02,  6.596621e-03, -5.963644e-02, -4.978172e-03,
    4.713456e-03, -2.592073e-03, -1.213829e-02, -1.124134e-02,
    4.555727e-03,  1.068152e-02, -5.137046e-02,  2.333260e-03,
   -1.197114e-02,  3.565306e-03,  2.009021e-02, -1.525986e-02,
    2.356317e-02, -1.756122e-02, -1.968983e-02,  3.439958e-02,
   -5.479271e-03,  1.219818e-02,  3.492854e-02, -2.223079e-02,
    7.933016e-03, -2.346195e-02,  1.096155e-02,  8.879180e-03,
   -3.368071e-02,  3.979982e-02,  1.094315e-02,  4.538907e-02,
   -9.718671e-03,  2.117058e-03,  1.147983e-03, -5.721786e-02,
    4.677312e-02,  2.400546e-02,  5.785262e-02,  9.438030e-04,
   -3.751464e-02,  2.255429e-02, -3.093905e-02,  1.482076e-02,
   -1.034298e-02,  2.652063e-02,  5.597363e-03,  3.385215e-02,
   -3.148486e-02,  2.754863e-02, -3.138182e-02, -1.904023e-02,
    5.240766e-02,  1.554518e-03,  2.696618e-03, -4.764298e-02,
    6.405204e-03,  2.253214e-02, -8.556166e-02,  1.630283e-02,
   -3.159619e-02,  2.310344e-03,  2.673124e-02, -4.455880e-02,
   -4.956441e-02, -1.026658e-02,  3.376271e-02, -2.809717e-02,
   -7.535832e-03,  8.241786e-03,  3.236762e-02, -7.792706e-02,
    4.735196e-02, -6.954356e-02, -3.312245e-02,  2.791326e-02,
   -3.282253e-02, -8.829221e-03,  2.415195e-02, -9.556545e-02,
    2.450947e-02, -5.593023e-02, -2.565167e-02,  3.836129e-02,
    2.063866e-02, -2.497795e-02,  4.409328e-03,  3.215408e-02,
    4.553191e-02, -6.590582e-02,  3.534355e-02,  2.539260e-02,
   -5.113548e-02, -2.707122e-02,  6.836983e-02,  7.261984e-03],
  [-5.012919e-02, -1.460943e-02,  1.485045e-02, -1.499122e-02,
   -1.994586e-02,  2.745702e-02, -1.154795e-02, -1.297249e-02,
   -2.241102e-02,  1.444565e-02, -9.303703e-03,  6.898958e-03,
   -1.330248e-02, -4.140828e-03, -6.574919e-03,  1.892828e-02,
   -2.774175e-02,  7.498686e-04,  1.442497e-03,  1.272736e-02,
    2.323177e-02, -3.644714e-02, -1.502775e-02,  6.699335e-04,
   -5.468961e-04, -2.005807e-02, -2.382348e-02, -4.634965e-03,
    3.548481e-03,  8.084162e-03, -1.556831e-02, -9.890199e-03,
    1.697611e-02,  7.711562e-03, -6.465493e-02, -6.303893e-03,
    2.639821e-03, -2.468356e-03, -1.381042e-02, -1.218012e-02,
    5.924182e-03,  1.307123e-02, -5.858052e-02,  2.465914e-03,
   -1.288066e-02,  3.726667e-03,  2.351367e-02, -1.733486e-02,
    2.614923e-02, -2.053600e-02, -1.954018e-02,  3.777045e-02,
   -5.001552e-03,  1.473062e-02,  3.943895e-02, -2.335121e-02,
    1.023378e-02, -2.552122e-02,  1.140692e-02,  1.251867e-02,
   -3.871929e-02,  4.396969e-02,  1.335790e-02,  5.064624e-02,
   -9.704189e-03,  2.143222e-03,  1.072627e-03, -5.693960e-02,
    4.668029e-02,  2.385243e-02,  5.765453e-02,  1.019225e-03,
   -3.736569e-02,  2.234467e-02, -3.062795e-02,  1.467974e-02,
   -1.039368e-02,  2.644724e-02,  5.412858e-03,  3.370630e-02,
   -3.125044e-02,  2.742963e-02, -3.119745e-02, -1.890071e-02,
    5.239740e-02,  1.769915e-03,  2.431591e-03, -4.743914e-02,
    6.448886e-03,  2.233334e-02, -8.520918e-02,  1.615229e-02,
   -3.134819e-02,  2.254153e-03,  2.682914e-02, -4.439683e-02,
   -4.922350e-02, -1.014876e-02,  3.344567e-02, -2.805075e-02,
   -7.307234e-03,  8.231359e-03,  3.202841e-02, -7.758808e-02,
    4.706147e-02, -6.926605e-02, -3.285808e-02,  2.754339e-02,
   -3.247476e-02, -9.081397e-03,  2.417037e-02, -9.521668e-02,
    2.421830e-02, -5.557051e-02, -2.578642e-02,  3.812534e-02,
    2.076842e-02, -2.462451e-02,  4.518745e-03,  3.193113e-02,
    4.538217e-02, -6.533140e-02,  3.510594e-02,  2.510939e-02,
   -5.083395e-02, -2.684954e-02,  6.800697e-02,  7.213351e-03],
  [-5.418456e-02, -1.530944e-02,  1.566599e-02, -1.488343e-02,
   -2.068372e-02,  2.899799e-02, -1.225172e-02, -1.557100e-02,
   -2.316415e-02,  1.798173e-02, -1.073596e-02,  7.596294e-03,
   -1.418663e-02, -6.535091e-03, -7.194520e-03,  2.082915e-02,
   -2.947154e-02,  1.149521e-03,  1.692499e-03,  1.355010e-02,
    2.489340e-02, -3.928494e-02, -1.690951e-02, -3.566919e-04,
   -2.945177e-03, -1.877230e-02, -2.501220e-02, -4.026292e-03,
    4.382072e-03,  8.039019e-03, -1.651807e-02, -9.853747e-03,
    1.806454e-02,  8.738201e-03, -6.861550e-02, -7.672795e-03,
    3.232313e-04, -1.962739e-03, -1.510915e-02, -1.285058e-02,
    7.401707e-03,  1.542189e-02, -6.488609e-02,  2.436170e-03,
   -1.342051e-02,  4.026315e-03,  2.660300e-02, -1.920985e-02,
    2.830892e-02, -2.300960e-02, -1.895784e-02,  4.044365e-02,
   -4.305138e-03,  1.709124e-02,  4.314858e-02, -2.397571e-02,
    1.247013e-02, -2.712991e-02,  1.158404e-02,  1.619754e-02,
   -4.306544e-02,  4.735962e-02,  1.556585e-02,  5.509876e-02,
   -9.689650e-03,  2.169593e-03,  9.980905e-04, -5.666562e-02,
    4.658930e-02,  2.370232e-02,  5.745924e-02,  1.093550e-03,
   -3.721892e-02,  2.213760e-02, -3.032292e-02,  1.454110e-02,
   -1.044466e-02,  2.637506e-02,  5.231539e-03,  3.356402e-02,
   -3.101975e-02,  2.731370e-02, -3.101555e-02, -1.876368e-02,
    5.238708e-02,  1.982182e-03,  2.171563e-03, -4.723975e-02,
    6.491273e-03,  2.213854e-02, -8.486246e-02,  1.600394e-02,
   -3.110503e-02,  2.197850e-03,  2.692563e-02, -4.423812e-02,
   -4.888798e-02, -1.003313e-02,  3.313380e-02, -2.800407e-02,
   -7.082270e-03,  8.221071e-03,  3.169491e-02, -7.725467e-02,
    4.677659e-02, -6.899331e-02, -3.259909e-02,  2.718017e-02,
   -3.213396e-02, -9.328005e-03,  2.418858e-02, -9.487468e-02,
    2.393271e-02, -5.521797e-02, -2.591862e-02,  3.789474e-02,
    2.089540e-02, -2.427755e-02,  4.626894e-03,  3.171204e-02,
    4.523523e-02, -6.476753e-02,  3.487267e-02,  2.483133e-02,
   -5.053707e-02, -2.663155e-02,  6.765053e-02,  7.165784e-03],
  [-5.746245e-02, -1.586734e-02,  1.641899e-02, -1.463529e-02,
   -2.117518e-02,  3.018147e-02, -1.271103e-02, -1.790734e-02,
   -2.389080e-02,  2.132430e-02, -1.205860e-02,  8.283279e-03,
   -1.510135e-02, -8.879549e-03, -7.676255e-03,  2.259138e-02,
   -3.087766e-02,  1.517356e-03,  1.976063e-03,  1.413530e-02,
    2.612297e-02, -4.170588e-02, -1.842347e-02, -1.570957e-03,
   -5.256494e-03, -1.729728e-02, -2.609000e-02, -3.288364e-03,
    5.091631e-03,  7.892635e-03, -1.713646e-02, -9.499312e-03,
    1.881119e-02,  9.677858e-03, -7.177512e-02, -9.019641e-03,
   -2.078230e-03, -1.156621e-03, -1.608220e-02, -1.329810e-02,
    8.959347e-03,  1.771605e-02, -7.035871e-02,  2.289270e-03,
   -1.365503e-02,  4.484264e-03,  2.938140e-02, -2.091843e-02,
    3.010967e-02, -2.501470e-02, -1.811658e-02,  4.256332e-02,
   -3.458041e-03,  1.924038e-02,  4.613742e-02, -2.424832e-02,
    1.458809e-02, -2.835644e-02,  1.156272e-02,  1.980044e-02,
   -4.677174e-02,  5.011496e-02,  1.753558e-02,  5.889729e-02,
   -9.674983e-03,  2.196267e-03,  9.241781e-04, -5.639560e-02,
    4.650021e-02,  2.355508e-02,  5.726646e-02,  1.166832e-03,
   -3.707422e-02,  2.193284e-02, -3.002404e-02,  1.440481e-02,
   -1.049623e-02,  2.630412e-02,  5.053330e-03,  3.342544e-02,
   -3.079268e-02,  2.720100e-02, -3.083597e-02, -1.862903e-02,
    5.237668e-02,  2.191567e-03,  1.916457e-03, -4.704483e-02,
    6.532268e-03,  2.194780e-02, -8.452132e-02,  1.585768e-02,
   -3.086666e-02,  2.141250e-03,  2.702074e-02, -4.408268e-02,
   -4.855759e-02, -9.919603e-03,  3.282680e-02, -2.795690e-02,
   -6.860697e-03,  8.210934e-03,  3.136706e-02, -7.692654e-02,
    4.649737e-02, -6.872510e-02, -3.234542e-02,  2.682338e-02,
   -3.180008e-02, -9.568918e-03,  2.420651e-02, -9.453932e-02,
    2.365267e-02, -5.487264e-02, -2.604830e-02,  3.766968e-02,
    2.101954e-02, -2.393697e-02,  4.733808e-03,  3.149670e-02,
    4.509100e-02, -6.421401e-02,  3.464365e-02,  2.455830e-02,
   -5.024463e-02, -2.641712e-02,  6.730048e-02,  7.119366e-03],
  [-6.008268e-02, -1.634843e-02,  1.714175e-02, -1.433537e-02,
   -2.151244e-02,  3.110254e-02, -1.297873e-02, -1.995299e-02,
   -2.463663e-02,  2.442804e-02, -1.329393e-02,  8.973933e-03,
   -1.605202e-02, -1.111849e-02, -8.056116e-03,  2.422049e-02,
   -3.204976e-02,  1.860869e-03,  2.301334e-03,  1.452407e-02,
    2.698973e-02, -4.380450e-02, -1.962354e-02, -2.900630e-03,
   -7.382570e-03, -1.575068e-02, -2.710130e-02, -2.482224e-03,
    5.693025e-03,  7.694901e-03, -1.747607e-02, -8.908516e-03,
    1.931077e-02,  1.053250e-02, -7.432456e-02, -1.029499e-02,
   -4.454630e-03, -1.338126e-04, -1.678324e-02, -1.356066e-02,
    1.057063e-02,  1.993996e-02, -7.507798e-02,  2.068660e-03,
   -1.364333e-02,  5.097904e-03,  3.187902e-02, -2.248408e-02,
    3.161051e-02, -2.660769e-02, -1.713785e-02,  4.424556e-02,
   -2.511187e-03,  2.115913e-02,  4.849623e-02, -2.427344e-02,
    1.655936e-02, -2.925248e-02,  1.139591e-02,  2.325313e-02,
   -4.990175e-02,  5.235400e-02,  1.925713e-02,  6.216433e-02,
   -9.660103e-03,  2.223356e-03,  8.506636e-04, -5.612922e-02,
    4.641300e-02,  2.341071e-02,  5.707589e-02,  1.239118e-03,
   -3.693147e-02,  2.173010e-02, -2.973136e-02,  1.427086e-02,
   -1.054873e-02,  2.623441e-02,  4.878157e-03,  3.329074e-02,
   -3.056913e-02,  2.709164e-02, -3.065854e-02, -1.849667e-02,
    5.236616e-02,  2.398354e-03,  1.666198e-03, -4.685440e-02,
    6.571757e-03,  2.176116e-02, -8.418548e-02,  1.571338e-02,
   -3.063304e-02,  2.084157e-03,  2.711454e-02, -4.393051e-02,
   -4.823204e-02, -9.808112e-03,  3.252433e-02, -2.790901e-02,
   -6.642249e-03,  8.200962e-03,  3.104480e-02, -7.660335e-02,
    4.622385e-02, -6.846124e-02, -3.209703e-02,  2.647287e-02,
   -3.147307e-02, -9.803959e-03,  2.422405e-02, -9.421049e-02,
    2.337812e-02, -5.453460e-02, -2.617551e-02,  3.745038e-02,
    2.114081e-02, -2.360266e-02,  4.839499e-03,  3.128495e-02,
    4.494936e-02, -6.367067e-02,  3.441877e-02,  2.429022e-02,
   -4.995635e-02, -2.620601e-02,  6.695678e-02,  7.074191e-03],
  [-6.214863e-02, -1.679567e-02,  1.784944e-02, -1.403771e-02,
   -2.175990e-02,  3.183066e-02, -1.309928e-02, -2.170550e-02,
   -2.541379e-02,  2.727213e-02, -1.446097e-02,  9.673641e-03,
   -1.702853e-02, -1.322334e-02, -8.363276e-03,  2.571568e-02,
   -3.304965e-02,  2.188707e-03,  2.668218e-03,  1.475359e-02,
    2.755480e-02, -4.564796e-02, -2.056731e-02, -4.285426e-03,
   -9.270069e-03, -1.420127e-02, -2.806676e-02, -1.652534e-03,
    6.207879e-03,  7.479791e-03, -1.758446e-02, -8.151782e-03,
    1.964361e-02,  1.130425e-02, -7.640699e-02, -1.146624e-02,
   -6.732248e-03,  1.030742e-03, -1.726389e-02, -1.367018e-02,
    1.221218e-02,  2.208227e-02, -7.912635e-02,  1.810851e-03,
   -1.343766e-02,  5.851512e-03,  3.412716e-02, -2.392302e-02,
    3.286351e-02, -2.785372e-02, -1.610612e-02,  4.558264e-02,
   -1.502787e-03,  2.284425e-02,  5.031766e-02, -2.412608e-02,
    1.837345e-02, -2.986099e-02,  1.112396e-02,  2.651151e-02,
   -5.252156e-02,  5.417242e-02,  2.073514e-02,  6.499840e-02,
   -9.644920e-03,  2.250981e-03,  7.772825e-04, -5.586609e-02,
    4.632767e-02,  2.326918e-02,  5.688722e-02,  1.310457e-03,
   -3.679055e-02,  2.152909e-02, -2.944499e-02,  1.413921e-02,
   -1.060258e-02,  2.616599e-02,  4.705935e-03,  3.316010e-02,
   -3.034900e-02,  2.698583e-02, -3.048308e-02, -1.836647e-02,
    5.235551e-02,  2.602855e-03,  1.420707e-03, -4.666851e-02,
    6.609600e-03,  2.157869e-02, -8.385472e-02,  1.557092e-02,
   -3.040410e-02,  2.026364e-03,  2.720707e-02, -4.378164e-02,
   -4.791102e-02, -9.698563e-03,  3.222599e-02, -2.786011e-02,
   -6.426638e-03,  8.191173e-03,  3.072812e-02, -7.628475e-02,
    4.595619e-02, -6.820140e-02, -3.185388e-02,  2.612840e-02,
   -3.115290e-02, -1.003291e-02,  2.424105e-02, -9.388810e-02,
    2.310905e-02, -5.420395e-02, -2.630028e-02,  3.723713e-02,
    2.125915e-02, -2.327452e-02,  4.943955e-03,  3.107667e-02,
    4.481019e-02, -6.313730e-02,  3.419791e-02,  2.402700e-02,
   -4.967197e-02, -2.599800e-02,  6.661946e-02,  7.030382e-03],
  [-6.374975e-02, -1.723503e-02,  1.854754e-02, -1.377232e-02,
   -2.196091e-02,  3.241612e-02, -1.310844e-02, -2.317958e-02,
   -2.621693e-02,  2.985131e-02, -1.557384e-02,  1.038222e-02,
   -1.801461e-02, -1.518299e-02, -8.619506e-03,  2.707485e-02,
   -3.391910e-02,  2.508163e-03,  3.071063e-03,  1.485652e-02,
    2.787141e-02, -4.728352e-02, -2.130895e-02, -5.677894e-03,
   -1.089746e-02, -1.268738e-02, -2.899465e-02, -8.303809e-04,
    6.657863e-03,  7.269345e-03, -1.750387e-02, -7.286869e-03,
    1.987389e-02,  1.199523e-02, -7.813071e-02, -1.251559e-02,
   -8.864430e-03,  2.275279e-03, -1.756998e-02, -1.365358e-02,
    1.386382e-02,  2.413374e-02, -8.258474e-02,  1.543785e-03,
   -1.308295e-02,  6.722582e-03,  3.615535e-02, -2.524677e-02,
    3.391413e-02, -2.881760e-02, -1.507930e-02,  4.664717e-02,
   -4.615107e-04,  2.430355e-02,  5.169023e-02, -2.385995e-02,
    2.003139e-02, -3.022024e-02,  1.077770e-02,  2.955299e-02,
   -5.469523e-02,  5.564764e-02,  2.198371e-02,  6.747828e-02,
   -9.629334e-03,  2.279278e-03,  7.037287e-04, -5.560583e-02,
    4.624421e-02,  2.313050e-02,  5.669999e-02,  1.380894e-03,
   -3.665131e-02,  2.132943e-02, -2.916512e-02,  1.400988e-02,
   -1.065826e-02,  2.609893e-02,  4.536577e-03,  3.303371e-02,
   -3.013221e-02,  2.688381e-02, -3.030940e-02, -1.823827e-02,
    5.234469e-02,  2.805412e-03,  1.179912e-03, -4.648717e-02,
    6.645630e-03,  2.140049e-02, -8.352880e-02,  1.543018e-02,
   -3.017978e-02,  1.967652e-03,  2.729842e-02, -4.363607e-02,
   -4.759418e-02, -9.590874e-03,  3.193133e-02, -2.780988e-02,
   -6.213551e-03,  8.181588e-03,  3.041704e-02, -7.597025e-02,
    4.569453e-02, -6.794523e-02, -3.161592e-02,  2.578972e-02,
   -3.083955e-02, -1.025546e-02,  2.425730e-02, -9.357195e-02,
    2.284543e-02, -5.388088e-02, -2.642271e-02,  3.703025e-02,
    2.137445e-02, -2.295245e-02,  5.047127e-03,  3.087172e-02,
    4.467337e-02, -6.261371e-02,  3.398093e-02,  2.376858e-02,
   -4.939117e-02, -2.579280e-02,  6.628854e-02,  6.988089e-03],
  [-6.496348e-02, -1.768023e-02,  1.923643e-02, -1.355328e-02,
   -2.214334e-02,  3.289488e-02, -1.303412e-02, -2.440007e-02,
   -2.703300e-02,  3.217011e-02, -1.664184e-02,  1.109626e-02,
   -1.899317e-02, -1.699709e-02, -8.840011e-03,  2.829712e-02,
   -3.468594e-02,  2.824279e-03,  3.501212e-03,  1.486080e-02,
    2.798543e-02, -4.874442e-02, -2.189603e-02, -7.042600e-03,
   -1.226469e-02, -1.122871e-02, -2.988718e-02, -3.612404e-05,
    7.061857e-03,  7.076870e-03, -1.727122e-02, -6.359263e-03,
    2.005035e-02,  1.260763e-02, -7.957805e-02, -1.343685e-02,
   -1.082456e-02,  3.551776e-03, -1.774018e-02, -1.353367e-02,
    1.550842e-02,  2.608727e-02, -8.552961e-02,  1.287094e-03,
   -1.261701e-02,  7.686009e-03,  3.799020e-02, -2.646405e-02,
    3.480141e-02, -2.955889e-02, -1.409601e-02,  4.749592e-02,
    5.911675e-04,  2.555187e-02,  5.269474e-02, -2.351354e-02,
    2.154111e-02, -3.036558e-02,  1.038071e-02,  3.236995e-02,
   -5.648255e-02,  5.684248e-02,  2.302264e-02,  6.966674e-02,
   -9.613248e-03,  2.308399e-03,  6.296462e-04, -5.534799e-02,
    4.616258e-02,  2.299465e-02,  5.651378e-02,  1.450473e-03,
   -3.651366e-02,  2.113076e-02, -2.889194e-02,  1.388290e-02,
   -1.071636e-02,  2.603333e-02,  4.369978e-03,  3.291185e-02,
   -2.991868e-02,  2.678581e-02, -3.013729e-02, -1.811189e-02,
    5.233363e-02,  3.006412e-03,  9.437267e-04, -4.631043e-02,
    6.679656e-03,  2.122667e-02, -8.320743e-02,  1.529102e-02,
   -2.996000e-02,  1.907803e-03,  2.738863e-02, -4.349383e-02,
   -4.728115e-02, -9.484946e-03,  3.163982e-02, -2.775790e-02,
   -6.002648e-03,  8.172237e-03,  3.011161e-02, -7.565939e-02,
    4.543918e-02, -6.769233e-02, -3.138310e-02,  2.545656e-02,
   -3.053306e-02, -1.047125e-02,  2.427254e-02, -9.326197e-02,
    2.258727e-02, -5.356555e-02, -2.654285e-02,  3.683012e-02,
    2.148659e-02, -2.263634e-02,  5.148920e-03,  3.066994e-02,
    4.453869e-02, -6.209970e-02,  3.376766e-02,  2.351493e-02,
   -4.911359e-02, -2.559009e-02,  6.596410e-02,  6.947491e-03],
  [-6.585675e-02, -1.813651e-02,  1.991407e-02, -1.338458e-02,
   -2.232404e-02,  3.329262e-02, -1.289753e-02, -2.539697e-02,
   -2.784682e-02,  3.423910e-02, -1.767032e-02,  1.181085e-02,
   -1.994899e-02, -1.867147e-02, -9.034738e-03,  2.938402e-02,
   -3.536858e-02,  3.139814e-03,  3.948992e-03,  1.478973e-02,
    2.793622e-02, -5.005436e-02, -2.236836e-02, -8.354552e-03,
   -1.338539e-02, -9.833909e-03, -3.074403e-02,  7.180158e-04,
    7.434899e-03,  6.909471e-03, -1.691847e-02, -5.403494e-03,
    2.020810e-02,  1.314382e-02, -8.081178e-02, -1.423226e-02,
   -1.260058e-02,  4.824678e-03, -1.780611e-02, -1.332980e-02,
    1.713166e-02,  2.793789e-02, -8.803120e-02,  1.053260e-03,
   -1.207101e-02,  8.716755e-03,  3.965500e-02, -2.758211e-02,
    3.555817e-02, -3.012943e-02, -1.318067e-02,  4.817319e-02,
    1.639236e-03,  2.660812e-02,  5.340238e-02, -2.311456e-02,
    2.291416e-02, -3.033006e-02,  9.950955e-03,  3.496471e-02,
   -5.793806e-02,  5.780804e-02,  2.387458e-02,  7.161377e-02,
   -9.596541e-03,  2.338517e-03,  5.546162e-04, -5.509206e-02,
    4.608271e-02,  2.286161e-02,  5.632797e-02,  1.519240e-03,
   -3.637744e-02,  2.093263e-02, -2.862576e-02,  1.375831e-02,
   -1.077752e-02,  2.596929e-02,  4.206034e-03,  3.279475e-02,
   -2.970836e-02,  2.669217e-02, -2.996650e-02, -1.798709e-02,
    5.232228e-02,  3.206277e-03,  7.120605e-04, -4.613832e-02,
    6.711449e-03,  2.105735e-02, -8.289026e-02,  1.515330e-02,
   -2.974467e-02,  1.846591e-03,  2.747780e-02, -4.335494e-02,
   -4.697155e-02, -9.380671e-03,  3.135084e-02, -2.770369e-02,
   -5.793565e-03,  8.163165e-03,  2.981194e-02, -7.535161e-02,
    4.519048e-02, -6.744221e-02, -3.115533e-02,  2.512857e-02,
   -3.023348e-02, -1.067981e-02,  2.428645e-02, -9.295788e-02,
    2.233454e-02, -5.325827e-02, -2.666078e-02,  3.663718e-02,
    2.159542e-02, -2.232607e-02,  5.249182e-03,  3.047122e-02,
    4.440601e-02, -6.159507e-02,  3.355788e-02,  2.326606e-02,
   -4.883886e-02, -2.538948e-02,  6.564629e-02,  6.908802e-03],
  [-6.648729e-02, -1.860365e-02,  2.057762e-02, -1.326427e-02,
   -2.251225e-02,  3.362766e-02, -1.271461e-02, -2.620179e-02,
   -2.864414e-02,  3.607244e-02, -1.866172e-02,  1.252066e-02,
   -2.086994e-02, -2.021520e-02, -9.209742e-03,  3.033968e-02,
   -3.597942e-02,  3.455623e-03,  4.405089e-03,  1.466235e-02,
    2.775724e-02, -5.123084e-02, -2.275807e-02, -9.597327e-03,
   -1.428115e-02, -8.505347e-03, -3.156416e-02,  1.425758e-03,
    7.788118e-03,  6.769991e-03, -1.647295e-02, -4.444844e-03,
    2.037098e-02,  1.360644e-02, -8.187975e-02, -1.490955e-02,
   -1.419079e-02,  6.068895e-03, -1.779299e-02, -1.305849e-02,
    1.872181e-02,  2.968284e-02, -9.015265e-02,  8.490760e-04,
   -1.147031e-02,  9.791489e-03,  4.116985e-02, -2.860749e-02,
    3.621147e-02, -3.057262e-02, -1.234738e-02,  4.871352e-02,
    2.670849e-03,  2.749301e-02,  5.387438e-02, -2.268305e-02,
    2.416355e-02, -3.014433e-02,  9.502156e-03,  3.734604e-02,
   -5.911063e-02,  5.858615e-02,  2.456308e-02,  7.335915e-02,
   -9.579114e-03,  2.369825e-03,  4.781648e-04, -5.483750e-02,
    4.600444e-02,  2.273137e-02,  5.614190e-02,  1.587247e-03,
   -3.624254e-02,  2.073456e-02, -2.836694e-02,  1.363621e-02,
   -1.084253e-02,  2.590705e-02,  4.044610e-03,  3.268272e-02,
   -2.950126e-02,  2.660324e-02, -2.979675e-02, -1.786358e-02,
    5.231050e-02,  3.405490e-03,  4.848210e-04, -4.597091e-02,
    6.740741e-03,  2.089269e-02, -8.257694e-02,  1.501689e-02,
   -2.953371e-02,  1.783804e-03,  2.756601e-02, -4.321939e-02,
   -4.666492e-02, -9.277946e-03,  3.106372e-02, -2.764666e-02,
   -5.585908e-03,  8.154424e-03,  2.951821e-02, -7.504625e-02,
    4.494893e-02, -6.719422e-02, -3.093249e-02,  2.480540e-02,
   -2.994091e-02, -1.088059e-02,  2.429861e-02, -9.265952e-02,
    2.208724e-02, -5.295936e-02, -2.677663e-02,  3.645189e-02,
    2.170075e-02, -2.202152e-02,  5.347685e-03,  3.027542e-02,
    4.427510e-02, -6.109967e-02,  3.335136e-02,  2.302205e-02,
   -4.856658e-02, -2.519053e-02,  6.533532e-02,  6.872276e-03],
  [-6.690469e-02, -1.907814e-02,  2.122420e-02, -1.318725e-02,
   -2.271212e-02,  3.391311e-02, -1.249718e-02, -2.684522e-02,
   -2.941306e-02,  3.768641e-02, -1.961659e-02,  1.322067e-02,
   -2.174724e-02, -2.163867e-02, -9.368381e-03,  3.117061e-02,
   -3.652707e-02,  3.771160e-03,  4.861364e-03,  1.449394e-02,
    2.747678e-02, -5.228734e-02, -2.309032e-02, -1.076127e-02,
   -1.497745e-02, -7.242002e-03, -3.234666e-02,  2.084962e-03,
    8.129176e-03,  6.658468e-03, -1.595781e-02, -3.501118e-03,
    2.055388e-02,  1.399856e-02, -8.281843e-02, -1.547966e-02,
   -1.560066e-02,  7.267675e-03, -1.772060e-02, -1.273386e-02,
    2.026946e-02,  3.132130e-02, -9.194978e-02,  6.771014e-04,
   -1.083516e-02,  1.088949e-02,  4.255199e-02, -2.954649e-02,
    3.678318e-02, -3.092362e-02, -1.160269e-02,  4.914382e-02,
    3.677351e-03,  2.822742e-02,  5.416213e-02, -2.223363e-02,
    2.530243e-02, -2.983650e-02,  9.044693e-03,  3.952645e-02,
   -6.004370e-02,  5.921110e-02,  2.511120e-02,  7.493457e-02,
   -9.560859e-03,  2.402543e-03,  3.997494e-04, -5.458369e-02,
    4.592762e-02,  2.260387e-02,  5.595480e-02,  1.654556e-03,
   -3.610884e-02,  2.053602e-02, -2.811598e-02,  1.351675e-02,
   -1.091227e-02,  2.584682e-02,  3.885563e-03,  3.257602e-02,
   -2.929741e-02,  2.651948e-02, -2.962776e-02, -1.774097e-02,
    5.229815e-02,  3.604572e-03,  2.619067e-04, -4.580822e-02,
    6.767231e-03,  2.073286e-02, -8.226699e-02,  1.488162e-02,
   -2.932698e-02,  1.719242e-03,  2.765337e-02, -4.308718e-02,
   -4.636080e-02, -9.176668e-03,  3.077763e-02, -2.758614e-02,
   -5.379274e-03,  8.146085e-03,  2.923070e-02, -7.474259e-02,
    4.471516e-02, -6.694762e-02, -3.071442e-02,  2.448660e-02,
   -2.965547e-02, -1.107287e-02,  2.430852e-02, -9.236659e-02,
    2.184535e-02, -5.266925e-02, -2.689054e-02,  3.627483e-02,
    2.180235e-02, -2.172255e-02,  5.444110e-03,  3.008242e-02,
    4.414572e-02, -6.061324e-02,  3.314780e-02,  2.278301e-02,
   -4.829624e-02, -2.499267e-02,  6.503150e-02,  6.838199e-03],
  [-6.715126e-02, -1.955484e-02,  2.185129e-02, -1.314713e-02,
   -2.292460e-02,  3.415852e-02, -1.225402e-02, -2.735567e-02,
   -3.014455e-02,  3.909830e-02, -2.053444e-02,  1.390646e-02,
   -2.257519e-02, -2.295241e-02, -9.512282e-03,  3.188516e-02,
   -3.701786e-02,  4.084979e-03,  5.311241e-03,  1.429652e-02,
    2.711867e-02, -5.323492e-02, -2.338422e-02, -1.184188e-02,
   -1.550090e-02, -6.041204e-03, -3.309104e-02,  2.696247e-03,
    8.462901e-03,  6.573214e-03, -1.539252e-02, -2.584276e-03,
    2.076490e-02,  1.432362e-02, -8.365547e-02, -1.595504e-02,
   -1.684028e-02,  8.410650e-03, -1.760429e-02, -1.236802e-02,
    2.176728e-02,  3.285426e-02, -9.347140e-02,  5.369360e-04,
   -1.018156e-02,  1.199304e-02,  4.381611e-02, -3.040540e-02,
    3.729067e-02, -3.121009e-02, -1.094779e-02,  4.948521e-02,
    4.652545e-03,  2.883142e-02,  5.430807e-02, -2.177695e-02,
    2.634324e-02, -2.943185e-02,  8.586378e-03,  4.152048e-02,
   -6.077548e-02,  5.971115e-02,  2.554059e-02,  7.636535e-02,
   -9.541684e-03,  2.436919e-03,  3.187521e-04, -5.432998e-02,
    4.585193e-02,  2.247904e-02,  5.576568e-02,  1.721242e-03,
   -3.597628e-02,  2.033641e-02, -2.787347e-02,  1.340012e-02,
   -1.098776e-02,  2.578895e-02,  3.728713e-03,  3.247493e-02,
   -2.909690e-02,  2.644135e-02, -2.945914e-02, -1.761881e-02,
    5.228500e-02,  3.804119e-03,  4.320281e-05, -4.565028e-02,
    6.790569e-03,  2.057807e-02, -8.195991e-02,  1.474733e-02,
   -2.912433e-02,  1.652742e-03,  2.773997e-02, -4.295827e-02,
   -4.605871e-02, -9.076728e-03,  3.049166e-02, -2.752129e-02,
   -5.173232e-03,  8.138239e-03,  2.894972e-02, -7.443982e-02,
    4.448994e-02, -6.670148e-02, -3.050085e-02,  2.417165e-02,
   -2.937741e-02, -1.125582e-02,  2.431557e-02, -9.207880e-02,
    2.160886e-02, -5.238843e-02, -2.700265e-02,  3.610658e-02,
    2.189993e-02, -2.142902e-02,  5.538027e-03,  2.989212e-02,
    4.401756e-02, -6.013561e-02,  3.294683e-02,  2.254922e-02,
   -4.802736e-02, -2.479529e-02,  6.473523e-02,  6.806908e-03],
  [-6.726286e-02, -2.002809e-02,  2.245692e-02, -1.313730e-02,
   -2.314865e-02,  3.437096e-02, -1.199171e-02, -2.775845e-02,
   -3.083237e-02,  4.032572e-02, -2.141428e-02,  1.457446e-02,
   -2.335078e-02, -2.416653e-02, -9.642068e-03,  3.249296e-02,
   -3.745684e-02,  4.395160e-03,  5.749778e-03,  1.407945e-02,
    2.670278e-02, -5.408309e-02, -2.365385e-02, -1.283840e-02,
   -1.587745e-02, -4.899662e-03, -3.379736e-02,  3.261938e-03,
    8.791957e-03,  6.511569e-03, -1.479325e-02, -1.701850e-03,
    2.100718e-02,  1.458553e-02, -8.441176e-02, -1.634840e-02,
   -1.792261e-02,  9.492175e-03, -1.745588e-02, -1.197132e-02,
    2.320976e-02,  3.428418e-02, -9.475971e-02,  4.262786e-04,
   -9.521883e-03,  1.308754e-02,  4.497482e-02, -3.119045e-02,
    3.774746e-02, -3.145316e-02, -1.038010e-02,  4.975432e-02,
    5.592129e-03,  2.932364e-02,  5.434666e-02, -2.132089e-02,
    2.729740e-02, -2.895280e-02,  8.133019e-03,  4.334335e-02,
   -6.133929e-02,  6.010966e-02,  2.587099e-02,  7.767177e-02,
   -9.521517e-03,  2.473237e-03,  2.344807e-04, -5.407561e-02,
    4.577697e-02,  2.235673e-02,  5.557348e-02,  1.787416e-03,
   -3.584479e-02,  2.013508e-02, -2.764014e-02,  1.328661e-02,
   -1.107013e-02,  2.573385e-02,  3.573851e-03,  3.237969e-02,
   -2.889988e-02,  2.636942e-02, -2.929049e-02, -1.749651e-02,
    5.227070e-02,  4.004772e-03, -1.714111e-04, -4.549714e-02,
    6.810366e-03,  2.042855e-02, -8.165503e-02,  1.461386e-02,
   -2.892560e-02,  1.584182e-03,  2.782596e-02, -4.283255e-02,
   -4.575811e-02, -8.978031e-03,  3.020479e-02, -2.745114e-02,
   -4.967351e-03,  8.131018e-03,  2.867574e-02, -7.413697e-02,
    4.427427e-02, -6.645466e-02, -3.029143e-02,  2.385996e-02,
   -2.910698e-02, -1.142842e-02,  2.431900e-02, -9.179576e-02,
    2.137775e-02, -5.211753e-02, -2.711319e-02,  3.594775e-02,
    2.199314e-02, -2.114074e-02,  5.628871e-03,  2.970441e-02,
    4.389028e-02, -5.966654e-02,  3.274803e-02,  2.232103e-02,
   -4.775934e-02, -2.459766e-02,  6.444701e-02,  6.778769e-03],
  [-6.726958e-02, -2.049234e-02,  2.303967e-02, -1.315156e-02,
   -2.338219e-02,  3.455579e-02, -1.171524e-02, -2.807551e-02,
   -3.147282e-02,  4.138611e-02, -2.225515e-02,  1.522188e-02,
   -2.407309e-02, -2.529029e-02, -9.757865e-03,  3.300436e-02,
   -3.784836e-02,  4.699630e-03,  6.173566e-03,  1.384990e-02,
    2.624560e-02, -5.484048e-02, -2.390921e-02, -1.375274e-02,
   -1.613126e-02, -3.813989e-03, -3.446611e-02,  3.785308e-03,
    9.117446e-03,  6.470441e-03, -1.417334e-02, -8.581086e-04,
    2.128044e-02,  1.478855e-02, -8.510306e-02, -1.667193e-02,
   -1.886206e-02,  1.050998e-02, -1.728443e-02, -1.155264e-02,
    2.459305e-02,  3.561470e-02, -9.585094e-02,  3.417323e-04,
   -8.865601e-03,  1.416131e-02,  4.603890e-02, -3.190781e-02,
    3.816395e-02, -3.166853e-02, -9.894593e-03,  4.996430e-02,
    6.493270e-03,  2.972094e-02,  5.430550e-02, -2.087113e-02,
    2.817502e-02, -2.841878e-02,  7.688872e-03,  4.501022e-02,
   -6.176401e-02,  6.042584e-02,  2.611994e-02,  7.887012e-02,
   -9.500319e-03,  2.511821e-03,  1.461687e-04, -5.381974e-02,
    4.570219e-02,  2.223672e-02,  5.537691e-02,  1.853219e-03,
   -3.571435e-02,  1.993132e-02, -2.741692e-02,  1.317662e-02,
   -1.116069e-02,  2.568207e-02,  3.420717e-03,  3.229048e-02,
   -2.870663e-02,  2.630433e-02, -2.912134e-02, -1.737337e-02,
    5.225480e-02,  4.207252e-03, -3.820748e-04, -4.534884e-02,
    6.826178e-03,  2.028458e-02, -8.135156e-02,  1.448100e-02,
   -2.873058e-02,  1.513510e-03,  2.791147e-02, -4.270989e-02,
   -4.545849e-02, -8.880481e-03,  2.991587e-02, -2.737453e-02,
   -4.761198e-03,  8.124596e-03,  2.840931e-02, -7.383297e-02,
    4.406936e-02, -6.620583e-02, -3.008565e-02,  2.355081e-02,
   -2.884457e-02, -1.158945e-02,  2.431792e-02, -9.151707e-02,
    2.115198e-02, -5.185721e-02, -2.722237e-02,  3.579905e-02,
    2.208155e-02, -2.085752e-02,  5.715930e-03,  2.951923e-02,
    4.376344e-02, -5.920576e-02,  3.255089e-02,  2.209898e-02,
   -4.749155e-02, -2.439895e-02,  6.416745e-02,  6.754200e-03],
  [-6.719654e-02, -2.094270e-02,  2.359860e-02, -1.318446e-02,
   -2.362267e-02,  3.471722e-02, -1.142850e-02, -2.832536e-02,
   -3.206431e-02,  4.229643e-02, -2.305626e-02,  1.584672e-02,
   -2.474278e-02, -2.633209e-02, -9.859652e-03,  3.342992e-02,
   -3.819638e-02,  4.996400e-03,  6.580511e-03,  1.361332e-02,
    2.576071e-02, -5.551510e-02, -2.415708e-02, -1.458856e-02,
   -1.628415e-02, -2.780998e-03, -3.509820e-02,  4.270048e-03,
    9.439406e-03,  6.446642e-03, -1.354366e-02, -5.500173e-05,
    2.158213e-02,  1.493726e-02, -8.574109e-02, -1.693683e-02,
   -1.967349e-02,  1.146416e-02, -1.709689e-02, -1.111953e-02,
    2.591463e-02,  3.685036e-02, -9.677602e-02,  2.794100e-04,
   -8.219794e-03,  1.520538e-02,  4.701768e-02, -3.256349e-02,
    3.854799e-02, -3.186745e-02, -9.484695e-03,  5.012570e-02,
    7.354282e-03,  3.003826e-02,  5.420640e-02, -2.043184e-02,
    2.898500e-02, -2.784644e-02,  7.256973e-03,  4.653566e-02,
   -6.207450e-02,  6.067559e-02,  2.630272e-02,  7.997359e-02,
   -9.478100e-03,  2.553042e-03,  5.298088e-05, -5.356152e-02,
    4.562685e-02,  2.211867e-02,  5.517449e-02,  1.918851e-03,
   -3.558498e-02,  1.972436e-02, -2.720492e-02,  1.307064e-02,
   -1.126088e-02,  2.563429e-02,  3.269001e-03,  3.220735e-02,
   -2.851749e-02,  2.624680e-02, -2.895115e-02, -1.724852e-02,
    5.223668e-02,  4.412343e-03, -5.889412e-04, -4.520539e-02,
    6.837531e-03,  2.014649e-02, -8.104853e-02,  1.434852e-02,
   -2.853904e-02,  1.440765e-03,  2.799666e-02, -4.259004e-02,
   -4.515931e-02, -8.784007e-03,  2.962358e-02, -2.729010e-02,
   -4.554356e-03,  8.119197e-03,  2.815113e-02, -7.352655e-02,
    4.387671e-02, -6.595327e-02, -2.988279e-02,  2.324339e-02,
   -2.859065e-02, -1.173747e-02,  2.431128e-02, -9.124213e-02,
    2.093147e-02, -5.160834e-02, -2.733046e-02,  3.566111e-02,
    2.216466e-02, -2.057911e-02,  5.798302e-03,  2.933655e-02,
    4.363653e-02, -5.875302e-02,  3.235483e-02,  2.188385e-02,
   -4.722327e-02, -2.419821e-02,  6.389735e-02,  6.733649e-03],
  [-6.706442e-02, -2.137507e-02,  2.413325e-02, -1.323140e-02,
   -2.386744e-02,  3.485862e-02, -1.113463e-02, -2.852337e-02,
   -3.260687e-02,  4.307287e-02, -2.381726e-02,  1.644764e-02,
   -2.536169e-02, -2.729934e-02, -9.947452e-03,  3.378009e-02,
   -3.850462e-02,  5.283710e-03,  6.969573e-03,  1.337377e-02,
    2.525917e-02, -5.611446e-02, -2.440177e-02, -1.535066e-02,
   -1.635532e-02, -1.797801e-03, -3.569477e-02,  4.719909e-03,
    9.757224e-03,  6.437115e-03, -1.291294e-02,  7.071237e-04,
    2.190836e-02,  1.503644e-02, -8.633462e-02, -1.715306e-02,
   -2.037155e-02,  1.235633e-02, -1.689859e-02, -1.067836e-02,
    2.717322e-02,  3.799627e-02, -9.756121e-02,  2.353523e-04,
   -7.589631e-03,  1.621315e-02,  4.791925e-02, -3.316328e-02,
    3.890543e-02, -3.205767e-02, -9.143027e-03,  5.024702e-02,
    8.174363e-03,  3.028870e-02,  5.406644e-02, -2.000594e-02,
    2.973505e-02, -2.724970e-02,  6.839421e-03,  4.793327e-02,
   -6.229196e-02,  6.087201e-02,  2.643240e-02,  8.099300e-02,
   -9.454937e-03,  2.597321e-03, -4.597707e-05, -5.329990e-02,
    4.554992e-02,  2.200207e-02,  5.496450e-02,  1.984585e-03,
   -3.545681e-02,  1.951340e-02, -2.700550e-02,  1.296935e-02,
   -1.137228e-02,  2.559140e-02,  3.118319e-03,  3.213017e-02,
   -2.833295e-02,  2.619761e-02, -2.877927e-02, -1.712090e-02,
    5.221546e-02,  4.620903e-03, -7.921841e-04, -4.506683e-02,
    6.843899e-03,  2.001468e-02, -8.074462e-02,  1.421617e-02,
   -2.835073e-02,  1.366113e-03,  2.808170e-02, -4.247261e-02,
   -4.486008e-02, -8.688555e-03,  2.932656e-02, -2.719627e-02,
   -4.346446e-03,  8.115141e-03,  2.790205e-02, -7.321632e-02,
    4.369810e-02, -6.569501e-02, -2.968189e-02,  2.293676e-02,
   -2.834585e-02, -1.187079e-02,  2.429781e-02, -9.097037e-02,
    2.071611e-02, -5.137184e-02, -2.743776e-02,  3.553465e-02,
    2.224186e-02, -2.030526e-02,  5.874896e-03,  2.915638e-02,
    4.350891e-02, -5.830800e-02,  3.215919e-02,  2.167662e-02,
   -4.695372e-02, -2.399438e-02,  6.363760e-02,  6.717599e-03],
  [-6.689007e-02, -2.178630e-02,  2.464348e-02, -1.328861e-02,
   -2.411398e-02,  3.498278e-02, -1.083620e-02, -2.868198e-02,
   -3.310183e-02,  4.373070e-02, -2.453816e-02,  1.702386e-02,
   -2.593239e-02, -2.819865e-02, -1.002146e-02,  3.406481e-02,
   -3.877670e-02,  5.560103e-03,  7.340522e-03,  1.313431e-02,
    2.474995e-02, -5.664577e-02, -2.464576e-02, -1.604437e-02,
   -1.636136e-02, -8.618276e-04, -3.625717e-02,  5.138486e-03,
    1.006993e-02,  6.439067e-03, -1.228813e-02,  1.428979e-03,
    2.225458e-02,  1.509101e-02, -8.689018e-02, -1.732927e-02,
   -2.097019e-02,  1.318911e-02, -1.669365e-02, -1.023452e-02,
    2.836848e-02,  3.905794e-02, -9.822881e-02,  2.058012e-04,
   -6.978781e-03,  1.718003e-02,  4.875069e-02, -3.371259e-02,
    3.924059e-02, -3.224422e-02, -8.861923e-03,  5.033515e-02,
    8.953386e-03,  3.048356e-02,  5.389876e-02, -1.959544e-02,
    3.043177e-02, -2.664007e-02,  6.437584e-03,  4.921560e-02,
   -6.243439e-02,  6.102582e-02,  2.652000e-02,  8.193714e-02,
   -9.430986e-03,  2.645136e-03, -1.516323e-04, -5.303380e-02,
    4.547012e-02,  2.188621e-02,  5.474498e-02,  2.050790e-03,
   -3.533002e-02,  1.929759e-02, -2.682021e-02,  1.287360e-02,
   -1.149660e-02,  2.555445e-02,  2.968204e-03,  3.205860e-02,
   -2.815365e-02,  2.615767e-02, -2.860499e-02, -1.698928e-02,
    5.218998e-02,  4.833868e-03, -9.919923e-04, -4.493320e-02,
    6.844718e-03,  1.988959e-02, -8.043836e-02,  1.408361e-02,
   -2.816533e-02,  1.289880e-03,  2.816675e-02, -4.235703e-02,
   -4.456032e-02, -8.594099e-03,  2.902325e-02, -2.709118e-02,
   -4.137145e-03,  8.112844e-03,  2.766309e-02, -7.290059e-02,
    4.353562e-02, -6.542861e-02, -2.948165e-02,  2.262983e-02,
   -2.811096e-02, -1.198741e-02,  2.427607e-02, -9.070101e-02,
    2.050577e-02, -5.114879e-02, -2.754458e-02,  3.542025e-02,
    2.231240e-02, -2.003562e-02,  5.944385e-03,  2.897877e-02,
    4.337979e-02, -5.787035e-02,  3.196323e-02,  2.147864e-02,
   -4.668202e-02, -2.378627e-02,  6.338927e-02,  6.706556e-03],
  [-6.668705e-02, -2.217411e-02,  2.512945e-02, -1.335307e-02,
   -2.435999e-02,  3.509202e-02, -1.053542e-02, -2.881115e-02,
   -3.355137e-02,  4.428415e-02, -2.521944e-02,  1.757506e-02,
   -2.645791e-02, -2.903581e-02, -1.008207e-02,  3.429336e-02,
   -3.901606e-02,  5.824470e-03,  7.693697e-03,  1.289720e-02,
    2.424016e-02, -5.711577e-02, -2.489017e-02, -1.667531e-02,
   -1.631636e-02,  2.919592e-05, -3.678687e-02,  5.529081e-03,
    1.037639e-02,  6.450027e-03, -1.167467e-02,  2.111925e-03,
    2.261599e-02,  1.510588e-02, -8.741252e-02, -1.747284e-02,
   -2.148240e-02,  1.396565e-02, -1.648526e-02, -9.792464e-03,
    2.950093e-02,  4.004102e-02, -9.879759e-02,  1.873636e-04,
   -6.389732e-03,  1.810313e-02,  4.951818e-02, -3.421646e-02,
    3.955662e-02, -3.243010e-02, -8.633808e-03,  5.039581e-02,
    9.691766e-03,  3.063252e-02,  5.371343e-02, -1.920162e-02,
    3.108084e-02, -2.602688e-02,  6.052270e-03,  5.039407e-02,
   -6.251688e-02,  6.114577e-02,  2.657470e-02,  8.281347e-02,
   -9.406522e-03,  2.697031e-03, -2.649113e-04, -5.276201e-02,
    4.538577e-02,  2.177008e-02,  5.451375e-02,  2.117958e-03,
   -3.520490e-02,  1.907608e-02, -2.665100e-02,  1.278450e-02,
   -1.163568e-02,  2.552480e-02,  2.818082e-03,  3.199192e-02,
   -2.798036e-02,  2.612792e-02, -2.842752e-02, -1.685218e-02,
    5.215868e-02,  5.052250e-03, -1.188567e-03, -4.480451e-02,
    6.839415e-03,  1.977184e-02, -8.012768e-02,  1.395042e-02,
   -2.798257e-02,  1.212593e-03,  2.825195e-02, -4.224253e-02,
   -4.425966e-02, -8.500648e-03,  2.871205e-02, -2.697268e-02,
   -3.926216e-03,  8.112881e-03,  2.743547e-02, -7.257752e-02,
    4.339183e-02, -6.515123e-02, -2.928037e-02,  2.232134e-02,
   -2.788696e-02, -1.208502e-02,  2.424434e-02, -9.043311e-02,
    2.030023e-02, -5.094041e-02, -2.765126e-02,  3.531845e-02,
    2.237537e-02, -1.976985e-02,  6.005215e-03,  2.880383e-02,
    4.324822e-02, -5.743965e-02,  3.176617e-02,  2.129163e-02,
   -4.640719e-02, -2.357261e-02,  6.315357e-02,  6.701027e-03],
  [-6.646619e-02, -2.253707e-02,  2.559154e-02, -1.342244e-02,
   -2.460353e-02,  3.518836e-02, -1.023421e-02, -2.891866e-02,
   -3.395829e-02,  4.474635e-02, -2.586191e-02,  1.810126e-02,
   -2.694151e-02, -2.981598e-02, -1.012990e-02,  3.447422e-02,
   -3.922601e-02,  6.076039e-03,  8.029801e-03,  1.266408e-02,
    2.373544e-02, -5.753086e-02, -2.513521e-02, -1.724905e-02,
   -1.623212e-02,  8.772846e-04, -3.728537e-02,  5.894647e-03,
    1.067551e-02,  6.467855e-03, -1.107669e-02,  2.757699e-03,
    2.298796e-02,  1.508592e-02, -8.790525e-02, -1.758994e-02,
   -2.192000e-02,  1.468941e-02, -1.627591e-02, -9.355843e-03,
    3.057169e-02,  4.095117e-02, -9.928338e-02,  1.770976e-04,
   -5.824053e-03,  1.898089e-02,  5.022729e-02, -3.467952e-02,
    3.985581e-02, -3.261686e-02, -8.451452e-03,  5.043368e-02,
    1.039031e-02,  3.074379e-02,  5.351805e-02, -1.882523e-02,
    3.168710e-02, -2.541755e-02,  5.683866e-03,  5.147897e-02,
   -6.255209e-02,  6.123904e-02,  2.660401e-02,  8.362819e-02,
   -9.381951e-03,  2.753611e-03, -3.866943e-04, -5.248312e-02,
    4.529476e-02,  2.165228e-02,  5.426833e-02,  2.186732e-03,
   -3.508183e-02,  1.884805e-02, -2.650009e-02,  1.270342e-02,
   -1.179144e-02,  2.550406e-02,  2.667250e-03,  3.192894e-02,
   -2.781406e-02,  2.610940e-02, -2.824596e-02, -1.670790e-02,
    5.211958e-02,  5.277134e-03, -1.382115e-03, -4.468083e-02,
    6.827393e-03,  1.966215e-02, -7.981005e-02,  1.381606e-02,
   -2.780216e-02,  1.135040e-03,  2.833741e-02, -4.212796e-02,
   -4.395785e-02, -8.408255e-03,  2.839125e-02, -2.683831e-02,
   -3.713547e-03,  8.116014e-03,  2.722063e-02, -7.224486e-02,
    4.326961e-02, -6.485947e-02, -2.907583e-02,  2.200988e-02,
   -2.767506e-02, -1.216092e-02,  2.420067e-02, -9.016553e-02,
    2.009918e-02, -5.074805e-02, -2.775810e-02,  3.522966e-02,
    2.242968e-02, -1.950753e-02,  6.055572e-03,  2.863179e-02,
    4.311297e-02, -5.701547e-02,  3.156718e-02,  2.111781e-02,
   -4.612814e-02, -2.335204e-02,  6.293189e-02,  6.701510e-03],
  [-6.623589e-02, -2.287448e-02,  2.603030e-02, -1.349490e-02,
   -2.484295e-02,  3.527350e-02, -9.934256e-03, -2.901051e-02,
   -3.432571e-02,  4.512928e-02, -2.646671e-02,  1.860278e-02,
   -2.738649e-02, -3.054371e-02, -1.016574e-02,  3.461503e-02,
   -3.940970e-02,  6.314348e-03,  8.349757e-03,  1.243616e-02,
    2.324013e-02, -5.789697e-02, -2.538042e-02, -1.777096e-02,
   -1.611841e-02,  1.684261e-03, -3.775425e-02,  6.237771e-03,
    1.096625e-02,  6.490754e-03, -1.049728e-02,  3.368213e-03,
    2.336613e-02,  1.503583e-02, -8.837104e-02, -1.768569e-02,
   -2.229362e-02,  1.536391e-02, -1.606754e-02, -8.927620e-03,
    3.158242e-02,  4.179392e-02, -9.969953e-02,  1.725346e-04,
   -5.282617e-03,  1.981285e-02,  5.088289e-02, -3.510597e-02,
    4.013982e-02, -3.280500e-02, -8.308138e-03,  5.045272e-02,
    1.105012e-02,  3.082429e-02,  5.331821e-02, -1.846660e-02,
    3.225469e-02, -2.481785e-02,  5.332433e-03,  5.247949e-02,
   -6.255048e-02,  6.131138e-02,  2.661402e-02,  8.438658e-02,
   -9.357820e-03,  2.815554e-03, -5.177380e-04, -5.219562e-02,
    4.519439e-02,  2.153096e-02,  5.400600e-02,  2.257935e-03,
   -3.496138e-02,  1.861273e-02, -2.637009e-02,  1.263209e-02,
   -1.196585e-02,  2.549419e-02,  2.514864e-03,  3.186787e-02,
   -2.765587e-02,  2.610315e-02, -2.805934e-02, -1.655448e-02,
    5.207006e-02,  5.509667e-03, -1.572845e-03, -4.456219e-02,
    6.808084e-03,  1.956146e-02, -7.948227e-02,  1.367983e-02,
   -2.762380e-02,  1.058315e-03,  2.842315e-02, -4.201178e-02,
   -4.365479e-02, -8.317029e-03,  2.805915e-02, -2.668528e-02,
   -3.499173e-03,  8.123266e-03,  2.702022e-02, -7.189999e-02,
    4.317232e-02, -6.454937e-02, -2.886520e-02,  2.169387e-02,
   -2.747680e-02, -1.221205e-02,  2.414281e-02, -8.989692e-02,
    1.990226e-02, -5.057315e-02, -2.786535e-02,  3.515404e-02,
    2.247398e-02, -1.924825e-02,  6.093399e-03,  2.846295e-02,
    4.297251e-02, -5.659727e-02,  3.136545e-02,  2.095993e-02,
   -4.584363e-02, -2.312312e-02,  6.272566e-02,  6.708464e-03],
  [-6.600262e-02, -2.318627e-02,  2.644640e-02, -1.356910e-02,
   -2.507692e-02,  3.534892e-02, -9.637048e-03, -2.909126e-02,
   -3.465692e-02,  4.544380e-02, -2.703523e-02,  1.908010e-02,
   -2.779611e-02, -3.122310e-02, -1.019052e-02,  3.472253e-02,
   -3.957006e-02,  6.539217e-03,  8.654574e-03,  1.221432e-02,
    2.275754e-02, -5.821962e-02, -2.562503e-02, -1.824613e-02,
   -1.598319e-02,  2.451790e-03, -3.819502e-02,  6.560691e-03,
    1.124774e-02,  6.517230e-03, -9.938647e-03,  3.945421e-03,
    2.374661e-02,  1.496009e-02, -8.881188e-02, -1.776427e-02,
   -2.261267e-02,  1.599259e-02, -1.586167e-02, -8.510130e-03,
    3.253513e-02,  4.257460e-02, -1.000571e-01,  1.716744e-04,
   -4.765767e-03,  2.059938e-02,  5.148942e-02, -3.549953e-02,
    4.040988e-02, -3.299430e-02, -8.197752e-03,  5.045625e-02,
    1.167254e-02,  3.087983e-02,  5.311814e-02, -1.812571e-02,
    3.278716e-02, -2.423219e-02,  4.997801e-03,  5.340383e-02,
   -6.252067e-02,  6.136740e-02,  2.660963e-02,  8.509330e-02,
   -9.334865e-03,  2.883592e-03, -6.585795e-04, -5.189776e-02,
    4.508137e-02,  2.140363e-02,  5.372379e-02,  2.332602e-03,
   -3.484415e-02,  1.836949e-02, -2.626402e-02,  1.257267e-02,
   -1.216085e-02,  2.549751e-02,  2.359916e-03,  3.180611e-02,
   -2.750709e-02,  2.611027e-02, -2.786665e-02, -1.638976e-02,
    5.200682e-02,  5.751052e-03, -1.760922e-03, -4.444866e-02,
    6.780954e-03,  1.947093e-02, -7.914021e-02,  1.354077e-02,
   -2.744731e-02,  9.838878e-04,  2.850902e-02, -4.189191e-02,
   -4.335069e-02, -8.227133e-03,  2.771405e-02, -2.651045e-02,
   -3.283339e-03,  8.135980e-03,  2.683619e-02, -7.153986e-02,
    4.310372e-02, -6.421633e-02, -2.864492e-02,  2.137158e-02,
   -2.729402e-02, -1.223488e-02,  2.406815e-02, -8.962546e-02,
    1.970897e-02, -5.041731e-02, -2.797313e-02,  3.509145e-02,
    2.250659e-02, -1.899161e-02,  6.116396e-03,  2.829774e-02,
    4.282496e-02, -5.618440e-02,  3.116023e-02,  2.082138e-02,
   -4.555227e-02, -2.288447e-02,  6.253651e-02,  6.722261e-03],
  [-6.577126e-02, -2.347285e-02,  2.684062e-02, -1.364401e-02,
   -2.530439e-02,  3.541591e-02, -9.343911e-03, -2.916425e-02,
   -3.495522e-02,  4.569964e-02, -2.756901e-02,  1.953389e-02,
   -2.817346e-02, -3.185778e-02, -1.020526e-02,  3.480260e-02,
   -3.970983e-02,  6.750694e-03,  8.945272e-03,  1.199917e-02,
    2.229011e-02, -5.850382e-02, -2.586803e-02, -1.867926e-02,
   -1.583293e-02,  3.181420e-03, -3.860921e-02,  6.865310e-03,
    1.151928e-02,  6.546068e-03, -9.402271e-03,  4.491245e-03,
    2.412597e-02,  1.486290e-02, -8.922941e-02, -1.782909e-02,
   -2.288539e-02,  1.657879e-02, -1.565951e-02, -8.105178e-03,
    3.343212e-02,  4.329823e-02, -1.003656e-01,  1.729401e-04,
   -4.273451e-03,  2.134145e-02,  5.205085e-02, -3.586356e-02,
    4.066689e-02, -3.318414e-02, -8.114844e-03,  5.044706e-02,
    1.225904e-02,  3.091528e-02,  5.292074e-02, -1.780233e-02,
    3.328753e-02, -2.366382e-02,  4.679623e-03,  5.425928e-02,
   -6.246966e-02,  6.141085e-02,  2.659471e-02,  8.575237e-02,
   -9.313996e-03,  2.958512e-03, -8.093996e-04, -5.158756e-02,
    4.495158e-02,  2.126708e-02,  5.341855e-02,  2.412010e-03,
   -3.473096e-02,  1.811786e-02, -2.618537e-02,  1.252780e-02,
   -1.237831e-02,  2.551678e-02,  2.201216e-03,  3.173998e-02,
   -2.736914e-02,  2.613178e-02, -2.766689e-02, -1.621136e-02,
    5.192567e-02,  6.002527e-03, -1.946448e-03, -4.434028e-02,
    6.745562e-03,  1.939213e-02, -7.877876e-02,  1.339764e-02,
   -2.727260e-02,  9.136667e-04,  2.859463e-02, -4.176558e-02,
   -4.304600e-02, -8.138801e-03,  2.735431e-02, -2.631031e-02,
   -3.066528e-03,  8.155929e-03,  2.667080e-02, -7.116085e-02,
    4.306803e-02, -6.385501e-02, -2.841058e-02,  2.104108e-02,
   -2.712902e-02, -1.222545e-02,  2.397378e-02, -8.934914e-02,
    1.951869e-02, -5.028211e-02, -2.808138e-02,  3.504133e-02,
    2.252547e-02, -1.873723e-02,  6.122063e-03,  2.813670e-02,
    4.266791e-02, -5.577615e-02,  3.095100e-02,  2.070630e-02,
   -4.525249e-02, -2.263474e-02,  6.236596e-02,  6.743148e-03],
  [-6.554534e-02, -2.373504e-02,  2.721377e-02, -1.371887e-02,
   -2.552459e-02,  3.547556e-02, -9.055994e-03, -2.923192e-02,
   -3.522382e-02,  4.590549e-02, -2.806973e-02,  1.996488e-02,
   -2.852144e-02, -3.245108e-02, -1.021107e-02,  3.486032e-02,
   -3.983149e-02,  6.949023e-03,  9.222819e-03,  1.179115e-02,
    2.183952e-02, -5.875417e-02, -2.610833e-02, -1.907468e-02,
   -1.567280e-02,  3.874619e-03, -3.899827e-02,  7.153246e-03,
    1.178034e-02,  6.576297e-03, -8.889053e-03,  5.007516e-03,
    2.450131e-02,  1.474816e-02, -8.962488e-02, -1.788289e-02,
   -2.311894e-02,  1.712566e-02, -1.546198e-02, -7.714109e-03,
    3.427588e-02,  4.396953e-02, -1.006328e-01,  1.751375e-04,
   -3.805333e-03,  2.204049e-02,  5.257080e-02, -3.620100e-02,
    4.091156e-02, -3.337366e-02, -8.054598e-03,  5.042756e-02,
    1.281120e-02,  3.093463e-02,  5.272814e-02, -1.749605e-02,
    3.375844e-02, -2.311504e-02,  4.377442e-03,  5.505230e-02,
   -6.240315e-02,  6.144462e-02,  2.657229e-02,  8.636739e-02,
   -9.296299e-03,  3.041119e-03, -9.698519e-04, -5.126275e-02,
    4.480005e-02,  2.111714e-02,  5.308701e-02,  2.497691e-03,
   -3.462268e-02,  1.785765e-02, -2.613810e-02,  1.250073e-02,
   -1.261985e-02,  2.555517e-02,  2.037391e-03,  3.166456e-02,
   -2.724352e-02,  2.616863e-02, -2.745915e-02, -1.601677e-02,
    5.182140e-02,  6.265313e-03, -2.129403e-03, -4.423707e-02,
    6.701601e-03,  1.932702e-02, -7.839139e-02,  1.324876e-02,
   -2.709978e-02,  8.500631e-04,  2.867919e-02, -4.162917e-02,
   -4.274163e-02, -8.052324e-03,  2.697850e-02, -2.608100e-02,
   -2.849525e-03,  8.185402e-03,  2.652665e-02, -7.075856e-02,
    4.306981e-02, -6.345934e-02, -2.815679e-02,  2.070036e-02,
   -2.698459e-02, -1.217926e-02,  2.385631e-02, -8.906513e-02,
    1.933069e-02, -5.016923e-02, -2.818968e-02,  3.500260e-02,
    2.252805e-02, -1.848492e-02,  6.107754e-03,  2.798054e-02,
    4.249832e-02, -5.537164e-02,  3.073748e-02,  2.061967e-02,
   -4.494249e-02, -2.237275e-02,  6.221554e-02,  6.771180e-03],
  [-6.532735e-02, -2.397395e-02,  2.756673e-02, -1.379312e-02,
   -2.573697e-02,  3.552884e-02, -8.774304e-03, -2.929601e-02,
   -3.546575e-02,  4.606899e-02, -2.853913e-02,  2.037389e-02,
   -2.884275e-02, -3.300599e-02, -1.020903e-02,  3.490001e-02,
   -3.993732e-02,  7.134594e-03,  9.488105e-03,  1.159055e-02,
    2.140695e-02, -5.897481e-02, -2.634488e-02, -1.943629e-02,
   -1.550687e-02,  4.532797e-03, -3.936364e-02,  7.425864e-03,
    1.203059e-02,  6.607151e-03, -8.399424e-03,  5.495959e-03,
    2.487021e-02,  1.461941e-02, -8.999935e-02, -1.792784e-02,
   -2.331946e-02,  1.763614e-02, -1.526980e-02, -7.337865e-03,
    3.506899e-02,  4.459291e-02, -1.008652e-01,  1.773912e-04,
   -3.360862e-03,  2.269824e-02,  5.305255e-02, -3.651442e-02,
    4.114444e-02, -3.356188e-02, -8.012844e-03,  5.039978e-02,
    1.333066e-02,  3.094123e-02,  5.254177e-02, -1.720635e-02,
    3.420217e-02, -2.258739e-02,  4.090718e-03,  5.578861e-02,
   -6.232564e-02,  6.147103e-02,  2.654472e-02,  8.694158e-02,
   -9.283003e-03,  3.132209e-03, -1.138840e-03, -5.092072e-02,
    4.462074e-02,  2.094857e-02,  5.272586e-02,  2.591447e-03,
   -3.452021e-02,  1.758901e-02, -2.612669e-02,  1.249541e-02,
   -1.288683e-02,  2.561632e-02,  1.866902e-03,  3.157327e-02,
   -2.713170e-02,  2.622148e-02, -2.724266e-02, -1.580340e-02,
    5.168762e-02,  6.540582e-03, -2.309554e-03, -4.413898e-02,
    6.648947e-03,  1.927818e-02, -7.796994e-02,  1.309197e-02,
   -2.692930e-02,  7.960540e-04,  2.876131e-02, -4.147797e-02,
   -4.243898e-02, -7.968065e-03,  2.658542e-02, -2.581836e-02,
   -2.633458e-03,  8.227348e-03,  2.640675e-02, -7.032776e-02,
    4.311391e-02, -6.302256e-02, -2.787715e-02,  2.034731e-02,
   -2.686413e-02, -1.209134e-02,  2.371192e-02, -8.877007e-02,
    1.914411e-02, -5.008021e-02, -2.829717e-02,  3.497344e-02,
    2.251113e-02, -1.823475e-02,  6.070754e-03,  2.783012e-02,
    4.231238e-02, -5.496979e-02,  3.051988e-02,  2.056735e-02,
   -4.462017e-02, -2.209764e-02,  6.208646e-02,  6.806152e-03],
  [-6.511902e-02, -2.419089e-02,  2.790036e-02, -1.386635e-02,
   -2.594113e-02,  3.557657e-02, -8.499685e-03, -2.935764e-02,
   -3.568387e-02,  4.619686e-02, -2.897896e-02,  2.076178e-02,
   -2.913985e-02, -3.352525e-02, -1.020023e-02,  3.492530e-02,
   -4.002937e-02,  7.307905e-03,  9.741907e-03,  1.139755e-02,
    2.099305e-02, -5.916940e-02, -2.657670e-02, -1.976762e-02,
   -1.533834e-02,  5.157324e-03, -3.970668e-02,  7.684319e-03,
    1.226981e-02,  6.638034e-03, -7.933443e-03,  5.958178e-03,
    2.523071e-02,  1.447987e-02, -9.035379e-02, -1.796570e-02,
   -2.349223e-02,  1.811295e-02, -1.508351e-02, -6.977061e-03,
    3.581408e-02,  4.517237e-02, -1.010682e-01,  1.790980e-04,
   -2.939349e-03,  2.331661e-02,  5.349910e-02, -3.680611e-02,
    4.136602e-02, -3.374782e-02, -7.985993e-03,  5.036543e-02,
    1.381908e-02,  3.093782e-02,  5.236253e-02, -1.693260e-02,
    3.462068e-02, -2.208181e-02,  3.818857e-03,  5.647328e-02,
   -6.224076e-02,  6.149187e-02,  2.651379e-02,  8.747789e-02,
   -9.275405e-03,  3.232503e-03, -1.314237e-03, -5.055842e-02,
    4.440640e-02,  2.075483e-02,  5.233197e-02,  2.695336e-03,
   -3.442442e-02,  1.731259e-02, -2.615615e-02,  1.251661e-02,
   -1.318008e-02,  2.570428e-02,  1.688088e-03,  3.145762e-02,
   -2.703497e-02,  2.629063e-02, -2.701705e-02, -1.556879e-02,
    5.151654e-02,  6.829355e-03, -2.486331e-03, -4.404576e-02,
    6.587734e-03,  1.924888e-02, -7.750429e-02,  1.292444e-02,
   -2.676198e-02,  7.552261e-04,  2.883869e-02, -4.130596e-02,
   -4.214000e-02, -7.886441e-03,  2.617425e-02, -2.551790e-02,
   -2.419850e-03,  8.285499e-03,  2.631459e-02, -6.986205e-02,
    4.320529e-02, -6.253706e-02, -2.756410e-02,  1.997980e-02,
   -2.677174e-02, -1.195616e-02,  2.353623e-02, -8.845956e-02,
    1.895803e-02, -5.001640e-02, -2.840229e-02,  3.495111e-02,
    2.247072e-02, -1.798724e-02,  6.008420e-03,  2.768641e-02,
    4.210529e-02, -5.456932e-02,  3.029911e-02,  2.055622e-02,
   -4.428316e-02, -2.180897e-02,  6.197967e-02,  6.847492e-03],
  [-6.492130e-02, -2.438729e-02,  2.821556e-02, -1.393828e-02,
   -2.613687e-02,  3.561945e-02, -8.232844e-03, -2.941760e-02,
   -3.588079e-02,  4.629499e-02, -2.939099e-02,  2.112940e-02,
   -2.941495e-02, -3.401135e-02, -1.018571e-02,  3.493924e-02,
   -4.010946e-02,  7.469536e-03,  9.984918e-03,  1.121223e-02,
    2.059812e-02, -5.934126e-02, -2.680292e-02, -2.007181e-02,
   -1.516968e-02,  5.749542e-03, -4.002870e-02,  7.929591e-03,
    1.249796e-02,  6.668495e-03, -7.490882e-03,  6.395655e-03,
    2.558126e-02,  1.433237e-02, -9.068902e-02, -1.799786e-02,
   -2.364170e-02,  1.855861e-02, -1.490351e-02, -6.632037e-03,
    3.651376e-02,  4.571162e-02, -1.012466e-01,  1.798736e-04,
   -2.540004e-03,  2.389763e-02,  5.391322e-02, -3.707804e-02,
    4.157673e-02, -3.393058e-02, -7.971012e-03,  5.032602e-02,
    1.427811e-02,  3.092666e-02,  5.219100e-02, -1.667416e-02,
    3.501573e-02, -2.159875e-02,  3.561245e-03,  5.711082e-02,
   -6.215134e-02,  6.150853e-02,  2.648086e-02,  8.797894e-02,
   -9.274744e-03,  3.342560e-03, -1.492542e-03, -5.017232e-02,
    4.414842e-02,  2.052787e-02,  5.190251e-02,  2.811627e-03,
   -3.433597e-02,  1.702951e-02, -2.623202e-02,  1.257003e-02,
   -1.349985e-02,  2.582345e-02,  1.499248e-03,  3.130673e-02,
   -2.695423e-02,  2.637582e-02, -2.678244e-02, -1.531070e-02,
    5.129881e-02,  7.132378e-03, -2.658659e-03, -4.395692e-02,
    6.518401e-03,  1.924333e-02, -7.698183e-02,  1.274255e-02,
   -2.659926e-02,  7.317972e-04,  2.890779e-02, -4.110555e-02,
   -4.184737e-02, -7.807903e-03,  2.574463e-02, -2.517491e-02,
   -2.210665e-03,  8.364533e-03,  2.625419e-02, -6.935368e-02,
    4.334876e-02, -6.199458e-02, -2.720898e-02,  1.959580e-02,
   -2.671234e-02, -1.176763e-02,  2.332420e-02, -8.812796e-02,
    1.877151e-02, -4.997877e-02, -2.850245e-02,  3.493182e-02,
    2.240178e-02, -1.774366e-02,  5.918321e-03,  2.755053e-02,
    4.187103e-02, -5.416864e-02,  3.007696e-02,  2.059410e-02,
   -4.392866e-02, -2.150692e-02,  6.189533e-02,  6.894179e-03],
  [-6.473475e-02, -2.456467e-02,  2.851321e-02, -1.400867e-02,
   -2.632410e-02,  3.565809e-02, -7.974347e-03, -2.947632e-02,
   -3.605888e-02,  4.636841e-02, -2.977690e-02,  2.147764e-02,
   -2.967008e-02, -3.446662e-02, -1.016646e-02,  3.494434e-02,
   -4.017920e-02,  7.620109e-03,  1.021771e-02,  1.103463e-02,
    2.022219e-02, -5.949329e-02, -2.702281e-02, -2.035165e-02,
   -1.500277e-02,  6.310767e-03, -4.033094e-02,  8.162515e-03,
    1.271509e-02,  6.698200e-03, -7.071285e-03,  6.809766e-03,
    2.592069e-02,  1.417944e-02, -9.100590e-02, -1.802539e-02,
   -2.377163e-02,  1.897543e-02, -1.473005e-02, -6.302892e-03,
    3.717062e-02,  4.621403e-02, -1.014040e-01,  1.795007e-04,
   -2.161979e-03,  2.444337e-02,  5.429741e-02, -3.733194e-02,
    4.177698e-02, -3.410934e-02, -7.965346e-03,  5.028279e-02,
    1.470939e-02,  3.090958e-02,  5.202744e-02, -1.643032e-02,
    3.538885e-02, -2.113828e-02,  3.317256e-03,  5.770523e-02,
   -6.205959e-02,  6.152207e-02,  2.644694e-02,  8.844725e-02,
   -9.281999e-03,  3.462673e-03, -1.668475e-03, -4.975835e-02,
    4.383669e-02,  2.025802e-02,  5.143526e-02,  2.942727e-03,
   -3.425507e-02,  1.674156e-02, -2.636040e-02,  1.266248e-02,
   -1.384554e-02,  2.597853e-02,  1.298810e-03,  3.110701e-02,
   -2.688965e-02,  2.647586e-02, -2.653980e-02, -1.502746e-02,
    5.102329e-02,  7.449944e-03, -2.824712e-03, -4.387146e-02,
    6.441739e-03,  1.926682e-02, -7.638706e-02,  1.254176e-02,
   -2.644340e-02,  7.305930e-04,  2.896318e-02, -4.086726e-02,
   -4.156446e-02, -7.732894e-03,  2.529678e-02, -2.478455e-02,
   -2.008345e-03,  8.470215e-03,  2.623023e-02, -6.879319e-02,
    4.354865e-02, -6.138625e-02, -2.680211e-02,  1.919347e-02,
   -2.669186e-02, -1.151911e-02,  2.307000e-02, -8.776802e-02,
    1.858376e-02, -4.996765e-02, -2.859375e-02,  3.491032e-02,
    2.229798e-02, -1.750636e-02,  5.798464e-03,  2.742359e-02,
    4.160210e-02, -5.376571e-02,  2.985650e-02,  2.068982e-02,
   -4.355341e-02, -2.119251e-02,  6.183264e-02,  6.944615e-03],
  [-6.455948e-02, -2.472454e-02,  2.879419e-02, -1.407737e-02,
   -2.650285e-02,  3.569299e-02, -7.724635e-03, -2.953403e-02,
   -3.622028e-02,  4.642148e-02, -3.013835e-02,  2.180736e-02,
   -2.990703e-02, -3.489318e-02, -1.014336e-02,  3.494265e-02,
   -4.024002e-02,  7.760277e-03,  1.044079e-02,  1.086470e-02,
    1.986504e-02, -5.962804e-02, -2.723576e-02, -2.060965e-02,
   -1.483902e-02,  6.842304e-03, -4.061460e-02,  8.383819e-03,
    1.292137e-02,  6.726909e-03, -6.674028e-03,  7.201775e-03,
    2.624812e-02,  1.402325e-02, -9.130516e-02, -1.804917e-02,
   -2.388516e-02,  1.936553e-02, -1.456333e-02, -5.989552e-03,
    3.778720e-02,  4.668262e-02, -1.015436e-01,  1.778938e-04,
   -1.804386e-03,  2.495587e-02,  5.465398e-02, -3.756933e-02,
    4.196712e-02, -3.428340e-02, -7.966872e-03,  5.023682e-02,
    1.511449e-02,  3.088810e-02,  5.187195e-02, -1.620038e-02,
    3.574143e-02, -2.070021e-02,  3.086261e-03,  5.826005e-02,
   -6.196718e-02,  6.153328e-02,  2.641275e-02,  8.888505e-02,
   -9.297552e-03,  3.592715e-03, -1.834491e-03, -4.931177e-02,
    4.345937e-02,  1.993386e-02,  5.092896e-02,  3.091043e-03,
   -3.418112e-02,  1.645117e-02, -2.654784e-02,  1.280195e-02,
   -1.421559e-02,  2.617423e-02,  1.085581e-03,  3.084166e-02,
   -2.684033e-02,  2.658841e-02, -2.629117e-02, -1.471824e-02,
    5.067697e-02,  7.781624e-03, -2.981573e-03, -4.378758e-02,
    6.358885e-03,  1.932590e-02, -7.570102e-02,  1.231640e-02,
   -2.629766e-02,  7.569634e-04,  2.899689e-02, -4.057945e-02,
   -4.129539e-02, -7.661790e-03,  2.483160e-02, -2.434188e-02,
   -1.815852e-03,  8.609542e-03,  2.624812e-02, -6.816897e-02,
    4.380834e-02, -6.070273e-02, -2.633303e-02,  1.877140e-02,
   -2.671730e-02, -1.120337e-02,  2.276683e-02, -8.737035e-02,
    1.839438e-02, -4.998227e-02, -2.867040e-02,  3.487979e-02,
    2.215142e-02, -1.727928e-02,  5.647518e-03,  2.730662e-02,
    4.128919e-02, -5.335791e-02,  2.964236e-02,  2.085315e-02,
   -4.315360e-02, -2.086777e-02,  6.178953e-02,  6.996508e-03],
  [-6.439538e-02, -2.486841e-02,  2.905933e-02, -1.414427e-02,
   -2.667319e-02,  3.572461e-02, -7.484026e-03, -2.959083e-02,
   -3.636692e-02,  4.645792e-02, -3.047690e-02,  2.211940e-02,
   -3.012742e-02, -3.529298e-02, -1.011725e-02,  3.493587e-02,
   -4.029315e-02,  7.890699e-03,  1.065457e-02,  1.070235e-02,
    1.952628e-02, -5.974774e-02, -2.744131e-02, -2.084798e-02,
   -1.467945e-02,  7.345426e-03, -4.088080e-02,  8.594131e-03,
    1.311703e-02,  6.754457e-03, -6.298371e-03,  7.572863e-03,
    2.656298e-02,  1.386566e-02, -9.158761e-02, -1.806988e-02,
   -2.398494e-02,  1.973085e-02, -1.440342e-02, -5.691790e-03,
    3.836589e-02,  4.712018e-02, -1.016681e-01,  1.750614e-04,
   -1.466328e-03,  2.543714e-02,  5.498509e-02, -3.779155e-02,
    4.214754e-02, -3.445219e-02, -7.973845e-03,  5.018900e-02,
    1.549496e-02,  3.086342e-02,  5.172445e-02, -1.598365e-02,
    3.607470e-02, -2.028411e-02,  2.867647e-03,  5.877848e-02,
   -6.187537e-02,  6.154277e-02,  2.637884e-02,  8.929443e-02,
   -9.320747e-03,  3.731944e-03, -1.980231e-03, -4.882707e-02,
    4.300281e-02,  1.954224e-02,  5.038372e-02,  3.258777e-03,
   -3.411226e-02,  1.616139e-02, -2.680132e-02,  1.299778e-02,
   -1.460731e-02,  2.641510e-02,  8.591292e-04,  3.049033e-02,
   -2.680373e-02,  2.670947e-02, -2.604013e-02, -1.438345e-02,
    5.024470e-02,  8.125896e-03, -3.124789e-03, -4.370227e-02,
    6.271257e-03,  1.942859e-02, -7.490065e-02,  1.205966e-02,
   -2.616667e-02,  8.165828e-04,  2.899737e-02, -4.022798e-02,
   -4.104502e-02, -7.594805e-03,  2.435075e-02, -2.384203e-02,
   -1.636695e-03,  8.790850e-03,  2.631408e-02, -6.746695e-02,
    4.412959e-02, -5.993444e-02, -2.579087e-02,  1.832882e-02,
   -2.679693e-02, -1.081253e-02,  2.240668e-02, -8.692279e-02,
    1.820368e-02, -5.002039e-02, -2.872411e-02,  3.483139e-02,
    2.195210e-02, -1.706861e-02,  5.465127e-03,  2.720034e-02,
    4.092083e-02, -5.294178e-02,  2.944114e-02,  2.109454e-02,
   -4.272474e-02, -2.053600e-02,  6.176183e-02,  7.046780e-03],
  [-6.424209e-02, -2.499773e-02,  2.930946e-02, -1.420926e-02,
   -2.683531e-02,  3.575334e-02, -7.252734e-03, -2.964671e-02,
   -3.650049e-02,  4.648089e-02, -3.079406e-02,  2.241462e-02,
   -3.033269e-02, -3.566785e-02, -1.008885e-02,  3.492533e-02,
   -4.033968e-02,  8.012028e-03,  1.085941e-02,  1.054748e-02,
    1.920541e-02, -5.985433e-02, -2.763913e-02, -2.106859e-02,
   -1.452479e-02,  7.821402e-03, -4.113062e-02,  8.794010e-03,
    1.330237e-02,  6.780740e-03, -5.943484e-03,  7.924122e-03,
    2.686490e-02,  1.370827e-02, -9.185400e-02, -1.808807e-02,
   -2.407315e-02,  2.007317e-02, -1.425033e-02, -5.409260e-03,
    3.890901e-02,  4.752918e-02, -1.017796e-01,  1.710781e-04,
   -1.146903e-03,  2.588910e-02,  5.529268e-02, -3.799975e-02,
    4.231863e-02, -3.461526e-02, -7.984844e-03,  5.014008e-02,
    1.585227e-02,  3.083652e-02,  5.158480e-02, -1.577945e-02,
    3.638977e-02, -1.988940e-02,  2.660816e-03,  5.926336e-02,
   -6.178513e-02,  6.155097e-02,  2.634557e-02,  8.967733e-02,
   -9.349221e-03,  3.878791e-03, -2.091933e-03, -4.829801e-02,
    4.245146e-02,  1.906846e-02,  4.980157e-02,  3.447637e-03,
   -3.404463e-02,  1.587577e-02, -2.712809e-02,  1.326070e-02,
   -1.501680e-02,  2.670502e-02,  6.203525e-04,  3.002874e-02,
   -2.677496e-02,  2.683290e-02, -2.579212e-02, -1.402525e-02,
    4.970916e-02,  8.479623e-03, -3.247770e-03, -4.361074e-02,
    6.180347e-03,  1.958440e-02, -7.395820e-02,  1.176348e-02,
   -2.605668e-02,  9.151240e-04,  2.894820e-02, -3.979597e-02,
   -4.081877e-02, -7.531823e-03,  2.385665e-02, -2.328029e-02,
   -1.474965e-03,  9.023857e-03,  2.643526e-02, -6.667011e-02,
    4.451172e-02, -5.907188e-02, -2.516513e-02,  1.786589e-02,
   -2.694039e-02, -1.033800e-02,  2.197999e-02, -8.640948e-02,
    1.801330e-02, -5.007738e-02, -2.874327e-02,  3.475413e-02,
    2.168750e-02, -1.688356e-02,  5.252191e-03,  2.710480e-02,
    4.048299e-02, -5.251284e-02,  2.926171e-02,  2.142499e-02,
   -4.226160e-02, -2.020190e-02,  6.174296e-02,  7.091517e-03],
  [-6.409918e-02, -2.511390e-02,  2.954537e-02, -1.427230e-02,
   -2.698941e-02,  3.577949e-02, -7.030878e-03, -2.970157e-02,
   -3.662246e-02,  4.649304e-02, -3.109124e-02,  2.269381e-02,
   -3.052413e-02, -3.601946e-02, -1.005881e-02,  3.491208e-02,
   -4.038053e-02,  8.124894e-03,  1.105561e-02,  1.039993e-02,
    1.890182e-02, -5.994953e-02, -2.782899e-02, -2.127318e-02,
   -1.437554e-02,  8.271471e-03, -4.136505e-02,  8.983954e-03,
    1.347773e-02,  6.805695e-03, -5.608487e-03,  8.256574e-03,
    2.715372e-02,  1.355237e-02, -9.210508e-02, -1.810416e-02,
   -2.415160e-02,  2.039412e-02, -1.410402e-02, -5.141530e-03,
    3.941880e-02,  4.791188e-02, -1.018800e-01,  1.660612e-04,
   -8.452237e-04,  2.631359e-02,  5.557857e-02, -3.819499e-02,
    4.248075e-02, -3.477227e-02, -7.998722e-03,  5.009068e-02,
    1.618782e-02,  3.080819e-02,  5.145272e-02, -1.558711e-02,
    3.668768e-02, -1.951540e-02,  2.465186e-03,  5.971722e-02,
   -6.169712e-02,  6.155822e-02,  2.631318e-02,  9.003560e-02,
   -9.378011e-03,  4.030613e-03, -2.151800e-03, -4.771735e-02,
    4.178780e-02,  1.849684e-02,  4.918691e-02,  3.658438e-03,
   -3.397152e-02,  1.559811e-02, -2.753546e-02,  1.360289e-02,
   -1.543893e-02,  2.704680e-02,  3.722721e-04,  2.942851e-02,
   -2.674606e-02,  2.694988e-02, -2.555491e-02, -1.364808e-02,
    4.905073e-02,  8.837331e-03, -3.341016e-03, -4.350561e-02,
    6.087278e-03,  1.980428e-02, -7.284057e-02,  1.141870e-02,
   -2.597590e-02,  1.057722e-03,  2.882641e-02, -3.926361e-02,
   -4.062238e-02, -7.472179e-03,  2.335242e-02, -2.265219e-02,
   -1.335374e-03,  9.319582e-03,  2.661965e-02, -6.575800e-02,
    4.495048e-02, -5.810593e-02, -2.444666e-02,  1.738418e-02,
   -2.715877e-02, -9.770280e-03,  2.147526e-02, -8.580998e-02,
    1.782696e-02, -5.014535e-02, -2.871192e-02,  3.463446e-02,
    2.134188e-02, -1.673742e-02,  5.011167e-03,  2.701891e-02,
    3.995877e-02, -5.206500e-02,  2.911549e-02,  2.185557e-02,
   -4.175802e-02, -1.987161e-02,  6.172294e-02,  7.125996e-03],
  [-6.396610e-02, -2.521822e-02,  2.976783e-02, -1.433331e-02,
   -2.713573e-02,  3.580333e-02, -6.818483e-03, -2.975533e-02,
   -3.673416e-02,  4.649662e-02, -3.136976e-02,  2.295775e-02,
   -3.070287e-02, -3.634935e-02, -1.002769e-02,  3.489699e-02,
   -4.041652e-02,  8.229907e-03,  1.124344e-02,  1.025952e-02,
    1.861485e-02, -6.003477e-02, -2.801078e-02, -2.146325e-02,
   -1.423201e-02,  8.696846e-03, -4.158507e-02,  9.164426e-03,
    1.364350e-02,  6.829299e-03, -5.292466e-03,  8.571180e-03,
    2.742943e-02,  1.339905e-02, -9.234159e-02, -1.811849e-02,
   -2.422181e-02,  2.069519e-02, -1.396440e-02, -4.888104e-03,
    3.989733e-02,  4.827029e-02, -1.019708e-01,  1.601499e-04,
   -5.604165e-04,  2.671237e-02,  5.584442e-02, -3.837820e-02,
    4.263425e-02, -3.492303e-02, -8.014564e-03,  5.004134e-02,
    1.650294e-02,  3.077907e-02,  5.132799e-02, -1.540598e-02,
    3.696937e-02, -1.916135e-02,  2.280199e-03,  6.014239e-02,
   -6.161182e-02,  6.156475e-02,  2.628184e-02,  9.037089e-02,
   -9.398330e-03,  4.183435e-03, -2.137411e-03, -4.707694e-02,
    4.099253e-02,  1.781164e-02,  4.854711e-02,  3.890573e-03,
   -3.388210e-02,  1.533196e-02, -2.803049e-02,  1.403783e-02,
   -1.586748e-02,  2.744145e-02,  1.211015e-04,  2.865720e-02,
   -2.670496e-02,  2.704835e-02, -2.533887e-02, -1.325930e-02,
    4.824739e-02,  9.190246e-03, -3.391105e-03, -4.337589e-02,
    5.992034e-03,  2.010028e-02, -7.150861e-02,  1.101541e-02,
   -2.593482e-02,  1.248155e-03,  2.860025e-02, -3.860812e-02,
   -4.046147e-02, -7.414300e-03,  2.284180e-02, -2.195360e-02,
   -1.223320e-03,  9.690120e-03,  2.687602e-02, -6.470643e-02,
    4.543680e-02, -5.702838e-02, -2.362925e-02,  1.688712e-02,
   -2.746459e-02, -9.098694e-03,  2.087859e-02, -8.509765e-02,
    1.765162e-02, -5.021168e-02, -2.860833e-02,  3.445628e-02,
    2.089553e-02, -1.664868e-02,  4.746292e-03,  2.693964e-02,
    3.932790e-02, -5.159015e-02,  2.901656e-02,  2.239697e-02,
   -4.120678e-02, -1.955265e-02,  6.168751e-02,  7.144906e-03],
  [-6.384226e-02, -2.531190e-02,  2.997756e-02, -1.439229e-02,
   -2.727455e-02,  3.582512e-02, -6.615509e-03, -2.980786e-02,
   -3.683672e-02,  4.649346e-02, -3.163086e-02,  2.320722e-02,
   -3.086996e-02, -3.665898e-02, -9.995952e-03,  3.488073e-02,
   -4.044833e-02,  8.327648e-03,  1.142315e-02,  1.012605e-02,
    1.834380e-02, -6.011134e-02, -2.818446e-02, -2.164013e-02,
   -1.409436e-02,  9.098717e-03, -4.179155e-02,  9.335850e-03,
    1.380006e-02,  6.851556e-03, -4.994503e-03,  8.868841e-03,
    2.769214e-02,  1.324917e-02, -9.256425e-02, -1.813133e-02,
   -2.428500e-02,  2.097774e-02, -1.383133e-02, -4.648437e-03,
    4.034657e-02,  4.860626e-02, -1.020532e-01,  1.535016e-04,
   -2.916328e-04,  2.708704e-02,  5.609176e-02, -3.855018e-02,
    4.277952e-02, -3.506739e-02, -8.031648e-03,  4.999246e-02,
    1.679891e-02,  3.074964e-02,  5.121028e-02, -1.523545e-02,
    3.723572e-02, -1.882645e-02,  2.105319e-03,  6.054097e-02,
   -6.152955e-02,  6.157072e-02,  2.625165e-02,  9.068476e-02,
   -9.395999e-03,  4.331755e-03, -2.021204e-03, -4.636745e-02,
    4.004487e-02,  1.699883e-02,  4.789305e-02,  4.141338e-03,
   -3.375992e-02,  1.508001e-02, -2.861946e-02,  1.458010e-02,
   -1.629545e-02,  2.788740e-02, -1.223183e-04,  2.767863e-02,
   -2.663449e-02,  2.711253e-02, -2.515710e-02, -1.286977e-02,
    4.727466e-02,  9.525013e-03, -3.379412e-03, -4.320564e-02,
    5.892126e-03,  2.048474e-02, -6.991663e-02,  1.054365e-02,
   -2.594638e-02,  1.487656e-03,  2.822655e-02, -3.780394e-02,
   -4.034097e-02, -7.355224e-03,  2.232886e-02, -2.118080e-02,
   -1.145002e-03,  1.014816e-02,  2.721347e-02, -6.348728e-02,
    4.595516e-02, -5.583209e-02, -2.271176e-02,  1.638084e-02,
   -2.787160e-02, -8.310852e-03,  2.017307e-02, -8.423806e-02,
    1.749905e-02, -5.025708e-02, -2.840345e-02,  3.420083e-02,
    2.032362e-02, -1.664235e-02,  4.463623e-03,  2.686096e-02,
    3.856662e-02, -5.107739e-02,  2.898137e-02,  2.305884e-02,
   -4.059936e-02, -1.925341e-02,  6.161701e-02,  7.142848e-03],
  [-6.372707e-02, -2.539605e-02,  3.017525e-02, -1.444919e-02,
   -2.740615e-02,  3.584507e-02, -6.421845e-03, -2.985904e-02,
   -3.693115e-02,  4.648510e-02, -3.187568e-02,  2.344292e-02,
   -3.102630e-02, -3.694968e-02, -9.964013e-03,  3.486379e-02,
   -4.047656e-02,  8.418661e-03,  1.159496e-02,  9.999306e-03,
    1.808794e-02, -6.018034e-02, -2.835010e-02, -2.180498e-02,
   -1.396267e-02,  9.478236e-03, -4.198536e-02,  9.498620e-03,
    1.394784e-02,  6.872488e-03, -4.713678e-03,  9.150414e-03,
    2.794208e-02,  1.310342e-02, -9.277377e-02, -1.814290e-02,
   -2.434219e-02,  2.124304e-02, -1.370467e-02, -4.421959e-03,
    4.076838e-02,  4.892144e-02, -1.021284e-01,  1.462650e-04,
   -3.804997e-05,  2.743919e-02,  5.632201e-02, -3.871172e-02,
    4.291692e-02, -3.520530e-02, -8.049415e-03,  4.994439e-02,
    1.707692e-02,  3.072028e-02,  5.109929e-02, -1.507494e-02,
    3.748754e-02, -1.850985e-02,  1.940032e-03,  6.091482e-02,
   -6.145050e-02,  6.157622e-02,  2.622264e-02,  9.097867e-02,
   -9.349391e-03,  4.468432e-03, -1.770181e-03, -4.557810e-02,
    3.892331e-02,  1.604874e-02,  4.723921e-02,  4.405077e-03,
   -3.358109e-02,  1.484314e-02, -2.930724e-02,  1.524474e-02,
   -1.671555e-02,  2.837956e-02, -3.407449e-04,  2.645383e-02,
   -2.651132e-02,  2.712276e-02, -2.502517e-02, -1.249445e-02,
    4.610539e-02,  9.821989e-03, -3.280496e-03, -4.297241e-02,
    5.780462e-03,  2.096887e-02, -6.801204e-02,  9.994739e-03,
   -2.602609e-02,  1.773206e-03,  2.764735e-02, -3.682324e-02,
   -4.026419e-02, -7.289857e-03,  2.181765e-02, -2.033044e-02,
   -1.107600e-03,  1.070616e-02,  2.764070e-02, -6.206869e-02,
    4.648160e-02, -5.451151e-02, -2.170116e-02,  1.587507e-02,
   -2.839443e-02, -7.391837e-03,  1.933822e-02, -8.318674e-02,
    1.738778e-02, -5.025319e-02, -2.805874e-02,  3.384723e-02,
    1.959492e-02, -1.675122e-02,  4.170762e-03,  2.677226e-02,
    3.764737e-02, -5.051222e-02,  2.902797e-02,  2.384895e-02,
   -3.992571e-02, -1.898225e-02,  6.148506e-02,  7.115300e-03],
  [-6.361990e-02, -2.547171e-02,  3.036160e-02, -1.450402e-02,
   -2.753083e-02,  3.586335e-02, -6.237333e-03, -2.990878e-02,
   -3.701831e-02,  4.647282e-02, -3.210533e-02,  2.366557e-02,
   -3.117273e-02, -3.722268e-02, -9.932204e-03,  3.484656e-02,
   -4.050170e-02,  8.503453e-03,  1.175909e-02,  9.879060e-03,
    1.784654e-02, -6.024269e-02, -2.850779e-02, -2.195884e-02,
   -1.383693e-02,  9.836528e-03, -4.216728e-02,  9.653117e-03,
    1.408724e-02,  6.892132e-03, -4.449080e-03,  9.416699e-03,
    2.817954e-02,  1.296231e-02, -9.297088e-02, -1.815338e-02,
   -2.439422e-02,  2.149223e-02, -1.358422e-02, -4.208079e-03,
    4.116449e-02,  4.921729e-02, -1.021973e-01,  1.385924e-04,
    2.011263e-04,  2.777024e-02,  5.653645e-02, -3.886349e-02,
    4.304681e-02, -3.533679e-02, -8.067434e-03,  4.989740e-02,
    1.733807e-02,  3.069131e-02,  5.099470e-02, -1.492387e-02,
    3.772559e-02, -1.821073e-02,  1.783845e-03,  6.126569e-02,
   -6.137478e-02,  6.158138e-02,  2.619485e-02,  9.125398e-02,
   -9.226889e-03,  4.584819e-03, -1.345956e-03, -4.469608e-02,
    3.760684e-02,  1.496032e-02,  4.660358e-02,  4.672162e-03,
   -3.331209e-02,  1.461935e-02, -3.009624e-02,  1.604634e-02,
   -1.712091e-02,  2.890836e-02, -5.083673e-04,  2.494263e-02,
   -2.630508e-02,  2.705585e-02, -2.496008e-02, -1.215290e-02,
    4.470935e-02,  1.005312e-02, -3.060142e-03, -4.264518e-02,
    5.642011e-03,  2.156023e-02, -6.573544e-02,  9.363513e-03,
   -2.619180e-02,  2.095177e-03,  2.678608e-02, -3.563680e-02,
   -4.023194e-02, -7.209987e-03,  2.131175e-02, -1.939966e-02,
   -1.119528e-03,  1.137505e-02,  2.816444e-02, -6.041586e-02,
    4.698158e-02, -5.306251e-02, -2.061655e-02,  1.538455e-02,
   -2.904779e-02, -6.322935e-03,  1.834941e-02, -8.188640e-02,
    1.734576e-02, -5.015920e-02, -2.752356e-02,  3.337334e-02,
    1.866990e-02, -1.701687e-02,  3.875969e-03,  2.665618e-02,
    3.653898e-02, -4.987534e-02,  2.917427e-02,  2.477238e-02,
   -3.917369e-02, -1.874583e-02,  6.125689e-02,  7.060318e-03],
  [-6.352019e-02, -2.553979e-02,  3.053722e-02, -1.455676e-02,
   -2.764888e-02,  3.588014e-02, -6.061769e-03, -2.995696e-02,
   -3.709897e-02,  4.645764e-02, -3.232078e-02,  2.387584e-02,
   -3.130998e-02, -3.747914e-02, -9.900797e-03,  3.482936e-02,
   -4.052417e-02,  8.582497e-03,  1.191576e-02,  9.765066e-03,
    1.761888e-02, -6.029919e-02, -2.865771e-02, -2.210262e-02,
   -1.371705e-02,  1.017468e-02, -4.233807e-02,  9.799697e-03,
    1.421868e-02,  6.910536e-03, -4.199834e-03,  9.668476e-03,
    2.840489e-02,  1.282622e-02, -9.315622e-02, -1.816292e-02,
   -2.444179e-02,  2.172639e-02, -1.346979e-02, -4.006206e-03,
    4.153655e-02,  4.949520e-02, -1.022605e-01,  1.306161e-04,
    4.266597e-04,  2.808152e-02,  5.673628e-02, -3.900610e-02,
    4.316954e-02, -3.546194e-02, -8.085378e-03,  4.985168e-02,
    1.758344e-02,  3.066294e-02,  5.089615e-02, -1.478173e-02,
    3.795059e-02, -1.792824e-02,  1.636288e-03,  6.159510e-02,
   -6.130242e-02,  6.158620e-02,  2.616826e-02,  9.151193e-02,
   -8.983777e-03,  4.671258e-03, -7.053850e-04, -4.370547e-02,
    3.607726e-02,  1.374730e-02,  4.600630e-02,  4.927767e-03,
   -3.290774e-02,  1.440260e-02, -3.098501e-02,  1.699732e-02,
   -1.750575e-02,  2.945873e-02, -5.883973e-04,  2.310637e-02,
   -2.597794e-02,  2.688645e-02, -2.497839e-02, -1.186944e-02,
    4.305238e-02,  1.017926e-02, -2.672979e-03, -4.218206e-02,
    5.448789e-03,  2.225882e-02, -6.302115e-02,  8.651845e-03,
   -2.646301e-02,  2.434070e-03,  2.554318e-02, -3.421560e-02,
   -4.024139e-02, -7.102900e-03,  2.081379e-02, -1.838619e-02,
   -1.190788e-03,  1.216228e-02,  2.878699e-02, -5.849282e-02,
    4.740751e-02, -5.148178e-02, -1.949468e-02,  1.493102e-02,
   -2.984525e-02, -5.079704e-03,  1.717752e-02, -8.026341e-02,
    1.741325e-02, -4.991765e-02, -2.673197e-02,  3.275763e-02,
    1.749818e-02, -1.749001e-02,  3.586273e-03,  2.648545e-02,
    3.520695e-02, -4.914164e-02,  2.943493e-02,  2.583049e-02,
   -3.832838e-02, -1.854626e-02,  6.088769e-02,  6.981366e-03],
  [-6.342739e-02, -2.560114e-02,  3.070271e-02, -1.460744e-02,
   -2.776061e-02,  3.589557e-02, -5.894913e-03, -3.000353e-02,
   -3.717377e-02,  4.644039e-02, -3.252298e-02,  2.407436e-02,
   -3.143872e-02, -3.772012e-02, -9.870014e-03,  3.481237e-02,
   -4.054435e-02,  8.656235e-03,  1.206517e-02,  9.657084e-03,
    1.740424e-02, -6.035060e-02, -2.880005e-02, -2.223713e-02,
   -1.360291e-02,  1.049374e-02, -4.249842e-02,  9.938707e-03,
    1.434257e-02,  6.927757e-03, -3.965087e-03,  9.906471e-03,
    2.861851e-02,  1.269540e-02, -9.333049e-02, -1.817163e-02,
   -2.448547e-02,  2.194648e-02, -1.336116e-02, -3.815748e-03,
    4.188607e-02,  4.975640e-02, -1.023188e-01,  1.224616e-04,
    6.392821e-04,  2.837429e-02,  5.692260e-02, -3.914014e-02,
    4.328546e-02, -3.558088e-02, -8.103012e-03,  4.980742e-02,
    1.781400e-02,  3.063535e-02,  5.080337e-02, -1.464798e-02,
    3.816322e-02, -1.766157e-02,  1.496918e-03,  6.190454e-02,
   -6.123340e-02,  6.159075e-02,  2.614284e-02,  9.175369e-02,
   -8.558554e-03,  4.718211e-03,  1.979205e-04, -4.258518e-02,
    3.432275e-02,  1.244736e-02,  4.546693e-02,  5.150494e-03,
   -3.230937e-02,  1.418190e-02, -3.196632e-02,  1.810529e-02,
   -1.786598e-02,  3.000928e-02, -5.306454e-04,  2.091181e-02,
   -2.548524e-02,  2.658998e-02, -2.509249e-02, -1.167291e-02,
    4.109487e-02,  1.014696e-02, -2.059677e-03, -4.152765e-02,
    5.152454e-03,  2.305098e-02, -5.979883e-02,  7.874217e-03,
   -2.685969e-02,  2.756113e-03,  2.379188e-02, -3.253287e-02,
   -4.028516e-02, -6.949561e-03,  2.032502e-02, -1.728888e-02,
   -1.333322e-03,  1.306914e-02,  2.950214e-02, -5.626554e-02,
    4.769607e-02, -4.976515e-02, -1.839721e-02,  1.454622e-02,
   -3.079724e-02, -3.629212e-03,  1.578911e-02, -7.822340e-02,
    1.764608e-02, -4.944928e-02, -2.559875e-02,  3.198223e-02,
    1.601501e-02, -1.822934e-02,  3.303908e-03,  2.621855e-02,
    3.361433e-02, -4.827891e-02,  2.981627e-02,  2.701989e-02,
   -3.737069e-02, -1.837680e-02,  6.032041e-02,  6.891775e-03],
  [-6.334093e-02, -2.565650e-02,  3.085864e-02, -1.465605e-02,
   -2.786631e-02,  3.590977e-02, -5.736500e-03, -3.004840e-02,
   -3.724330e-02,  4.642176e-02, -3.271280e-02,  2.426176e-02,
   -3.155955e-02, -3.794661e-02, -9.840025e-03,  3.479577e-02,
   -4.056255e-02,  8.725068e-03,  1.220753e-02,  9.554866e-03,
    1.720193e-02, -6.039744e-02, -2.893505e-02, -2.236311e-02,
   -1.349437e-02,  1.079471e-02, -4.264900e-02,  1.007048e-02,
    1.445932e-02,  6.943851e-03, -3.744019e-03,  1.013138e-02,
    2.882084e-02,  1.257002e-02, -9.349427e-02, -1.817961e-02,
   -2.452572e-02,  2.215342e-02, -1.325811e-02, -3.636121e-03,
    4.221448e-02,  5.000197e-02, -1.023725e-01,  1.142361e-04,
    8.396952e-04,  2.864971e-02,  5.709643e-02, -3.926613e-02,
    4.339490e-02, -3.569377e-02, -8.120163e-03,  4.976469e-02,
    1.803069e-02,  3.060865e-02,  5.071603e-02, -1.452215e-02,
    3.836412e-02, -1.740989e-02,  1.365305e-03,  6.219530e-02,
   -6.116765e-02,  6.159503e-02,  2.611859e-02,  9.198035e-02,
   -7.868828e-03,  4.718312e-03,  1.410753e-03, -4.130537e-02,
    3.234384e-02,  1.113501e-02,  4.499897e-02,  5.310916e-03,
   -3.144445e-02,  1.394125e-02, -3.302454e-02,  1.936883e-02,
   -1.819861e-02,  3.053166e-02, -2.696406e-04,  1.833683e-02,
   -2.477794e-02,  2.614830e-02, -2.530483e-02, -1.159575e-02,
    3.878895e-02,  9.884679e-03, -1.143778e-03, -4.061011e-02,
    4.673637e-03,  2.390061e-02, -5.599658e-02,  7.066083e-03,
   -2.740019e-02,  3.007320e-03,  2.137456e-02, -3.056696e-02,
   -4.035097e-02, -6.722325e-03,  1.984539e-02, -1.610896e-02,
   -1.561217e-03,  1.408682e-02,  3.028860e-02, -5.370744e-02,
    4.776558e-02, -4.790395e-02, -1.742055e-02,  1.427632e-02,
   -3.190837e-02, -1.926154e-03,  1.414753e-02, -7.564575e-02,
    1.811850e-02, -4.864703e-02, -2.401455e-02,  3.103791e-02,
    1.413606e-02, -1.929782e-02,  3.020010e-03,  2.579353e-02,
    3.172274e-02, -4.724680e-02,  3.030807e-02,  2.833147e-02,
   -3.627500e-02, -1.821524e-02,  5.948362e-02,  6.821605e-03],
  [-6.326035e-02, -2.570654e-02,  3.100556e-02, -1.470262e-02,
   -2.796627e-02,  3.592284e-02, -5.586239e-03, -3.009156e-02,
   -3.730804e-02,  4.640227e-02, -3.289103e-02,  2.443862e-02,
   -3.167302e-02, -3.815953e-02, -9.810963e-03,  3.477967e-02,
   -4.057903e-02,  8.789365e-03,  1.234306e-02,  9.458160e-03,
    1.701127e-02, -6.044027e-02, -2.906295e-02, -2.248120e-02,
   -1.339124e-02,  1.107855e-02, -4.279042e-02,  1.019534e-02,
    1.456929e-02,  6.958881e-03, -3.535848e-03,  1.034389e-02,
    2.901232e-02,  1.245014e-02, -9.364824e-02, -1.818695e-02,
   -2.456295e-02,  2.234804e-02, -1.316043e-02, -3.466758e-03,
    4.252310e-02,  5.023298e-02, -1.024223e-01,  1.060269e-04,
    1.028569e-03,  2.890887e-02,  5.725868e-02, -3.938458e-02,
    4.349820e-02, -3.580079e-02, -8.136710e-03,  4.972360e-02,
    1.823436e-02,  3.058293e-02,  5.063382e-02, -1.440379e-02,
    3.855392e-02, -1.717245e-02,  1.241042e-03,  6.246861e-02,
   -6.110512e-02,  6.159906e-02,  2.609543e-02,  9.219291e-02,
   -6.807026e-03,  4.669797e-03,  2.975524e-03, -3.982113e-02,
    3.016276e-02,  9.939648e-03,  4.460015e-02,  5.370217e-03,
   -3.022906e-02,  1.366129e-02, -3.413221e-02,  2.077099e-02,
   -1.849921e-02,  3.099048e-02,  2.756914e-04,  1.537806e-02,
   -2.380829e-02,  2.555902e-02, -2.559924e-02, -1.167187e-02,
    3.607368e-02,  9.298721e-03,  1.717507e-04, -3.933794e-02,
    3.886910e-03,  2.473663e-02, -5.154607e-02,  6.296400e-03,
   -2.809834e-02,  3.105488e-03,  1.810152e-02, -2.830461e-02,
   -4.042268e-02, -6.382215e-03,  1.937435e-02, -1.485283e-02,
   -1.890331e-03,  1.519108e-02,  3.110011e-02, -5.080738e-02,
    4.751358e-02, -4.587838e-02, -1.670882e-02,  1.418898e-02,
   -3.317364e-02,  9.237863e-05,  1.221565e-02, -7.237667e-02,
    1.892432e-02, -4.736958e-02, -2.184001e-02,  2.993132e-02,
    1.174993e-02, -2.075442e-02,  2.703959e-03,  2.511917e-02,
    2.949402e-02, -4.599673e-02,  3.087122e-02,  2.974940e-02,
   -3.500508e-02, -1.801440e-02,  5.828908e-02,  6.827844e-03],
  [-6.318518e-02, -2.575186e-02,  3.114397e-02, -1.474719e-02,
   -2.806077e-02,  3.593490e-02, -5.443832e-03, -3.013296e-02,
   -3.736845e-02,  4.638236e-02, -3.305843e-02,  2.460551e-02,
   -3.177963e-02, -3.835974e-02, -9.782922e-03,  3.476414e-02,
   -4.059400e-02,  8.849471e-03,  1.247197e-02,  9.366719e-03,
    1.683162e-02, -6.047954e-02, -2.918404e-02, -2.259196e-02,
   -1.329335e-02,  1.134621e-02, -4.292325e-02,  1.031359e-02,
    1.467288e-02,  6.972908e-03, -3.339828e-03,  1.054461e-02,
    2.919343e-02,  1.233578e-02, -9.379290e-02, -1.819371e-02,
   -2.459748e-02,  2.253111e-02, -1.306788e-02, -3.307105e-03,
    4.281320e-02,  5.045034e-02, -1.024685e-01,  9.791608e-05,
    1.206542e-03,  2.915278e-02,  5.741022e-02, -3.949592e-02,
    4.359566e-02, -3.590215e-02, -8.152580e-03,  4.968419e-02,
    1.842584e-02,  3.055825e-02,  5.055646e-02, -1.429246e-02,
    3.873316e-02, -1.694848e-02,  1.123740e-03,  6.272557e-02,
   -6.104572e-02,  6.160286e-02,  2.607335e-02,  9.239231e-02,
   -5.236460e-03,  4.581855e-03,  4.922604e-03, -3.806226e-02,
    2.783814e-02,  9.070206e-03,  4.423622e-02,  5.279324e-03,
   -2.857602e-02,  1.332443e-02, -3.524578e-02,  2.226925e-02,
   -1.875480e-02,  3.134349e-02,  1.199091e-03,  1.206051e-02,
   -2.254092e-02,  2.485036e-02, -2.592858e-02, -1.193292e-02,
    3.286767e-02,  8.269051e-03,  2.007886e-03, -3.759650e-02,
    2.600070e-03,  2.543595e-02, -4.639098e-02,  5.685903e-03,
   -2.895955e-02,  2.929394e-03,  1.375449e-02, -2.574427e-02,
   -4.048364e-02, -5.876069e-03,  1.891350e-02, -1.353770e-02,
   -2.336522e-03,  1.633477e-02,  3.185045e-02, -4.758220e-02,
    4.681475e-02, -4.364601e-02, -1.647156e-02,  1.438420e-02,
   -3.457379e-02,  2.513665e-03,  9.961324e-03, -6.822044e-02,
    2.017419e-02, -4.543560e-02, -1.889851e-02,  2.869545e-02,
    8.707128e-03, -2.263874e-02,  2.285733e-03,  2.406237e-02,
    2.689160e-02, -4.447322e-02,  3.141955e-02,  3.124991e-02,
   -3.350715e-02, -1.768877e-02,  5.662969e-02,  7.009113e-03],
  [-6.311501e-02, -2.579299e-02,  3.127437e-02, -1.478978e-02,
   -2.815009e-02,  3.594601e-02, -5.308969e-03, -3.017260e-02,
   -3.742487e-02,  4.636233e-02, -3.321569e-02,  2.476296e-02,
   -3.187983e-02, -3.854803e-02, -9.755970e-03,  3.474921e-02,
   -4.060765e-02,  8.905698e-03,  1.259449e-02,  9.280297e-03,
    1.666237e-02, -6.051564e-02, -2.929858e-02, -2.269593e-02,
   -1.320049e-02,  1.159855e-02, -4.304802e-02,  1.042554e-02,
    1.477044e-02,  6.985993e-03, -3.155247e-03,  1.073417e-02,
    2.936461e-02,  1.222688e-02, -9.392887e-02, -1.819995e-02,
   -2.462957e-02,  2.270337e-02, -1.298024e-02, -3.156633e-03,
    4.308590e-02,  5.065492e-02, -1.025115e-01,  8.996252e-05,
    1.374222e-03,  2.938237e-02,  5.755181e-02, -3.960060e-02,
    4.368759e-02, -3.599808e-02, -8.167728e-03,  4.964648e-02,
    1.860587e-02,  3.053462e-02,  5.048368e-02, -1.418775e-02,
    3.890244e-02, -1.673725e-02,  1.013028e-03,  6.296723e-02,
   -6.098930e-02,  6.160642e-02,  2.605231e-02,  9.257939e-02,
   -2.988917e-03,  4.482632e-03,  7.258345e-03, -3.591659e-02,
    2.548760e-02,  8.848281e-03,  4.381465e-02,  4.979322e-03,
   -2.641322e-02,  1.292565e-02, -3.630026e-02,  2.377992e-02,
   -1.892865e-02,  3.154200e-02,  2.597864e-03,  8.448868e-03,
   -2.097260e-02,  2.410319e-02, -2.619880e-02, -1.240187e-02,
    2.905776e-02,  6.645638e-03,  4.512323e-03, -3.524409e-02,
    5.263162e-04,  2.580140e-02, -4.049961e-02,  5.433330e-03,
   -2.997669e-02,  2.303965e-03,  8.099205e-03, -2.289819e-02,
   -4.052448e-02, -5.134214e-03,  1.847209e-02, -1.220216e-02,
   -2.910983e-03,  1.743699e-02,  3.239141e-02, -4.409396e-02,
    4.552016e-02, -4.112257e-02, -1.700774e-02,  1.501162e-02,
   -3.607012e-02,  5.457620e-03,  7.366855e-03, -6.292890e-02,
    2.198482e-02, -4.262079e-02, -1.496748e-02,  2.740334e-02,
    4.803817e-03, -2.494425e-02,  1.627259e-03,  2.242952e-02,
    2.388079e-02, -4.261879e-02,  3.179350e-02,  3.279961e-02,
   -3.169820e-02, -1.709633e-02,  5.437865e-02,  7.526180e-03],
  [-6.304945e-02, -2.583038e-02,  3.139722e-02, -1.483044e-02,
   -2.823449e-02,  3.595627e-02, -5.181333e-03, -3.021048e-02,
   -3.747766e-02,  4.634245e-02, -3.336344e-02,  2.491148e-02,
   -3.197405e-02, -3.872513e-02, -9.730146e-03,  3.473492e-02,
   -4.062016e-02,  8.958330e-03,  1.271086e-02,  9.198649e-03,
    1.650291e-02, -6.054889e-02, -2.940688e-02, -2.279358e-02,
   -1.311246e-02,  1.183643e-02, -4.316525e-02,  1.053148e-02,
    1.486231e-02,  6.998196e-03, -2.981440e-03,  1.091315e-02,
    2.952635e-02,  1.212336e-02, -9.405664e-02, -1.820572e-02,
   -2.465947e-02,  2.286547e-02, -1.289728e-02, -3.014834e-03,
    4.334232e-02,  5.084753e-02, -1.025514e-01,  8.221929e-05,
    1.532187e-03,  2.959851e-02,  5.768418e-02, -3.969901e-02,
    4.377429e-02, -3.608878e-02, -8.182132e-03,  4.961046e-02,
    1.877516e-02,  3.051206e-02,  5.041522e-02, -1.408927e-02,
    3.906225e-02, -1.653809e-02,  9.085537e-04,  6.319456e-02,
   -6.093577e-02,  6.160977e-02,  2.603226e-02,  9.275502e-02,
    1.344615e-04,  4.430806e-03,  9.946557e-03, -3.320401e-02,
    2.332227e-02,  9.751588e-03,  4.314334e-02,  4.404666e-03,
   -2.371925e-02,  1.249265e-02, -3.720315e-02,  2.515418e-02,
   -1.893073e-02,  3.153044e-02,  4.553164e-03,  4.659055e-03,
   -1.916608e-02,  2.348200e-02, -2.625011e-02, -1.308239e-02,
    2.448313e-02,  4.246167e-03,  7.860487e-03, -3.210714e-02,
   -2.751934e-03,  2.553475e-02, -3.388329e-02,  5.852349e-03,
   -3.112681e-02,  9.795129e-04,  9.137919e-04, -1.979119e-02,
   -4.055759e-02, -4.070055e-03,  1.807760e-02, -1.092486e-02,
   -3.610037e-03,  1.836699e-02,  3.248064e-02, -4.047376e-02,
    4.345793e-02, -3.815126e-02, -1.873896e-02,  1.629779e-02,
   -3.759961e-02,  9.086194e-03,  4.444346e-03, -5.618816e-02,
    2.445322e-02, -3.866146e-02, -9.767733e-03,  2.618529e-02,
   -2.420191e-04, -2.757479e-02,  4.764858e-04,  1.993914e-02,
    2.042587e-02, -4.038480e-02,  3.172309e-02,  3.435253e-02,
   -2.944672e-02, -1.601481e-02,  5.139162e-02,  8.629236e-03],
  [-6.298815e-02, -2.586447e-02,  3.151293e-02, -1.486921e-02,
   -2.831423e-02,  3.596576e-02, -5.060607e-03, -3.024664e-02,
   -3.752711e-02,  4.632292e-02, -3.350230e-02,  2.505156e-02,
   -3.206266e-02, -3.889174e-02, -9.705475e-03,  3.472128e-02,
   -4.063163e-02,  9.007630e-03,  1.282128e-02,  9.121542e-03,
    1.635270e-02, -6.057958e-02, -2.950921e-02, -2.288534e-02,
   -1.302906e-02,  1.206066e-02, -4.327544e-02,  1.063171e-02,
    1.494881e-02,  7.009575e-03, -2.817772e-03,  1.108210e-02,
    2.967909e-02,  1.202507e-02, -9.417670e-02, -1.821108e-02,
   -2.468737e-02,  2.301805e-02, -1.281879e-02, -2.881221e-03,
    4.358344e-02,  5.102888e-02, -1.025887e-01,  7.472042e-05,
    1.680987e-03,  2.980202e-02,  5.780802e-02, -3.979154e-02,
    4.385604e-02, -3.617451e-02, -8.195787e-03,  4.957612e-02,
    1.893437e-02,  3.049059e-02,  5.035081e-02, -1.399666e-02,
    3.921309e-02, -1.635032e-02,  8.099828e-04,  6.340843e-02,
   -6.088502e-02,  6.161287e-02,  2.601316e-02,  9.291989e-02,
    4.355856e-03,  4.532002e-03,  1.287978e-02, -2.963673e-02,
    2.169823e-02,  1.246960e-02,  4.186737e-02,  3.492126e-03,
   -2.058723e-02,  1.212006e-02, -3.782779e-02,  2.614057e-02,
   -1.856419e-02,  3.124256e-02,  7.092687e-03,  8.667569e-04,
   -1.730604e-02,  2.327510e-02, -2.583857e-02, -1.394159e-02,
    1.891422e-02,  8.561971e-04,  1.225286e-02, -2.797342e-02,
   -7.828019e-03,  2.420717e-02, -2.662198e-02,  7.422053e-03,
   -3.237191e-02, -1.398294e-03, -7.957208e-03, -1.645190e-02,
   -4.064208e-02, -2.584215e-03,  1.779406e-02, -9.856368e-03,
   -4.394970e-03,  1.891867e-02,  3.173582e-02, -3.695287e-02,
    4.043642e-02, -3.445439e-02, -2.225543e-02,  1.858892e-02,
   -3.907242e-02,  1.361269e-02,  1.258919e-03, -4.760320e-02,
    2.760459e-02, -3.327107e-02, -2.950625e-03,  2.524783e-02,
   -6.825099e-03, -3.027656e-02, -1.605450e-03,  1.618083e-02,
    1.648023e-02, -3.775408e-02,  3.077648e-02,  3.584398e-02,
   -2.654163e-02, -1.411207e-02,  4.751564e-02,  1.069195e-02],
  [-6.293078e-02, -2.589561e-02,  3.162193e-02, -1.490614e-02,
   -2.838954e-02,  3.597452e-02, -4.946474e-03, -3.028109e-02,
   -3.757348e-02,  4.630387e-02, -3.363283e-02,  2.518366e-02,
   -3.214601e-02, -3.904852e-02, -9.681960e-03,  3.470829e-02,
   -4.064220e-02,  9.053838e-03,  1.292600e-02,  9.048749e-03,
    1.621119e-02, -6.060797e-02, -2.960586e-02, -2.297161e-02,
   -1.295008e-02,  1.227198e-02, -4.337898e-02,  1.072648e-02,
    1.503027e-02,  7.020185e-03, -2.663645e-03,  1.124156e-02,
    2.982328e-02,  1.193188e-02, -9.428953e-02, -1.821605e-02,
   -2.471345e-02,  2.316166e-02, -1.274456e-02, -2.755331e-03,
    4.381022e-02,  5.119968e-02, -1.026234e-01,  6.749772e-05,
    1.821144e-03,  2.999368e-02,  5.792391e-02, -3.987854e-02,
    4.393309e-02, -3.625550e-02, -8.208703e-03,  4.954344e-02,
    1.908413e-02,  3.047016e-02,  5.029022e-02, -1.390956e-02,
    3.935546e-02, -1.617331e-02,  7.169955e-04,  6.360967e-02,
   -6.083690e-02,  6.161580e-02,  2.599497e-02,  9.307471e-02,
    9.901305e-03,  4.961338e-03,  1.583106e-02, -2.475783e-02,
    2.119302e-02,  1.797025e-02,  3.937349e-02,  2.199960e-03,
   -1.733333e-02,  1.202463e-02, -3.801382e-02,  2.632616e-02,
   -1.743252e-02,  3.059441e-02,  1.012684e-02, -2.693311e-03,
   -1.578825e-02,  2.394059e-02, -2.462763e-02, -1.488071e-02,
    1.202971e-02, -3.767836e-03,  1.790814e-02, -2.258012e-02,
   -1.552138e-02,  2.123501e-02, -1.889862e-02,  1.085394e-02,
   -3.366563e-02, -5.332862e-03, -1.850951e-02, -1.289220e-02,
   -4.091785e-02, -5.774839e-04,  1.775205e-02, -9.270597e-03,
   -5.156151e-03,  1.876642e-02,  2.957149e-02, -3.390200e-02,
    3.624748e-02, -2.955952e-02, -2.837482e-02,  2.241527e-02,
   -4.036633e-02,  1.930779e-02, -2.039040e-03, -3.667983e-02,
    3.129678e-02, -2.618116e-02,  5.916671e-03,  2.489838e-02,
   -1.549775e-02, -3.253443e-02, -5.357530e-03,  1.055186e-02,
    1.196156e-02, -3.477855e-02,  2.828996e-02,  3.717982e-02,
   -2.264280e-02, -1.091222e-02,  4.261203e-02,  1.424902e-02],
  [-4.125946e-02, -2.107821e-02,  2.314423e-02, -1.000398e-02,
   -1.934257e-02,  2.656738e-02, -2.008607e-03, -2.608187e-02,
   -2.330374e-02,  5.001596e-02, -3.665122e-02,  2.168896e-02,
   -2.120486e-02, -3.894389e-02, -1.147794e-02,  2.695419e-02,
   -3.424695e-02,  7.163137e-03,  1.569931e-02,  1.597203e-04,
    8.125152e-03, -4.947280e-02, -2.516840e-02, -2.535840e-02,
   -1.588454e-02,  2.493409e-02, -3.658997e-02,  1.088227e-02,
    1.728144e-02, -2.856151e-03,  3.819487e-03,  1.603128e-02,
    2.364197e-02,  7.216269e-03, -7.553826e-02, -1.537166e-02,
   -2.756318e-02,  1.994288e-02, -7.616982e-03,  6.036189e-04,
    4.897653e-02,  5.518055e-02, -8.526874e-02, -1.268579e-03,
    3.067163e-03,  2.702734e-02,  5.623976e-02, -3.354037e-02,
    4.059021e-02, -3.659702e-02,  4.700385e-03,  4.134877e-02,
    2.515497e-02,  2.611047e-02,  3.861093e-02, -1.014863e-02,
    4.109912e-02, -3.988400e-03, -6.206541e-05,  6.564061e-02,
   -5.577471e-02,  4.232422e-02,  2.038021e-02,  8.678988e-02,
    1.711392e-02,  6.181980e-03,  1.807773e-02, -1.788296e-02,
    2.280798e-02,  2.739832e-02,  3.440988e-02,  6.479724e-04,
   -1.440368e-02,  1.255798e-02, -3.640439e-02,  2.523557e-02,
   -1.485312e-02,  2.932552e-02,  1.350453e-02, -5.693281e-03,
   -1.559170e-02,  2.699098e-02, -2.232330e-02, -1.555983e-02,
    3.321186e-03, -9.847283e-03,  2.545105e-02, -1.535681e-02,
   -2.719374e-02,  1.526718e-02, -1.106765e-02,  1.707701e-02,
   -3.494597e-02, -1.165502e-02, -3.088829e-02, -9.019230e-03,
   -4.164476e-02,  1.898961e-03,  1.785941e-02, -9.584720e-03,
   -5.539657e-03,  1.730722e-02,  2.515078e-02, -3.125490e-02,
    3.045436e-02, -2.219247e-02, -3.726671e-02,  2.804655e-02,
   -4.164214e-02,  2.658896e-02, -5.195988e-03, -2.228064e-02,
    3.379562e-02, -1.690394e-02,  1.724286e-02,  2.522042e-02,
   -2.691907e-02, -3.311791e-02, -1.188756e-02,  2.251844e-03,
    6.817798e-03, -3.163582e-02,  2.286042e-02,  3.736441e-02,
   -1.728747e-02, -5.737408e-03,  3.591928e-02,  1.969901e-02],
  [-2.239882e-02, -3.397989e-02,  5.531978e-03,  9.715979e-03,
    1.993696e-02,  2.189934e-02, -3.494596e-02, -2.759730e-02,
   -2.591267e-02,  4.918223e-02, -1.925371e-02, -2.014742e-03,
   -4.317468e-03, -1.317431e-02,  2.314122e-03,  1.287982e-02,
   -6.104570e-03, -1.869072e-02, -1.161811e-02,  7.934678e-03,
    3.187666e-02, -2.428055e-02,  7.305511e-03, -7.816692e-03,
    7.311934e-03,  1.733668e-02, -9.805802e-03,  6.172570e-03,
   -3.099502e-03, -1.274170e-02, -1.676259e-02,  4.721218e-03,
   -2.050502e-02,  3.508309e-02, -4.099164e-02,  1.715534e-03,
    4.698131e-05, -1.509506e-02,  2.062135e-03, -1.639719e-02,
    2.774155e-02,  3.661890e-02, -6.464777e-02,  9.325767e-03,
   -2.889970e-02,  5.092483e-03,  3.003204e-02,  1.091350e-03,
    2.103723e-02, -7.681322e-03,  3.613798e-02,  7.790271e-03,
    2.187325e-02, -2.671192e-02,  2.962836e-02, -4.794647e-03,
    2.064643e-02, -1.739994e-02,  3.648307e-02,  2.045873e-02,
   -3.830820e-02,  4.620327e-02,  2.170066e-02,  4.340633e-02,
    2.502275e-02,  4.591339e-03,  1.298858e-02, -1.796910e-02,
    3.375417e-02,  3.568788e-02,  3.177991e-02, -7.785514e-03,
   -1.753140e-02,  1.192062e-02, -3.458426e-02,  2.529759e-02,
   -1.236233e-02,  2.676458e-02,  1.758959e-02, -5.428304e-03,
   -2.064035e-02,  4.452459e-02, -1.754370e-02, -1.433114e-02,
    4.652713e-03, -2.246651e-03,  2.167211e-02, -9.280035e-03,
   -2.887336e-02,  9.311372e-03, -1.335755e-02,  1.503634e-02,
   -2.925274e-02, -2.266081e-02, -2.883453e-02, -8.608031e-03,
   -4.081754e-02, -6.889016e-04,  1.702566e-02, -1.222958e-02,
   -8.358505e-03,  2.319316e-02,  1.767742e-02, -3.472341e-02,
    2.534916e-02, -1.296803e-02, -3.612840e-02,  2.400079e-02,
   -3.515177e-02,  2.134333e-02,  1.142647e-04, -2.362213e-02,
    3.170760e-02, -1.182887e-02,  1.732638e-02,  3.603681e-02,
   -2.732310e-02, -3.305451e-02, -2.282477e-02, -8.091886e-04,
    3.201769e-03, -1.298726e-02,  2.850836e-02,  3.677328e-02,
   -1.551755e-02, -4.470120e-03,  3.010322e-02,  2.126042e-02]]]


============================================================
Camada: bidirectional_3
Shape: (1, 64)
============================================================

[[ 0.00646 ,  0.044838, -0.006987,  0.013634,  0.138786,  0.003727,
   0.156973,  0.04163 , -0.096376,  0.088423,  0.087307, -0.119151,
  -0.002892, -0.119615,  0.08102 ,  0.040254,  0.133419,  0.118099,
   0.050178, -0.065761,  0.063758, -0.060514, -0.024374,  0.022444,
   0.066803, -0.06559 , -0.138173, -0.064624, -0.079424, -0.192176,
   0.130207, -0.151234, -0.008673, -0.028815, -0.061212,  0.012162,
   0.063069,  0.082551, -0.135395,  0.052267,  0.01952 , -0.10368 ,
   0.11501 , -0.055135, -0.12211 , -0.115265,  0.059448,  0.074828,
   0.05106 ,  0.049603, -0.035402, -0.016037,  0.018755,  0.006926,
  -0.147672,  0.042092, -0.001473,  0.075605,  0.116384,  0.154746,
   0.136101,  0.02067 ,  0.07456 , -0.119501]]


============================================================
Camada: dropout_2
Shape: (1, 64)
============================================================

[[ 0.00646 ,  0.044838, -0.006987,  0.013634,  0.138786,  0.003727,
   0.156973,  0.04163 , -0.096376,  0.088423,  0.087307, -0.119151,
  -0.002892, -0.119615,  0.08102 ,  0.040254,  0.133419,  0.118099,
   0.050178, -0.065761,  0.063758, -0.060514, -0.024374,  0.022444,
   0.066803, -0.06559 , -0.138173, -0.064624, -0.079424, -0.192176,
   0.130207, -0.151234, -0.008673, -0.028815, -0.061212,  0.012162,
   0.063069,  0.082551, -0.135395,  0.052267,  0.01952 , -0.10368 ,
   0.11501 , -0.055135, -0.12211 , -0.115265,  0.059448,  0.074828,
   0.05106 ,  0.049603, -0.035402, -0.016037,  0.018755,  0.006926,
  -0.147672,  0.042092, -0.001473,  0.075605,  0.116384,  0.154746,
   0.136101,  0.02067 ,  0.07456 , -0.119501]]


============================================================
Camada: dense_2
Shape: (1, 32)
============================================================

[[0.      , 0.248116, 0.      , 0.      , 0.      , 0.      , 0.312813,
  0.      , 0.      , 0.      , 0.      , 0.      , 0.      , 0.372877,
  0.      , 0.      , 0.269158, 0.508978, 0.319364, 0.267848, 0.      ,
  0.      , 0.502315, 0.      , 0.502411, 0.42526 , 0.400171, 0.      ,
  0.      , 0.      , 0.      , 0.465697]]


============================================================
Camada: dropout_3
Shape: (1, 32)
============================================================

[[0.      , 0.248116, 0.      , 0.      , 0.      , 0.      , 0.312813,
  0.      , 0.      , 0.      , 0.      , 0.      , 0.      , 0.372877,
  0.      , 0.      , 0.269158, 0.508978, 0.319364, 0.267848, 0.      ,
  0.      , 0.502315, 0.      , 0.502411, 0.42526 , 0.400171, 0.      ,
  0.      , 0.      , 0.      , 0.465697]]


============================================================
Camada: dense_3
Shape: (1, 1)
============================================================

[[0.259088]]

